"entidade","entidade_id","festival_id","fonte_id","título","url","tipo","edição","seção","estado_evidência","confiança","verificado_em","acessado_em","campos","observação"
"festival","festival-001","festival-001","festival-001-source-regulation-2026","Regulamentos e inscrições do 59º Festival de Brasília","https://festcinebrasilia.com.br/inscricoes/","oficial","59ª edição / 2026","Regulamento da seleção e edital do 28º Troféu Câmara Legislativa","confirmado na edição atual","confirmado","2026-10-04","2026-10-04","location | activity | formats | languages | duration | productionYear | countries | regions | pf | pj | premiere | opening | deadlines | eventDates | resubmission","A página reúne duas chamadas distintas. Há um lapso textual que menciona a 58ª edição no passo de inscrição, mas datas, título, contexto e demais itens identificam a 59ª edição de 2026."
"festival","festival-001","festival-001","festival-001-source-program-2026","Informações práticas e balanço de programação da 59ª edição","https://festcinebrasilia.com.br/59-fbcb-informacoes-praticas/","oficial","59ª edição / 2026","Programação, inscrições, seleção e Ambiente de Mercado","confirmado na edição atual","confirmado","2026-10-04","2026-10-04","relevance | programmingReach | industryOpportunities | activity",""
"festival","festival-002","festival-002","festival-002-source-regulation-2026","Regulamento das mostras brasileiras do 54º Festival de Cinema de Gramado","https://inscricoescinema.com.br/wp-content/themes/inscricoes-festival/images/docs/Regulamento-LMB-LMDB-CMB-54o-Festival-de-Cinema-de-Gramado.pdf","oficial","54ª edição / 2026","Regulamento integral — longas de ficção, longas documentais e curtas brasileiros","confirmado na edição atual","confirmado","2026-10-04","2026-10-04","location | activity | formats | languages | duration | productionYear | countries | premiere | online | pf | pj | opening | deadlines | eventDates | materials","Lido integralmente (18 páginas). O próprio documento remete as mostras gaúchas a regulamentos separados, não localizados na pesquisa deste lote."
"festival","festival-002","festival-002","festival-002-source-program-2026","Guia da programação do 54º Festival de Cinema de Gramado","https://festivaldecinemadegramado.com/noticias/guia-da-programacao-54-festival","oficial","54ª edição / 2026","Programação e dimensões da edição","confirmado na edição atual","confirmado","2026-10-04","2026-10-04","activity | categories | eventDates | relevance",""
"festival","festival-003","festival-003","festival-003-source-regulation-2026","Regulamento do 37º Curta Kinoforum","https://2026.kinoforum.org/sobre-o-festival/regulamento","oficial","37ª edição / 2026","Regulamento integral","confirmado na edição atual","confirmado","2026-10-04","2026-10-04","location | activity | formats | languages | duration | creditsIncluded | productionYear | countries | premiere | online | deadlines | eventDates | resubmission | materials",""
"festival","festival-003","festival-003","festival-003-source-program-2026","Site oficial da 37ª edição","https://2026.kinoforum.org/","oficial","37ª edição / 2026","Balanço de inscrições e atividades","confirmado na edição atual","confirmado","2026-10-04","2026-10-04","relevance | programmingReach | industryOpportunities | activity",""
"festival","festival-004","festival-004","festival-004-source-regulation-2027","Regulamento nacional da 36ª edição do Curta Cinema","https://curtacinema.com.br/regulamento-nacional-35-edicao/","oficial","36ª edição / 2027","Regulamento integral","confirmado na edição atual","confirmado","2026-10-04","2026-10-04","location | activity | formats | duration | productionYear | countries | premiere | opening | deadlines | fees | eventDates | selectionType | online","Apesar do slug mencionar a 35ª edição, o conteúdo identifica expressamente a 36ª edição, de 17 a 24/03/2027."
"festival","festival-004","festival-004","festival-004-source-selection-2026","Seleção oficial 2026 do Curta Cinema","https://curtacinema.com.br/filmes-selecionados-2026/","oficial","35ª edição / 2026","Balanço da seleção","confirmado na edição atual","confirmado","2026-10-04","2026-10-04","relevance | programmingReach",""
"festival","festival-004","festival-004","festival-004-source-history","Apresentação e histórico do Curta Cinema","https://curtacinema.com.br/sobre/","oficial","Histórico consultado em 2026","Apresentação","confirmado na edição atual","confirmado","2026-10-04","2026-10-04","relevance | curatorialHistory | specializedImportance",""
"festival","festival-004","festival-004","festival-004-source-academy-99","99th Academy Awards — Short Film Qualifying Festival List","https://www.oscars.org/sites/oscars/files/2026-05/99AA_Shorts%20Qualifying%20Festivals.pdf","oficial","99ª edição do Oscar","Rio de Janeiro International Short Film Festival","confirmado na edição atual","confirmado","2026-10-04","2026-10-04","relevance | awardQualification",""
"festival","festival-005","festival-005","festival-005-source-regulation-2026","Regulamento do 31º É Tudo Verdade","https://etudoverdade.com.br/inscricao_2026_/Regulamento-E-Tudo-Verdade-2026.pdf","oficial","31ª edição / 2026","Regulamento integral","confirmado na edição atual","confirmado","2026-10-04","2026-10-04","location | activity | formats | languages | duration | productionYear | countries | premiere | online | pf | pj | fees | opening | deadlines | eventDates | resubmission | materials | relevance","O edital foi lido integralmente. Restrições de estreia e histórico online variam entre as categorias brasileiras; o documento não declara equivalentes para as competições internacionais."
"festival","festival-006","festival-006","festival-006-source-call-2027","Chamada oficial para filmes da 30ª Mostra de Cinema de Tiradentes","https://mostratiradentes.com.br/2026/n/30a-mostra-de-cinema-de-tiradentes-abre-inscricoes-para-filmes-brasileiros-e-o-seu-filme-pode-fazer-parte-desta-edicao-historica/","oficial","30ª edição / 2027","Página oficial da chamada","confirmado na edição atual","parcial","2026-10-04","2026-10-04","location | activity | formats | duration | productionYear | premiere | fees | opening | deadlines | eventDates | categories","A página oficial foi lida integralmente e resume as categorias; o PDF integral referido no portal de inscrições não foi extraído diretamente."
"festival","festival-007","festival-007","festival-007-source-regulation-2026","Regulamento Première Brasil 2026","https://festivaldorio.s3.us-east-1.amazonaws.com/2026/regulamento-premiere-brasil-2026/regulamento-premiere-brasil-2026.pdf","oficial","28ª edição / 2026","Regulamento integral","confirmado na edição atual","confirmado","2026-10-04","2026-10-04","location | formats | languages | duration | productionYear | countries | premiere | online | pf | pj | opening | deadlines | eventDates | materials",""
"festival","festival-007","festival-007","festival-007-source-extension-2026","Prorrogação das inscrições da Première Brasil 2026","https://www.festivaldorio.com.br/br/noticias/festival-do-rio-2026-inscricoes-prorrogadas-para-a-premiere-brasil","oficial","28ª edição / 2026","Retificação de prazo e perguntas frequentes","confirmado na edição atual","confirmado","2026-10-04","2026-10-04","fees | deadlines | pf | pj | relevance",""
"festival","festival-007","festival-007","festival-007-source-selection-2026","Seleção da Première Brasil 2026","https://www.festivaldorio.com.br/br/noticias/festival-do-rio-2026-anuncia-os-filmes-selecionados-para-a-premiere-brasil-a-principal-vitrine-do-cinema-brasileiro","oficial","28ª edição / 2026","Seleção e alcance","confirmado na edição atual","confirmado","2026-10-04","2026-10-04","activity | categories | relevance",""
"festival","festival-008","festival-008","festival-008-source-regulation-attempt-2026","Regulamento de filmes do 15º Olhar de Cinema","https://olhardecinema.com.br/regulamento/filme?lang=pt","oficial","15ª edição / 2026","Tentativa de acesso ao regulamento oficial","não localizado","não verificado","2026-10-04","2026-10-04","categories | duration | countries | premiere | fees | deadlines","A URL oficial foi localizada, mas o conteúdo atual não pôde ser recuperado integralmente pela ferramenta de leitura."
"festival","festival-008","festival-008","festival-008-source-call-secondary-2026","Call for Entry 2026 — Olhar de Cinema","https://asianfilmfestivals.com/2026/01/20/olhar-de-cinema-curitiba-international-film-festival-call-for-entry-2026/","fonte secundária","15ª edição / 2026","Resumo secundário da chamada","confirmado na edição atual","parcial","2026-10-04","2026-10-04","location | activity | formats | duration | productionYear | deadlines | eventDates | fees","Usada somente para campos explicitamente publicados; não substitui a leitura do regulamento oficial."
"festival","festival-008","festival-008","festival-008-source-call-local-2026","Festival Internacional de Curitiba está com inscrições abertas","https://criptocultural.com.br/festival-internacional-de-curitiba-esta-com-inscricoes-abertas/","fonte secundária","15ª edição / 2026","Cobertura local da chamada","confirmado na edição atual","parcial","2026-10-04","2026-10-04","fees | deadlines | eventDates","Confirma gratuidade para filmes brasileiros e cobrança em euros para estrangeiros, sem substituir o edital."
"festival","festival-009","festival-009","festival-009-source-regulation-2026","Edital 03/2026 — 28º FestCurtasBH","https://fcs.mg.gov.br/wp-content/uploads/2026/03/Edital_Regulation_28oFestCurtasBH_2026.FINAL_.pdf","oficial","28ª edição / 2026","Edital e anexos integrais","confirmado na edição atual","confirmado","2026-10-04","2026-10-04","location | activity | formats | languages | duration | productionYear | countries | pf | pj | fees | opening | deadlines | eventDates | online | materials | awards","O edital em português e inglês foi lido integralmente. A versão inglesa do cronograma diverge em um dia para o resultado; foi preservida a data de 21/09 repetida no corpo e no cronograma em português."
"festival","festival-009","festival-009","festival-009-source-program-2026","Abertura de inscrições do 28º FestCurtasBH","https://fcs.mg.gov.br/evento/abertura-de-inscricoes-para-o-28o-festcurtasbh-festival-internacional-de-curtas-de-belo-horizonte/","oficial","28ª edição / 2026","Apresentação, categorias, premiação, atividades e itinerância","confirmado na edição atual","confirmado","2026-10-04","2026-10-04","activity | programmingReach | industryOpportunities | relevance",""
"festival","festival-010","festival-010","festival-010-source-site-attempt-2026","Site oficial do Janela Internacional de Cinema do Recife","https://janeladecinema.com.br/","oficial","site consultado em 2026","Página inicial desatualizada","não localizado","não verificado","2026-10-04","2026-10-04","location | activity | eventDates | categories","O site exibe conteúdo da 15ª edição sem ano e não publica regulamento ou chamada atual identificável."
"festival","festival-010","festival-010","festival-010-source-event-2025","XVI Janela Internacional de Cinema do Recife","https://www.sympla.com.br/evento/xvi-janela-internacional-de-cinema-do-recife/3195400","fonte secundária","16ª edição / 2025","Página pública do evento","confirmado em edição anterior","parcial","2026-10-04","2026-10-04","location | activity | eventDates","Fonte secundária usada para documentar a última edição localizada; não confirma atividade ou chamada em 2026."
"festival","festival-011","festival-011","festival-011-source-call-2026","Portal oficial de inscrições do 36º Cine Ceará","https://cineceara.com/inscricoes/es/home-es.html","oficial","36ª edição / 2026","Chamada e condições publicadas no portal oficial","confirmado na edição atual","parcial","2026-10-04","2026-10-04","location | activity | categories | formats | languages | duration | productionYear | countries | premiere | fees | opening | deadlines | eventDates | materials | relevance","O portal oficial atual foi localizado e indexado, mas seu tamanho impediu a leitura integral direta; as regras estruturadas são as explicitamente publicadas na página da chamada."
"festival","festival-012","festival-012","festival-012-source-regulation-2026","Regulamento das Mostras Competitivas do Cine PE 2026","https://festivalcinepe.com.br/wp-content/uploads/2025/11/Regulamento.pdf","oficial","30ª edição / 2026","Regulamento integral (8 páginas)","confirmado na edição atual","confirmado","2026-10-04","2026-10-04","location | activity | categories | formats | languages | duration | countries | premiere | opening | deadlines | eventDates | materials | relevance","Lido integralmente. O documento não declara taxa de inscrição, ano de produção, histórico online ou natureza física/jurídica do responsável."
"festival","festival-013","festival-013","festival-013-source-regulation-2026","Regulamento do 33º Festival de Cinema de Vitória","https://festivaldevitoria.com.br/33fv/regulamento/","oficial","33ª edição / 2026","Regulamento integral","confirmado na edição atual","confirmado","2026-10-04","2026-10-04","location | activity | categories | formats | duration | productionYear | countries | premiere | pf | pj | fees | opening | deadlines | eventDates | resubmission | materials | relevance",""
"festival","festival-014","festival-014","festival-014-source-regulation-2027","Regulamento / Rules and Terms Panorama 2027","https://panorama.coisadecinema.com.br/wp-content/uploads/2026/09/Regulamento_Rules-and-Terms_Panorama2027.pdf","oficial","22ª edição / 2027","Regulamento integral","confirmado na edição atual","confirmado","2026-10-04","2026-10-04","location | activity | categories | formats | languages | duration | productionYear | countries | premiere | online | pf | pj | fees | deadlines | eventDates | resubmission | materials | relevance","Lido integralmente. O documento não informa a data de abertura da chamada."
"festival","festival-014","festival-014","festival-014-source-signup-2027","Página oficial de inscrições Panorama 2027","https://panorama.coisadecinema.com.br/inscricoes/","oficial","22ª edição / 2027","Inscrição e formulários","confirmado na edição atual","confirmado","2026-10-04","2026-10-04","activity | categories | fees | deadlines | eventDates",""
"festival","festival-015","festival-015","festival-015-source-site-2026","Site oficial do Festival MixBrasil","https://rede.mixbrasil.org.br/","oficial","34ª edição / 2026","Identidade e edição atual","confirmado na edição atual","confirmado","2026-10-04","2026-10-04","location | activity | eventDates | relevance",""
"festival","festival-015","festival-015","festival-015-source-filmfreeway-2026","Festival MixBrasil — regras e taxas no FilmFreeway","https://filmfreeway.com/FestivalMixBrasil","plataforma de inscrição","34ª edição / 2026","Página oficial de inscrição e regras","confirmado na edição atual","confirmado","2026-10-04","2026-10-04","categories | formats | languages | duration | productionYear | countries | premiere | pf | pj | fees | opening | deadlines | eventDates | materials | relevance",""
"festival","festival-016","festival-016","festival-016-source-site-2027","Site oficial do Fantaspoa","https://fantaspoa.com/","oficial","23ª edição / 2027","Identidade, histórico e edição","confirmado na edição atual","confirmado","2026-10-04","2026-10-04","location | activity | eventDates | relevance",""
"festival","festival-016","festival-016","festival-016-source-filmfreeway-2027","Fantaspoa — regras e taxas 2027","https://filmfreeway.com/fantaspoa","plataforma de inscrição","23ª edição / 2027","Regras integrais e tabela de taxas no FilmFreeway","confirmado na edição atual","confirmado","2026-10-04","2026-10-04","categories | formats | languages | duration | productionYear | premiere | online | pf | pj | fees | opening | deadlines | eventDates | materials | relevance",""
"festival","festival-017","festival-017","festival-017-source-edition-2026","FICA 2026 reformula premiação","https://fica.go.gov.br/n/199834-fica-2026-reformula-premiacao-e-garante-distribuicao-igualitaria-entre-categorias-tecnicas","oficial","27ª edição / 2026","Edição, competições e premiação","confirmado na edição atual","confirmado","2026-10-04","2026-10-04","location | activity | categories | eventDates | relevance",""
"festival","festival-017","festival-017","festival-017-source-competitions-2026","Mostras competitivas FICA 2026","https://fica.go.gov.br/p/61398-mostras-competitivas-2026","oficial","27ª edição / 2026","Descrição das mostras","confirmado na edição atual","confirmado","2026-10-04","2026-10-04","categories | themes | relevance",""
"festival","festival-017","festival-017","festival-017-source-addendum-2026","Termo Aditivo 02/2026 — calendário da seleção do FICA","https://goias.gov.br/lista-de-filmes-selecionados-para-fica-2026-sera-divulgada-nesta-sexta-feira/","oficial","27ª edição / 2026","Retificação de resultado e envio de cópias","confirmado na edição atual","confirmado","2026-10-04","2026-10-04","activity | resultDate | materials | eventDates","A notícia oficial documenta o termo aditivo que moveu o resultado para 22 de maio e as cópias para 31 de maio."
"festival","festival-017","festival-017","festival-017-source-platform-attempt-2026","Plataforma Plateia Editais — chamadas FICA 2026","https://web.ufg.br/plateia-editais/","oficial","27ª edição / 2026","Tentativa de leitura dos editais CP01, CP02, CP03 e CP04","não localizado","não verificado","2026-10-04","2026-10-04","duration | productionYear | countries | premiere | online | pf | pj | fees | opening | deadlines","A plataforma dinâmica confirmou referências às quatro chamadas, mas não expôs anexos/regulamentos integrais à ferramenta de leitura; regras ausentes não foram inferidas."
"festival","festival-018","festival-018","festival-018-source-territories-2026","Regulamento Territórios e Memória 2026","https://ecofalante.org.br/competicao/territorios-2026","oficial","15ª edição / 2026","Regulamento integral da competição","confirmado na edição atual","confirmado","2026-10-04","2026-10-04","location | categories | formats | languages | productionYear | countries | premiere | pf | pj | fees | deadlines | eventDates | materials",""
"festival","festival-018","festival-018","festival-018-source-student-2026","Regulamento Curta Ecofalante 2026","https://ecofalante.org.br/competicao/curta-2026","oficial","15ª edição / 2026","Regulamento integral da competição estudantil","confirmado na edição atual","confirmado","2026-10-04","2026-10-04","categories | formats | duration | productionYear | countries | pf | pj | fees | deadlines | materials",""
"festival","festival-018","festival-018","festival-018-source-opening-2026","Inscrições abertas para a Ecofalante 2026","https://ecofalante.org.br/blog/ecofalante-inscricoes-abertas-2026/","oficial","15ª edição / 2026","Abertura e gratuidade","confirmado na edição atual","confirmado","2026-10-04","2026-10-04","activity | fees | opening | deadlines",""
"festival","festival-018","festival-018","festival-018-source-program-2026","Programação da 15ª Mostra Ecofalante","https://ecofalante.org.br/programacao","oficial","15ª edição / 2026","Datas e programação","confirmado na edição atual","confirmado","2026-10-04","2026-10-04","location | activity | eventDates | relevance",""
"festival","festival-020","festival-020","festival-020-source-call-2026","Inscrições de filmes para a 20ª CineBH","https://universoproducao.com.br/news/inscricoes-de-filmes-para-a-20a-cinebh-mostra-internacional-de-cinema-de-belo-horizonte-estao-abertas-ate-24-de-abril/","oficial","20ª edição / 2026","Chamada oficial resumida","confirmado na edição atual","parcial","2026-10-04","2026-10-04","location | activity | categories | formats | productionYear | countries | fees | opening | deadlines","Página oficial da organizadora lida integralmente; o regulamento completo vinculado não permaneceu disponível na listagem atual de inscrições."
"festival","festival-020","festival-020","festival-020-source-program-2026","20ª CineBH anuncia 102 filmes","https://cinebh.com.br/n/20a-cinebh-anuncia-102-filmes-homenagem-a-paz-encina-e-estreia-de-conceicao-evaristo-como-atriz/","oficial","20ª edição / 2026","Programação e alcance","confirmado na edição atual","confirmado","2026-10-04","2026-10-04","activity | categories | eventDates | relevance",""
"festival","festival-020","festival-020","festival-020-source-history-2026","CineBH celebra 20 anos de trajetória","https://cinebh.com.br/n/cinebh-celebra-20-anos-de-uma-trajetoria-que-transformou-belo-horizonte-em-territorio-de-cinema/","oficial","20ª edição / 2026","Histórico e Brasil CineMundi","confirmado na edição atual","confirmado","2026-10-04","2026-10-04","activity | industry | relevance",""
"festival","festival-021","festival-021","festival-021-source-regulation-2026","Regulamento de inscrições 2026 da Mostra de Cinema Infantil","https://www.mostradecinemainfantil.com.br/registration-2026/","oficial","25ª edição / 2026","Regulamento integral publicado no site","confirmado na edição atual","parcial","2026-10-04","2026-10-04","location | activity | categories | formats | duration | countries | premiere | pf | pj | fees | deadlines | eventDates | materials | relevance","A página foi lida integralmente, mas apresenta conflito: o título anuncia inscrição internacional e o item 3.1 descreve a Competição Nacional. O prazo também chama 24/5/2026 de segunda-feira, embora a data caia num domingo."
"festival","festival-021","festival-021","festival-021-source-signup-2026","Página de inscrições da 25ª Mostra de Cinema Infantil","https://www.mostradecinemainfantil.com.br/inscricoes/","oficial","25ª edição / 2026","Inscrição e edição atual","confirmado na edição atual","parcial","2026-10-04","2026-10-04","activity | categories | deadlines | eventDates",""
"festival","festival-022","festival-022","festival-022-source-call-2026","Inscrições forumdoc.bh 2026 (encerradas)","https://www.forumdoc.org.br/noticias/inscricoes-forumdoc-bh-2026","oficial","30ª edição / 2026","Página oficial da chamada encerrada","confirmado na edição atual","parcial","2026-10-04","2026-10-04","location | activity | categories | formats | productionYear | countries | eventDates","A página oficial atual foi lida integralmente, mas não publica regulamento, datas de inscrição, taxa, duração por faixa, estreia ou pessoa autorizada."
"festival","festival-022","festival-022","festival-022-source-history-2025","Territórios da intimidade no documentário brasileiro contemporâneo","https://www.forumdoc.org.br/ensaios/territorios-da-intimidade-no-documentario-brasileiro-contemporaneo","oficial","29ª edição / 2025","Inscrições e curadoria da edição anterior","confirmado em edição anterior","edição anterior","2026-10-04","2026-10-04","programmingReach | relevance","Usada apenas para contextualizar alcance: 433 inscrições brasileiras em 2025; não fornece regras de 2026."
"festival","festival-023","festival-023","festival-023-source-call-2026","Goiânia Mostra Curtas abre período de inscrições","https://agencia.go.gov.br/goiania-mostra-curtas-abre-periodo-de-inscricoes/","oficial","24ª edição / 2026","Comunicado oficial da chamada","confirmado na edição atual","parcial","2026-10-04","2026-10-04","location | activity | categories | formats | duration | productionYear | countries | deadlines | eventDates | relevance","Comunicado oficial lido; o site próprio/regulamento integral não ficou acessível. Taxa, estreia, online e pessoa autorizada não foram inferidos."
"festival","festival-024","festival-024","festival-024-source-site-2026","Site oficial do FAM 2026","https://www.famdetodos.com.br/home","oficial","30ª edição / 2026","Edição e inscrição","confirmado na edição atual","confirmado","2026-10-04","2026-10-04","location | activity | eventDates | relevance",""
"festival","festival-024","festival-024","festival-024-source-regulation-2026","Regulamento FAM 2026","https://drive.google.com/file/d/161OjVB49PRxfa5VO-Tpk_8VDf7-0qC1w/view?usp=sharing","oficial","30ª edição / 2026","Regulamento integral","confirmado na edição atual","confirmado","2026-10-04","2026-10-04","location | activity | categories | formats | languages | duration | productionYear | countries | premiere | online | pf | pj | opening | deadlines | eventDates | resubmission | materials | relevance","PDF oficial baixado e lido integralmente. Há um erro tipográfico no quadro de datas ('FAM20256'); as datas numéricas de 2026 foram preservadas. O documento não informa taxa de inscrição."
"festival","festival-025","festival-025","festival-025-source-regulation-2026","Regulamento do 21º Fest Aruanda","https://festaruanda.com.br/sistema/uploads/arquivos/regulamento/regulamento-festaruanda.pdf","oficial","21ª edição / 2026","Regulamento oficial","confirmado na edição atual","parcial","2026-10-04","2026-10-04","location | activity | categories | formats | duration | productionYear | countries | fees | opening | deadlines | eventDates | materials","O PDF oficial atual foi indexado e seus itens de inscrição foram lidos; a ferramenta retornou erro ao abrir o arquivo completo, portanto estreia, online e disposições finais permanecem não localizadas."
"festival","festival-025","festival-025","festival-025-source-call-2026","Fest Aruanda ano 21 abre inscrições","https://mail.festaruanda.com.br/noticias/fest-aruanda-ano-21-abre-inscricoes-para-curtas-e-longas-","oficial","21ª edição / 2026","Comunicado oficial da chamada","confirmado na edição atual","confirmado","2026-10-04","2026-10-04","activity | categories | formats | duration | fees | opening | deadlines | eventDates | relevance",""
"festival","festival-025","festival-025","festival-025-source-presentation-2026","Apresentação do 21º Fest Aruanda","https://mail.festaruanda.com.br/apresentacao","oficial","21ª edição / 2026","Histórico e perfil","confirmado na edição atual","confirmado","2026-10-04","2026-10-04","activity | location | categories | relevance",""
"festival","festival-026","festival-026","festival-026-source-regulation-2026","Edital do 49º Guarnicê de Cinema","https://guarnice49.ufma.br/wp-content/uploads/2026/01/Edital_49-Guarnice-2026.pdf","oficial","49ª edição / 2026","Regulamento integral das mostras Nacional e Maranhão","confirmado na edição atual","confirmado","2026-10-04","2026-10-04","location | activity | categories | formats | languages | duration | productionYear | countries | premiere | online | pf | pj | fees | opening | deadlines | eventDates | resubmission | materials | relevance",""
"festival","festival-026","festival-026","festival-026-source-university-2026","Regulamento da Mostra Universitária de Cinema","https://guarnice49.ufma.br/regulamento-mostra-universitaria-de-cinema/","oficial","49ª edição / 2026","Regulamento integral da chamada universitária","confirmado na edição atual","confirmado","2026-10-04","2026-10-04","categories | formats | duration | productionYear | countries | pf | fees | opening | deadlines | eventDates | materials",""
"festival","festival-026","festival-026","festival-026-source-page-2026","Editais e regulamentos do 49º Guarnicê","https://guarnice49.ufma.br/edital/","oficial","49ª edição / 2026","Página de documentos e edição","confirmado na edição atual","confirmado","2026-10-04","2026-10-04","activity | categories | eventDates | relevance",""
"festival","festival-027","festival-027","festival-027-source-regulation-2026","Regulamento da 13ª Mostra de Cinema de Gostoso","https://www.mostradecinemadegostoso.com.br/regulamento","oficial","13ª edição / 2026","Página ou regulamento consultado","confirmado na edição atual","confirmado","2026-10-04","2026-10-04","localização | atividade | categorias | duração | elegibilidade territorial | produção/conclusão | estreia | exibição online | pessoa autorizada a inscrever | taxas | abertura | encerramento | realização | relevância","Regulamento oficial integralmente lido."
"festival","festival-027","festival-027","festival-027-source-signup-2026","Inscrição da 13ª Mostra de Cinema de Gostoso","https://www.mostradecinemadegostoso.com.br/inscricao","oficial","13ª edição / 2026","Página ou regulamento consultado","confirmado na edição atual","confirmado","2026-10-04","2026-10-04","opening | deadlines | fees",""
"festival","festival-027","festival-027","festival-027-source-home-2026","Página oficial — prazo prorrogado e realização","https://www.mostradecinemadegostoso.com.br/","oficial","13ª edição / 2026","Página ou regulamento consultado","confirmado na edição atual","confirmado","2026-10-04","2026-10-04","deadlines | eventDates | relevance",""
"festival","festival-028","festival-028","festival-028-source-call-2025","Inscrições abertas — X CachoeiraDoc","https://xcachoeiradoc.com/blog/inscricoesabertas/","oficial","10ª edição / 2025","Página ou regulamento consultado","confirmado em edição anterior","edição anterior","2026-10-04","2026-10-04","location | activity | categories | duration | productionYear | countries | opening | deadlines | eventDates | relevance","Última chamada oficial localizada. Nenhuma edição 2026 foi encontrada até a data de acesso."
"festival","festival-029","festival-029","festival-029-source-call-2026","Convocatória da Mostra Competitiva Brasil — 16º Cine Esquema Novo","https://15cen.cineesquemanovo.org/cine-esquema-novo-arte-audiovisual-brasileira-confirma-sua-16a-edicao-e-abre-convocatoria-para-mostra-competitiva-brasil/","oficial","16ª edição / 2026","Página ou regulamento consultado","confirmado na edição atual","parcial","2026-10-04","2026-10-04","location | activity | categories | countries | opening | deadlines | eventDates | relevance","Página oficial detalhada localizada; regulamento integral vinculado não foi recuperado."
"festival","festival-029","festival-029","festival-029-source-program-2026","Cine Esquema Novo — edição 2026","https://cineesquemanovo.org/patrocinadores_2026/","oficial","16ª edição / 2026","Página ou regulamento consultado","confirmado na edição atual","parcial","2026-10-04","2026-10-04","activity | eventDates | relevance",""
"festival","festival-030","festival-030","festival-030-source-call-2026","Inscrições da 18ª edição do In-Edit Brasil","https://br.in-edit.org/in-edit-brasil-abre-as-inscricoes-para-a-sua-18a-edicao/","oficial","18ª edição / 2026","Página ou regulamento consultado","confirmado na edição atual","confirmado","2026-10-04","2026-10-04","activity | categories | duration | productionYear | countries | premiere | online | opening | deadlines | eventDates | relevance","Página oficial de chamada integralmente lida; o PDF vinculado não foi recuperado."
"festival","festival-030","festival-030","festival-030-source-program-2026","Programa do 18º In-Edit Brasil","https://br.in-edit.org/programa-2026/","oficial","18ª edição / 2026","Página ou regulamento consultado","confirmado na edição atual","confirmado","2026-10-04","2026-10-04","location | activity | categories | eventDates | relevance",""
"festival","festival-031","festival-031","festival-031-source-call-2025","13º Curta Brasília abre inscrições","https://turismoemfoco.com.br/v1/2025/07/15/13o-curta-brasilia-festival-internacional-de-curta-metragem-abre-inscricoes-ate-o-dia-17-de-agosto/","fonte secundária","13ª edição / 2025","Página ou regulamento consultado","confirmado em edição anterior","edição anterior","2026-10-04","2026-10-04","activity | categories | duration | productionYear | countries | fees | opening | deadlines","Página oficial/regulamento não foram localizados. Há financiamento público para a 14ª edição, mas chamada e datas de 2026 não foram publicadas/localizadas."
"festival","festival-031","festival-031","festival-031-source-program-2025","Programação do 13º Curta Brasília","https://www.deubombrasilia.com.br/post/13%C2%AA-edi%C3%A7%C3%A3o-do-curta-bras%C3%ADlia-festival-internacional-de-curta-metragem-mais-de-120-filmes-11-most","fonte secundária","13ª edição / 2025","Página ou regulamento consultado","confirmado em edição anterior","edição anterior","2026-10-04","2026-10-04","location | activity | eventDates | relevance",""
"festival","festival-032","festival-032","festival-032-source-regulation-2026","Regulamento e inscrições do 19º Curta Taquary","https://curtataquary.org/incricoes-19-curta-taquary/","oficial","19ª edição / 2026","Página ou regulamento consultado","confirmado na edição atual","confirmado","2026-10-04","2026-10-04","localização | atividade | categorias | duração | elegibilidade territorial | produção/conclusão | estreia | exibição online | pessoa autorizada a inscrever | taxas | abertura | encerramento | realização | relevância","Página oficial integralmente lida."
"festival","festival-033","festival-033","festival-033-source-site-2026","17º Festival Internacional de Cinema da Fronteira","https://www.festivaldafronteira.com.br/","oficial","17ª edição / 2026","Página ou regulamento consultado","confirmado na edição atual","parcial","2026-10-04","2026-10-04","location | activity | categories | eventDates | relevance","Site oficial consultado. Nenhum regulamento ou chamada pública de filmes foi localizado; oficinas e laboratório possuem fluxos próprios."
"festival","festival-034","festival-034","festival-034-source-festhome-2026","Curta Santos — Mostra Internacional no Festhome","https://filmmakers.festhome.com/pt/festival/curta-santos-festival-de-cinema-de-santos","plataforma de inscrição","24ª edição / 2026","Página ou regulamento consultado","confirmado na edição atual","confirmado","2026-10-04","2026-10-04","location | activity | categories | duration | countries | premiere | fees | deadlines | eventDates | pf | materials","Página integral da chamada internacional lida."
"festival","festival-034","festival-034","festival-034-source-domestic-call-2026","Curta Santos abre inscrições para quatro mostras competitivas","https://www.cbnsantos.com.br/amp/noticias/cultura/festival-curta-santos-abre-inscricoes-gratuitas-para-edicao-de-2026-com-quatro-mostras-competitivas.html","fonte secundária","24ª edição / 2026","Página ou regulamento consultado","confirmado na edição atual","parcial","2026-10-04","2026-10-04","categories | duration | productionYear | countries | fees | deadlines | eventDates","Fonte jornalística local; regulamento doméstico oficial não foi localizado."
"festival","festival-035","festival-035","festival-035-source-site-2026","28º Festival Kinoarte de Cinema","https://kinoarte.org/festival/schedule/","oficial","28ª edição / 2026","Página ou regulamento consultado","confirmado na edição atual","parcial","2026-10-04","2026-10-04","activity | categories | duration | productionYear | countries | deadlines | eventDates | relevance","Página oficial atual indexada, mas dependente de JavaScript. Regras atuais foram conferidas no conteúdo indexado; o arquivo PDF retornado pelo servidor mantém nome/cópia de 2025 e não foi usado como confirmação isolada."
"festival","festival-035","festival-035","festival-035-source-city-2026","Festival Kinoarte segue com inscrições abertas","https://blog.londrina.pr.gov.br/?p=212985","fonte secundária","28ª edição / 2026","Página ou regulamento consultado","confirmado na edição atual","confirmado","2026-10-04","2026-10-04","location | activity | duration | productionYear | fees | deadlines | eventDates | relevance","Portal da Prefeitura de Londrina confirma prazo, gratuidade e realização."
"festival","festival-036","festival-036","festival-036-source-regulation-2026","Regulamento do Curta-SE 25","https://curtase.com.br/wp-content/uploads/2026/04/Regulamento_Curta-SE-25_PT.pdf","oficial","25ª edição / 2026","Página ou regulamento consultado","confirmado na edição atual","confirmado","2026-10-04","2026-10-04","localização | atividade | categorias | duração | elegibilidade territorial | produção/conclusão | estreia | exibição online | pessoa autorizada a inscrever | taxas | abertura | encerramento | realização | relevância","Regulamento oficial de seis páginas integralmente lido. Datas de realização nele impressas foram posteriormente alteradas pelo site oficial."
"festival","festival-036","festival-036","festival-036-source-date-update-2026","Curta-SE 25 — atualização da realização","https://curtase.com.br/","oficial","25ª edição / 2026","Página ou regulamento consultado","confirmado na edição atual","confirmado","2026-10-04","2026-10-04","activity | eventDates","Página oficial atual informa realização de 16 a 21 de novembro, substituindo setembro no PDF."
"festival","festival-037","festival-037","festival-037-source-regulation-2025","Regulamento do 15º Curta Canoa","https://curtacanoa.com/wp-content/uploads/2025/04/Regulamento-Espanhol-Curta-Canoa.pdf","oficial","15ª edição / 2025","Página ou regulamento consultado","confirmado em edição anterior","edição anterior","2026-10-04","2026-10-04","localização | atividade | categorias | duração | elegibilidade territorial | produção/conclusão | estreia | exibição online | pessoa autorizada a inscrever | taxas | abertura | encerramento | realização | relevância","Regulamento oficial integralmente lido. Nenhuma chamada 2026 foi localizada."
"festival","festival-037","festival-037","festival-037-source-site-2025","Curta Canoa — página oficial","https://curtacanoa.com/","oficial","15ª edição / 2025","Página ou regulamento consultado","confirmado em edição anterior","edição anterior","2026-10-04","2026-10-04","location | activity | eventDates | relevance",""
"festival","festival-038","festival-038","festival-038-source-mapacultural-2026","Edital do 17º Festival de Cinema de Triunfo","https://www.mapacultural.pe.gov.br/oportunidade/3402/#info","plataforma de inscrição","17ª edição / 2026","Página ou regulamento consultado","confirmado na edição atual","parcial","2026-10-04","2026-10-04","location | activity | categories | formats | productionYear | countries | pf | pj | fees | opening | deadlines | eventDates","Oportunidade oficial localizada, mas a plataforma dinâmica não permitiu leitura integral do edital neste acesso."
"festival","festival-038","festival-038","festival-038-source-current-report-2026","Festival de Cinema de Triunfo abre inscrições para filmes nacionais e pernambucanos","https://jc.uol.com.br/cultura/2026/09/23/festival-de-cinema-de-triunfo-abre-inscricoes-para-filmes-nacionais-e-pernambucanos.html","fonte secundária","17ª edição / 2026","Página ou regulamento consultado","confirmado na edição atual","parcial","2026-10-04","2026-10-04","activity | categories | formats | productionYear | pf | pj | fees | opening | deadlines | eventDates | relevance","Fonte jornalística atual remete ao edital oficial e registra os principais critérios."
"festival","festival-039","festival-039","festival-039-source-program-2026","19º Festival Maranhão na Tela","https://difusoranews.com/evento/19a-festival-maranhao-na-tela-inicia/","fonte secundária","19ª edição / 2026","Página ou regulamento consultado","confirmado na edição atual","parcial","2026-10-04","2026-10-04","location | activity | categories | eventDates | relevance","Nenhuma página oficial de chamada ou regulamento foi localizada; a programação é confirmada por fonte jornalística local."
"festival","festival-039","festival-039","festival-039-source-index-2026","Festival Maranhão na Tela 2026","https://festivalindex.com/pt-br/events/48097-festival-maranhao-na-tela-2026","fonte secundária","19ª edição / 2026","Página ou regulamento consultado","confirmado na edição atual","parcial","2026-10-04","2026-10-04","activity | eventDates",""
"festival","festival-040","festival-040","festival-040-source-filmfreeway-2026","16º Circuito Penedo de Cinema — regras","https://filmfreeway.com/CircuitoPenedodeCinema","plataforma de inscrição","16ª edição / 2026","Página ou regulamento consultado","confirmado na edição atual","confirmado","2026-10-04","2026-10-04","localização | atividade | categorias | duração | elegibilidade territorial | produção/conclusão | estreia | exibição online | pessoa autorizada a inscrever | taxas | abertura | encerramento | realização | relevância","Página integral da chamada lida."
"festival","festival-040","festival-040","festival-040-source-site-2026","Circuito Penedo de Cinema","https://circuitopenedodecinema.com.br","oficial","16ª edição / 2026","Página ou regulamento consultado","confirmado na edição atual","confirmado","2026-10-04","2026-10-04","location | activity | eventDates | relevance",""
"festival","festival-041","festival-041","festival-041-source-regulation-2026","Regulamento do 12º Santos Film Fest","https://santosfilmfest.wordpress.com/mostra-de-filmes-regulamento/","oficial","12ª edição / 2026","Página ou regulamento consultado","confirmado na edição atual","confirmado","2026-10-04","2026-10-04","localização | atividade | categorias | duração | elegibilidade territorial | produção/conclusão | estreia | exibição online | pessoa autorizada a inscrever | taxas | abertura | encerramento | realização | relevância","Página oficial integralmente lida."
"festival","festival-041","festival-041","festival-041-source-selection-2026","Seleção oficial do 12º Santos Film Fest","https://santosfilmfest.wordpress.com/2026/07/14/lista-de-filmes-selecionados-para-o-12o-santos-film-fest-festival-de-cinema-de-santos/","oficial","12ª edição / 2026","Página ou regulamento consultado","confirmado na edição atual","confirmado","2026-10-04","2026-10-04","activity | categories | eventDates | relevance",""
"festival","festival-042","festival-042","festival-042-source-regulation-2026","Regulamento do 23º CINEMATO","https://festivalcinemato.com.br/wp-content/uploads/2026/02/REGULAMENTO_2026_01.pdf","oficial","23ª edição / 2026","Página ou regulamento consultado","confirmado na edição atual","confirmado","2026-10-04","2026-10-04","localização | atividade | categorias | duração | elegibilidade territorial | produção/conclusão | estreia | exibição online | pessoa autorizada a inscrever | taxas | abertura | encerramento | realização | relevância","Regulamento oficial integralmente lido."
"festival","festival-042","festival-042","festival-042-source-revised-2026","Regulamento revisto do 23º CINEMATO","https://festivalcinemato.com.br/wp-content/uploads/2026/02/REGULAMENTO_2026_02_revisto.pdf","oficial","23ª edição / 2026","Página ou regulamento consultado","confirmado na edição atual","confirmado","2026-10-04","2026-10-04","localização | atividade | categorias | duração | elegibilidade territorial | produção/conclusão | estreia | exibição online | pessoa autorizada a inscrever | taxas | abertura | encerramento | realização | relevância","Retificação oficial integralmente lida; permanece divergência interna entre 4 e 5 de fevereiro para a abertura."
"festival","festival-043","festival-043","festival-043-source-regulation-2026","Regulamento do 8º Olhar do Norte","https://festivalolhardonorte.com/regulamento-festival-olhar-do-norte-2026/","oficial","8ª edição / 2026","Página ou regulamento consultado","confirmado na edição atual","confirmado","2026-10-04","2026-10-04","localização | atividade | categorias | duração | elegibilidade territorial | produção/conclusão | estreia | exibição online | pessoa autorizada a inscrever | taxas | abertura | encerramento | realização | relevância","Regulamento oficial integralmente lido."
"festival","festival-044","festival-044","festival-044-source-festhome-2026","17º Cinefantasy — regras e taxas","https://filmmakers.festhome.com/pt/festival/cinefantasy-international-fantastic-film-festival","plataforma de inscrição","17ª edição / 2026","Página ou regulamento consultado","confirmado na edição atual","confirmado","2026-10-04","2026-10-04","localização | atividade | categorias | duração | elegibilidade territorial | produção/conclusão | estreia | exibição online | pessoa autorizada a inscrever | taxas | abertura | encerramento | realização | relevância","Página integral de regras, categorias e taxas lida. O texto contém divergências internas de prazo e realização."
"festival","festival-044","festival-044","festival-044-source-site-2026","Cinefantasy 2026","https://www.cinefantasy.com.br/","oficial","17ª edição / 2026","Página ou regulamento consultado","confirmado na edição atual","confirmado","2026-10-04","2026-10-04","location | activity | eventDates | relevance","Página oficial confirma 1 a 6 de setembro em São Paulo; a plataforma também contém 8 a 13 de setembro em trechos das regras."
"festival","festival-045","festival-045","festival-045-source-regulation-2026","Regulamento do 15º RioLGBTQIA+","https://www.riolgbtqia.com.br/assets/files/Regulamento_2026-RioLGBTQIA.pdf","oficial","15ª edição / 2026","Página ou regulamento consultado","confirmado na edição atual","confirmado","2026-10-04","2026-10-04","localização | atividade | categorias | duração | elegibilidade territorial | produção/conclusão | estreia | exibição online | pessoa autorizada a inscrever | taxas | abertura | encerramento | realização | relevância","Regulamento oficial integralmente lido."
"festival","festival-045","festival-045","festival-045-source-press-2026","RioLGBTQIA+ 2026 — imprensa e programação","https://riolgbtqia.com.br/IMPRENSA_2026.html","oficial","15ª edição / 2026","Página ou regulamento consultado","confirmado na edição atual","confirmado","2026-10-04","2026-10-04","location | activity | eventDates | relevance",""
"festival","festival-045","festival-045","festival-045-source-online-regulation-2026","Regulamento RioLGBTQIA+ Online 2026","https://riolgbtqia.com.br/assets/files/Regulation_2026-RioLGBTQIA-ON.pdf","oficial","15ª edição / 2026","Página ou regulamento consultado","confirmado na edição atual","parcial","2026-10-04","2026-10-04","categories | online | fees | deadlines | eventDates","Documento oficial localizado e campos operacionais indexados; leitura integral não foi recuperada neste lote."
"festival","festival-046","festival-046","festival-046-source-ccjf-2026","19º Encontro de Cinema Negro Zózimo Bulbul","https://ccjf.trf2.jus.br/programacao/19deg-encontro-de-cinema-negro-zozimo-bulbul","fonte secundária","19ª edição / 2026","Página ou regulamento consultado","confirmado na edição atual","confirmado","2026-10-04","2026-10-04","location | activity | categories | eventDates | relevance","Página institucional do Centro Cultural Justiça Federal confirma edição, locais, datas e perfil curatorial."
"festival","festival-046","festival-046","festival-046-source-artweek-2026","Encontro de Cinema Negro Zózimo Bulbul — Semana de Arte do Rio","https://2026.semanadeartedorio.com.br/programacao/festivais/76","fonte secundária","19ª edição / 2026","Página ou regulamento consultado","confirmado na edição atual","confirmado","2026-10-04","2026-10-04","location | activity | eventDates | relevance",""
"festival","festival-046","festival-046","festival-046-source-organization","Centro Afro Carioca de Cinema","https://afrocariocadecinema.org.br","oficial","19ª edição / 2026","Página ou regulamento consultado","confirmado na edição atual","parcial","2026-10-04","2026-10-04","activity | relevance","Site institucional da organização; página específica de chamada 2026 não localizada."
"festival","festival-047","festival-047","festival-047-source-1","Dobra — programação oficial no CCBB Rio","https://ccbb.com.br/rio-de-janeiro/programacao/dobra-festival-internacional-de-cinema-experimental/","oficial","10ª edição / 2025","Página ou regulamento consultado","confirmado em edição anterior","edição anterior","2026-10-04","2026-10-04","localização | atividade | categorias | duração | elegibilidade territorial | produção/conclusão | estreia | exibição online | pessoa autorizada a inscrever | taxas | abertura | encerramento | realização | relevância","Programação integral da edição mais recente localizada; não foi encontrada chamada pública."
"festival","festival-047","festival-047","festival-047-source-2","Catálogo do 10º Dobra","https://static.ccbb.com.br/site-2025/2025/12/Dobra2025_Catalogo_Final.pdf","oficial","10ª edição / 2025","Página ou regulamento consultado","confirmado em edição anterior","edição anterior","2026-10-04","2026-10-04","localização | atividade | categorias | duração | elegibilidade territorial | produção/conclusão | estreia | exibição online | pessoa autorizada a inscrever | taxas | abertura | encerramento | realização | relevância",""
"festival","festival-048","festival-048","festival-048-source-1","Edital de termos e condições do 11º Festival ECRÃ","https://www.festivalecra.com.br/_files/ugd/af0596_f5b4fade3a374d4aa18d1ee5da6aafb3.pdf","oficial","11ª edição / 2027","Página ou regulamento consultado","confirmado na edição atual","confirmado","2026-10-04","2026-10-04","localização | atividade | categorias | duração | elegibilidade territorial | produção/conclusão | estreia | exibição online | pessoa autorizada a inscrever | taxas | abertura | encerramento | realização | relevância","Documento de 34 páginas integralmente lido."
"festival","festival-048","festival-048","festival-048-source-2","Página oficial de inscrições 2026–2027","https://www.festivalecra.com.br/inscricoes","oficial","11ª edição / 2027","Página ou regulamento consultado","confirmado na edição atual","confirmado","2026-10-04","2026-10-04","localização | atividade | categorias | duração | elegibilidade territorial | produção/conclusão | estreia | exibição online | pessoa autorizada a inscrever | taxas | abertura | encerramento | realização | relevância",""
"festival","festival-049","festival-049","festival-049-source-1","Regulamento da 9ª Mostra Sesc de Cinema","https://cdnsesc.azureedge.net/assets/2026/03/ANEXO-I-REGULAMENTO-9a-MOSTRA-SESC-DE-CINEMA.pdf","oficial","9ª edição / 2026","Página ou regulamento consultado","confirmado na edição atual","confirmado","2026-10-04","2026-10-04","localização | atividade | categorias | duração | elegibilidade territorial | produção/conclusão | estreia | exibição online | pessoa autorizada a inscrever | taxas | abertura | encerramento | realização | relevância","Documento oficial de oito páginas integralmente lido."
"festival","festival-049","festival-049","festival-049-source-2","Página oficial da Mostra Sesc de Cinema","https://www.sesc.com.br/cultura/mostra-sesc-de-cinema/","oficial","9ª edição / 2026","Página ou regulamento consultado","confirmado na edição atual","confirmado","2026-10-04","2026-10-04","localização | atividade | categorias | duração | elegibilidade territorial | produção/conclusão | estreia | exibição online | pessoa autorizada a inscrever | taxas | abertura | encerramento | realização | relevância",""
"festival","festival-050","festival-050","festival-050-source-1","Regulamento e FAQ do 19º Entretodos","https://entretodos.com.br/inscricoes-2026/regulamento/","oficial","19ª edição / 2026","Página ou regulamento consultado","confirmado na edição atual","confirmado","2026-10-04","2026-10-04","localização | atividade | categorias | duração | elegibilidade territorial | produção/conclusão | estreia | exibição online | pessoa autorizada a inscrever | taxas | abertura | encerramento | realização | relevância","Página oficial integralmente lida."
"festival","festival-050","festival-050","festival-050-source-2","IFSP — inscrições e realização do 19º Entretodos","https://ifsp.edu.br/index.php/institucional/17-ultimas-noticias/5800-inscricoes-abertas-para-o-19-festival-entretodos","oficial","19ª edição / 2026","Página ou regulamento consultado","confirmado na edição atual","confirmado","2026-10-04","2026-10-04","localização | atividade | categorias | duração | elegibilidade territorial | produção/conclusão | estreia | exibição online | pessoa autorizada a inscrever | taxas | abertura | encerramento | realização | relevância",""
"festival","festival-051","festival-051","festival-051-source-1","Regulamento da 19ª edição do Visões Periféricas","https://visoesperifericas.com.br/regulamento","oficial","19ª edição / 2026","Página ou regulamento consultado","confirmado na edição atual","confirmado","2026-10-04","2026-10-04","localização | atividade | categorias | duração | elegibilidade territorial | produção/conclusão | estreia | exibição online | pessoa autorizada a inscrever | taxas | abertura | encerramento | realização | relevância","Página oficial lida; contém resíduos editoriais de anos anteriores, documentados nas pendências."
"festival","festival-051","festival-051","festival-051-source-2","Programação da 19ª edição","https://visoesperifericas.com.br/programacao","oficial","19ª edição / 2026","Página ou regulamento consultado","confirmado na edição atual","confirmado","2026-10-04","2026-10-04","eventDates | locations | relevance",""
"festival","festival-055","festival-055","festival-055-source-1","8ª Mostra Adélia Sampaio — chamada e categorias","https://filmmakers.festhome.com/festival/mostra-competitiva-de-cinema-negro-adelia-sampaio","plataforma de inscrição","8ª edição / 2026","Página ou regulamento consultado","confirmado na edição atual","confirmado","2026-10-04","2026-10-04","localização | atividade | categorias | duração | elegibilidade territorial | produção/conclusão | estreia | exibição online | pessoa autorizada a inscrever | taxas | abertura | encerramento | realização | relevância","Cabeçalho, descrição e cartões atuais foram lidos; o corpo textual ainda reproduz trechos da 7ª edição e foi tratado como conflito editorial."
"festival","festival-055","festival-055","festival-055-source-2","Site oficial da Mostra Adélia Sampaio","https://mostraadeliasampaio.com","oficial","8ª edição / 2026","Página ou regulamento consultado","confirmado na edição atual","confirmado","2026-10-04","2026-10-04","localização | atividade | categorias | duração | elegibilidade territorial | produção/conclusão | estreia | exibição online | pessoa autorizada a inscrever | taxas | abertura | encerramento | realização | relevância","Site institucional; na consulta ainda exibia páginas da 7ª edição."
"festival","festival-056","festival-056","festival-056-source-1","EGBÉ abre inscrições para a 9ª edição","https://egbecinemanegro.com.br/egbe-mostra-de-cinema-negro-abre-inscricoes-para-a-9a-edicao/","oficial","9ª edição / 2026","Página ou regulamento consultado","confirmado na edição atual","confirmado","2026-10-04","2026-10-04","localização | atividade | categorias | duração | elegibilidade territorial | produção/conclusão | estreia | exibição online | pessoa autorizada a inscrever | taxas | abertura | encerramento | realização | relevância","Chamada oficial integralmente lida."
"festival","festival-056","festival-056","festival-056-source-2","Seleção oficial da 9ª EGBÉ","https://egbecinemanegro.com.br/9a-egbe-mostra-de-cinema-negro-anuncia-selecao-oficial-de-filmes/","oficial","9ª edição / 2026","Página ou regulamento consultado","confirmado na edição atual","confirmado","2026-10-04","2026-10-04","localização | atividade | categorias | duração | elegibilidade territorial | produção/conclusão | estreia | exibição online | pessoa autorizada a inscrever | taxas | abertura | encerramento | realização | relevância",""
"festival","festival-056","festival-056","festival-056-source-3","Mercado EGBÉ 2026","https://egbecinemanegro.com.br/mercado-egbe/","oficial","9ª edição / 2026","Página ou regulamento consultado","confirmado na edição atual","confirmado","2026-10-04","2026-10-04","eventDates | relevance",""
"festival","festival-057","festival-057","festival-057-source-1","Regulamento do Festival Internacional de Cinema de Ribeirão Preto","https://ficrp.com.br/regulacoes/","oficial","edição 2026","Página ou regulamento consultado","confirmado na edição atual","confirmado","2026-10-04","2026-10-04","localização | atividade | categorias | duração | elegibilidade territorial | produção/conclusão | estreia | exibição online | pessoa autorizada a inscrever | taxas | abertura | encerramento | realização | relevância","Página oficial integralmente lida; contém conflito interno entre julho e outubro."
"festival","festival-057","festival-057","festival-057-source-2","Página oficial do FIC Ribeirão","https://ficrp.com.br/","oficial","edição 2026","Página ou regulamento consultado","confirmado na edição atual","confirmado","2026-10-04","2026-10-04","activity | eventDates | relevance",""
"festival","festival-058","festival-058","festival-058-source-1","FINCAR 2024 — regulamento e programação","https://fincar.com.br/home/","oficial","edição 2024","Página ou regulamento consultado","confirmado em edição anterior","edição anterior","2026-10-04","2026-10-04","localização | atividade | categorias | duração | elegibilidade territorial | produção/conclusão | estreia | exibição online | pessoa autorizada a inscrever | taxas | abertura | encerramento | realização | relevância","Último regulamento oficial disponível; o próprio resultado de busca identifica a página como desativada."
"festival","festival-059","festival-059","festival-059-source-1","FENDA 2026 — regulamento integral","https://filmfreeway.com/fendafestival","plataforma de inscrição","4ª edição / 2026","Página ou regulamento consultado","confirmado na edição atual","confirmado","2026-10-04","2026-10-04","localização | atividade | categorias | duração | elegibilidade territorial | produção/conclusão | estreia | exibição online | pessoa autorizada a inscrever | taxas | abertura | encerramento | realização | relevância","Regulamento bilíngue integralmente lido. Valores das taxas internacionais não ficaram expostos na página após o encerramento."
"festival","festival-060","festival-060","festival-060-source-1","13º Festival de Cinema de Caruaru — regulamento","https://filmfreeway.com/FESTIVALDECINEMADECARUARU","plataforma de inscrição","13ª edição / 2026","Página ou regulamento consultado","confirmado na edição atual","confirmado","2026-10-04","2026-10-04","localização | atividade | categorias | duração | elegibilidade territorial | produção/conclusão | estreia | exibição online | pessoa autorizada a inscrever | taxas | abertura | encerramento | realização | relevância","Regulamento trilíngue e cartões lidos integralmente."
"festival","festival-060","festival-060","festival-060-source-2","Página oficial da edição 2026","https://festivaldecaruaru.com.br/2026/","oficial","13ª edição / 2026","Página ou regulamento consultado","confirmado na edição atual","confirmado","2026-10-04","2026-10-04","activity | eventDates | locations | relevance",""
"festival","festival-061","festival-061","festival-061-source-1","5º Festival Internacional de Cinema de Itabaiana — regras e taxas","https://filmmakers.festhome.com/pt/festival/festival-internacional-de-cinema-de-itabaiana","plataforma de inscrição","5ª edição / 2026","Página ou regulamento consultado","confirmado na edição atual","confirmado","2026-10-04","2026-10-04","localização | atividade | categorias | duração | elegibilidade territorial | produção/conclusão | estreia | exibição online | pessoa autorizada a inscrever | taxas | abertura | encerramento | realização | relevância","Página integral lida; contém datas antigas no corpo e datas atualizadas no cabeçalho."
"festival","festival-061","festival-061","festival-061-source-2","Site oficial — realização da 5ª edição","https://www.festcineitabaiana.com/post/credenciamento-de-imprensa-para-festival-internacional-de-cinema-de-itabaiana-segue-aberto-at%C3%A9-18-de","oficial","5ª edição / 2026","Página ou regulamento consultado","confirmado na edição atual","confirmado","2026-10-04","2026-10-04","activity | eventDates | locations | relevance",""
"festival","festival-062","festival-062","festival-062-source-1","CineAlter 2026 — regulamento integral","https://filmfreeway.com/CineAlter","plataforma de inscrição","6ª edição / 2026","Página ou regulamento consultado","confirmado na edição atual","confirmado","2026-10-04","2026-10-04","localização | atividade | categorias | duração | elegibilidade territorial | produção/conclusão | estreia | exibição online | pessoa autorizada a inscrever | taxas | abertura | encerramento | realização | relevância","Página integralmente lida; contém um erro residual de ano na validade da senha, mantido como conflito editorial."
"festival","festival-063","festival-063","festival-063-source-1","Primeiro Plano 2026 — regras, prazos e prêmios","https://filmmakers.festhome.com/en/festival/primeiro-plano-festival-de-cinema-de-juiz-de-fora-e-mercocidades","plataforma de inscrição","25ª edição / 2026","Página ou regulamento consultado","confirmado na edição atual","confirmado","2026-10-04","2026-10-04","localização | atividade | categorias | duração | elegibilidade territorial | produção/conclusão | estreia | exibição online | pessoa autorizada a inscrever | taxas | abertura | encerramento | realização | relevância","Regulamento integralmente lido; cabeçalho posterior estende o prazo de 31/7 para 14/8."
"festival","festival-063","festival-063","festival-063-source-2","Site oficial do Primeiro Plano","https://primeiroplano.art.br/","oficial","25ª edição / 2026","Página ou regulamento consultado","confirmado na edição atual","confirmado","2026-10-04","2026-10-04","localização | atividade | categorias | duração | elegibilidade territorial | produção/conclusão | estreia | exibição online | pessoa autorizada a inscrever | taxas | abertura | encerramento | realização | relevância",""
"festival","festival-064","festival-064","festival-064-source-1","Prefeitura de Marília — inscrições e realização 2026","https://www.marilia.sp.gov.br/portal/noticias/0/3/16987/festival-de-cinema-de-marilia-abre-inscricoes-para-edicao-2026","oficial","edição 2026","Página ou regulamento consultado","confirmado na edição atual","confirmado","2026-10-04","2026-10-04","localização | atividade | categorias | duração | elegibilidade territorial | produção/conclusão | estreia | exibição online | pessoa autorizada a inscrever | taxas | abertura | encerramento | realização | relevância","Comunicado municipal integralmente lido; o regulamento atual não foi recuperado."
"festival","festival-064","festival-064","festival-064-source-2","Site oficial do Festival de Cinema de Marília","https://www.festivalcinemamarilia.com.br/","oficial","edição 2026","Página ou regulamento consultado","confirmado na edição atual","confirmado","2026-10-04","2026-10-04","localização | atividade | categorias | duração | elegibilidade territorial | produção/conclusão | estreia | exibição online | pessoa autorizada a inscrever | taxas | abertura | encerramento | realização | relevância",""
"festival","festival-065","festival-065","festival-065-source-1","Regulamento do 18º Festival Taguá de Cinema","https://festivaltaguatinga.com.br/arquivos/18_festival/Regulamento_18_Festival_Taguatinga.pdf","oficial","18ª edição / 2025","Página ou regulamento consultado","confirmado em edição anterior","edição anterior","2026-10-04","2026-10-04","localização | atividade | categorias | duração | elegibilidade territorial | produção/conclusão | estreia | exibição online | pessoa autorizada a inscrever | taxas | abertura | encerramento | realização | relevância","Documento oficial de seis páginas integralmente lido."
"festival","festival-065","festival-065","festival-065-source-2","Página oficial do 18º Festival Taguá","https://festivaltaguatinga.com.br/ofestival.html","oficial","18ª edição / 2025","Página ou regulamento consultado","confirmado em edição anterior","edição anterior","2026-10-04","2026-10-04","localização | atividade | categorias | duração | elegibilidade territorial | produção/conclusão | estreia | exibição online | pessoa autorizada a inscrever | taxas | abertura | encerramento | realização | relevância",""
"festival","festival-066","festival-066","festival-066-source-1","Cinema Urbana 2026 — regras, taxas e calendário","https://filmfreeway.com/CinemaUrbana","plataforma de inscrição","6ª edição / 2026","Página ou regulamento consultado","confirmado na edição atual","confirmado","2026-10-04","2026-10-04","localização | atividade | categorias | duração | elegibilidade territorial | produção/conclusão | estreia | exibição online | pessoa autorizada a inscrever | taxas | abertura | encerramento | realização | relevância","Página integralmente lida. Texto do regulamento e cartões/metadados operacionais divergem em duração, prazo e realização."
"festival","festival-066","festival-066","festival-066-source-2","Cinema Urbana — página institucional","https://www.cinemaurbana.com/sobre","oficial","6ª edição / 2026","Página ou regulamento consultado","confirmado na edição atual","confirmado","2026-10-04","2026-10-04","activity | location | relevance",""
"festival","festival-067","festival-067","festival-067-source-1","Regulamento do 24º NOIA","https://www.festivalnoia.com.br/post/regulamento-24%C2%BA-noia","oficial","24ª edição / 2026","Página ou regulamento consultado","confirmado na edição atual","confirmado","2026-10-04","2026-10-04","localização | atividade | categorias | duração | elegibilidade territorial | produção/conclusão | estreia | exibição online | pessoa autorizada a inscrever | taxas | abertura | encerramento | realização | relevância","Regulamento oficial integralmente lido; anexos ainda contêm numeração/ano residual, sem afetar as regras atuais estruturadas."
"festival","festival-067","festival-067","festival-067-source-2","Página oficial do 24º NOIA","https://www.festivalnoia.com.br/","oficial","24ª edição / 2026","Página ou regulamento consultado","confirmado na edição atual","confirmado","2026-10-04","2026-10-04","localização | atividade | categorias | duração | elegibilidade territorial | produção/conclusão | estreia | exibição online | pessoa autorizada a inscrever | taxas | abertura | encerramento | realização | relevância",""
"festival","festival-067","festival-067","festival-067-source-3","24º NOIA — página de inscrição","https://filmmakers.festhome.com/f/1517","plataforma de inscrição","24ª edição / 2026","Página ou regulamento consultado","confirmado na edição atual","confirmado","2026-10-04","2026-10-04","localização | atividade | categorias | duração | elegibilidade territorial | produção/conclusão | estreia | exibição online | pessoa autorizada a inscrever | taxas | abertura | encerramento | realização | relevância",""
"festival","festival-068","festival-068","festival-068-source-1","Regulamento 2026 do Metrô","https://metrouniversitario.com.br/regulamento-2026/","oficial","9ª edição / 2026","Página ou regulamento consultado","confirmado na edição atual","confirmado","2026-10-04","2026-10-04","localização | atividade | categorias | duração | elegibilidade territorial | produção/conclusão | estreia | exibição online | pessoa autorizada a inscrever | taxas | abertura | encerramento | realização | relevância","Página oficial integralmente lida."
"festival","festival-068","festival-068","festival-068-source-2","Regulamento do MetrôLAB 2026","https://metrouniversitario.com.br/regulamento-metrolab-2026/","oficial","9ª edição / 2026","Página ou regulamento consultado","confirmado na edição atual","confirmado","2026-10-04","2026-10-04","eventDates | relevance","Chamada de projetos lida apenas para evidenciar oportunidade profissional; não foi misturada à chamada de filmes."
"festival","festival-069","festival-069","festival-069-source-1","Curta Caicó abre convocatória para a 9ª edição","https://curtacaico.com.br/curta-caico-abre-convocatoria-de-filmes-para-sua-9a-edicao/","oficial","9ª edição / 2026","Página ou regulamento consultado","confirmado na edição atual","confirmado","2026-10-04","2026-10-04","localização | atividade | categorias | duração | elegibilidade territorial | produção/conclusão | estreia | exibição online | pessoa autorizada a inscrever | taxas | abertura | encerramento | realização | relevância","Comunicado oficial integralmente lido."
"festival","festival-069","festival-069","festival-069-source-2","Tribuna do Norte — programação e datas finais do 9º Curta Caicó","https://tribunadonorte.com.br/viver/curta-caico-aprensenta-43-filmes-de-todas-as-regioes/","fonte secundária","9ª edição / 2026","Página ou regulamento consultado","confirmado na edição atual","confirmado","2026-10-04","2026-10-04","eventDates | programmingReach | relevance","Usada para a realização efetiva posterior; não substitui regras da chamada."
"festival","festival-069","festival-069","festival-069-source-3","Site oficial do Curta Caicó","https://curtacaico.com.br/","oficial","9ª edição / 2026","Página ou regulamento consultado","confirmado na edição atual","confirmado","2026-10-04","2026-10-04","localização | atividade | categorias | duração | elegibilidade territorial | produção/conclusão | estreia | exibição online | pessoa autorizada a inscrever | taxas | abertura | encerramento | realização | relevância",""
"festival","festival-070","festival-070","festival-070-source-1","11º Festival Curta Campos do Jordão — regulamento e programação","https://www.fccj.com.br/","oficial","11ª edição / 2026","Página ou regulamento consultado","confirmado na edição atual","confirmado","2026-10-04","2026-10-04","localização | atividade | categorias | duração | elegibilidade territorial | produção/conclusão | estreia | exibição online | pessoa autorizada a inscrever | taxas | abertura | encerramento | realização | relevância","Regulamento oficial integralmente lido na página da edição."
"festival","festival-071","festival-071","festival-071-source-1","Regulamento do Festival Revoada 2025","https://festivalrevoada.com.br/wp-content/uploads/2025/07/REGULAMENTO-FESTIVAL-REVOADA-2025.pdf","oficial","3ª edição / 2025","Página ou regulamento consultado","confirmado em edição anterior","edição anterior","2026-10-04","2026-10-04","localização | atividade | categorias | duração | elegibilidade territorial | produção/conclusão | estreia | exibição online | pessoa autorizada a inscrever | taxas | abertura | encerramento | realização | relevância","Última chamada pública localizada; em 2026 o site continua exibindo a programação da 3ª edição sem nova convocatória."
"festival","festival-071","festival-071","festival-071-source-2","Página oficial de inscrições 2025","https://festivalrevoada.com.br/revoada-2025-inscricoes-abertas/","oficial","3ª edição / 2025","Página ou regulamento consultado","confirmado em edição anterior","edição anterior","2026-10-04","2026-10-04","localização | atividade | categorias | duração | elegibilidade territorial | produção/conclusão | estreia | exibição online | pessoa autorizada a inscrever | taxas | abertura | encerramento | realização | relevância",""
"festival","festival-072","festival-072","festival-072-source-1","VII Curta na Serra — página oficial","https://curtanaserra.com.br/edition/vii-curta-na-serra/","oficial","7ª edição / 2026","Página ou regulamento consultado","confirmado na edição atual","confirmado","2026-10-04","2026-10-04","localização | atividade | categorias | duração | elegibilidade territorial | produção/conclusão | estreia | exibição online | pessoa autorizada a inscrever | taxas | abertura | encerramento | realização | relevância","Página integral da edição lida; a convocatória de 2026 não foi localizada."
"festival","festival-072","festival-072","festival-072-source-2","Regulamento da 6ª edição","https://curtanaserra.com.br/wp-content/uploads/2024/07/Regulamento-6o-Curta-na-Serra-_compressed.pdf","oficial","6ª edição / 2024","Página ou regulamento consultado","confirmado em edição anterior","edição anterior","2026-10-04","2026-10-04","localização | atividade | categorias | duração | elegibilidade territorial | produção/conclusão | estreia | exibição online | pessoa autorizada a inscrever | taxas | abertura | encerramento | realização | relevância","Usado apenas para histórico; regras não foram transportadas para 2026."
"festival","festival-073","festival-073","festival-073-source-1","Festival de Cinema de Muriaé — inscrições 2026","https://festivaldemuriae.com.br/","oficial","edição 2026 / número não publicado","Página ou regulamento consultado","confirmado na edição atual","confirmado","2026-10-04","2026-10-04","localização | atividade | categorias | duração | elegibilidade territorial | produção/conclusão | estreia | exibição online | pessoa autorizada a inscrever | taxas | abertura | encerramento | realização | relevância","A página inicial confirma somente a janela atual."
"festival","festival-073","festival-073","festival-073-source-2","Regulamento da 9ª edição / 2025","https://festivaldemuriae.com.br/regulamento/","oficial","9ª edição / 2025","Página ou regulamento consultado","confirmado em edição anterior","edição anterior","2026-10-04","2026-10-04","localização | atividade | categorias | duração | elegibilidade territorial | produção/conclusão | estreia | exibição online | pessoa autorizada a inscrever | taxas | abertura | encerramento | realização | relevância","A página de regulamento permanece datada de 2025; suas regras não foram promovidas para 2026."
"festival","festival-074","festival-074","festival-074-source-1","9ª Mostra de Cinema de Fama — regras e inscrições","https://filmfreeway.com/MostraFamadeCinema","plataforma de inscrição","9ª edição / 2026","Página ou regulamento consultado","confirmado na edição atual","confirmado","2026-10-04","2026-10-04","localização | atividade | categorias | duração | elegibilidade territorial | produção/conclusão | estreia | exibição online | pessoa autorizada a inscrever | taxas | abertura | encerramento | realização | relevância","Página integral lida; contém número da 8ª edição e três pares divergentes de datas no texto, preservados como conflito."
"festival","festival-075","festival-075","festival-075-source-1","3º Cine Lapinhô — regulamento de curtas","https://cinelapinho.com.br/curtas-metragens/","oficial","3ª edição / 2026","Página ou regulamento consultado","confirmado na edição atual","confirmado","2026-10-04","2026-10-04","localização | atividade | categorias | duração | elegibilidade territorial | produção/conclusão | estreia | exibição online | pessoa autorizada a inscrever | taxas | abertura | encerramento | realização | relevância","Regulamento oficial integralmente lido; há divergência 15/3 versus 16/3 e uma linha residual de resultado em 2024."
"festival","festival-075","festival-075","festival-075-source-2","Programação oficial do 3º Cine Lapinhô","https://cinelapinho.com.br/","oficial","3ª edição / 2026","Página ou regulamento consultado","confirmado na edição atual","confirmado","2026-10-04","2026-10-04","eventDates | locations | programmingReach | relevance",""
"festival","festival-076","festival-076","festival-076-source-1","3º Seridó Cine — regulamento","https://seridocine.com.br/regulamento","oficial","3ª edição / 2026","Página ou regulamento consultado","confirmado na edição atual","confirmado","2026-10-04","2026-10-04","localização | atividade | categorias | duração | elegibilidade territorial | produção/conclusão | estreia | exibição online | pessoa autorizada a inscrever | taxas | abertura | encerramento | realização | relevância","Regulamento oficial integralmente lido."
"festival","festival-076","festival-076","festival-076-source-2","Página oficial e notícias da 3ª edição","https://seridocine.com.br/","oficial","3ª edição / 2026","Página ou regulamento consultado","confirmado na edição atual","confirmado","2026-10-04","2026-10-04","activity | locations | eventDates | relevance",""
"festival","festival-077","festival-077","festival-077-source-1","Regulamento do Festival Internacional de Cinema: Respira","https://grad.eba.ufmg.br/caad/wp-content/uploads/2025/03/REGULAMENTO-.pdf","oficial","1ª edição / 2025","Página ou regulamento consultado","confirmado em edição anterior","edição anterior","2026-10-04","2026-10-04","localização | atividade | categorias | duração | elegibilidade territorial | produção/conclusão | estreia | exibição online | pessoa autorizada a inscrever | taxas | abertura | encerramento | realização | relevância","PDF de dez páginas integralmente lido; nenhuma chamada de 2026 foi localizada."
"festival","festival-077","festival-077","festival-077-source-2","Site oficial Respira Cinema","https://respiracinema.com.br/","oficial","1ª edição / 2025","Página ou regulamento consultado","confirmado em edição anterior","edição anterior","2026-10-04","2026-10-04","localização | atividade | categorias | duração | elegibilidade territorial | produção/conclusão | estreia | exibição online | pessoa autorizada a inscrever | taxas | abertura | encerramento | realização | relevância",""
"festival","festival-078","festival-078","festival-078-source-1","12ª edição do Cine Pojichá — programação oficial","https://www.incena.org/noticias/12a-edicao-cine-pojicha---festival-de-cinema-dos-vales-do-mucuri-e-jequitinhonha","oficial","12ª edição / 2026","Página ou regulamento consultado","confirmado na edição atual","confirmado","2026-10-04","2026-10-04","localização | atividade | categorias | duração | elegibilidade territorial | produção/conclusão | estreia | exibição online | pessoa autorizada a inscrever | taxas | abertura | encerramento | realização | relevância","Programação integral da edição corrente; nenhuma convocatória pública de filmes foi localizada."
"festival","festival-078","festival-078","festival-078-source-2","Notícias oficiais do Instituto In-Cena","https://www.incena.org/noticias","oficial","12ª edição / 2026","Página ou regulamento consultado","confirmado na edição atual","confirmado","2026-10-04","2026-10-04","activity | locations | eventDates | relevance",""
"festival","festival-bonito","festival-bonito","festival-bonito-source-1","Regulamento bilíngue do 4º Bonito CineSur","https://bonitocinesur.com.br/2026/sobre-acerca/regulamento-reglamento/","oficial","4ª edição / 2026","Página ou regulamento consultado","confirmado na edição atual","confirmado","2026-10-04","2026-10-04","localização | atividade | categorias | duração | elegibilidade territorial | produção/conclusão | estreia | exibição online | pessoa autorizada a inscrever | taxas | abertura | encerramento | realização | relevância","Regulamento oficial integralmente lido."
"festival","festival-bonito","festival-bonito","festival-bonito-source-2","Bonito CineSur 2026 — inscrição alternativa","https://filmmakers.festhome.com/pt/festival/bonito-cinesur-festival-de-cinema-sul-americano-de-bonito","plataforma de inscrição","4ª edição / 2026","Página ou regulamento consultado","confirmado na edição atual","confirmado","2026-10-04","2026-10-04","fees | submissionPlatform",""
"festival","festival-cimm","festival-cimm","festival-cimm-source-1","FestCiMM — regras na FilmFreeway","https://filmfreeway.com/FestCiMM","plataforma de inscrição","8ª edição / 2026","Página ou regulamento consultado","confirmado na edição atual","confirmado","2026-10-04","2026-10-04","localização | atividade | categorias | duração | elegibilidade territorial | produção/conclusão | estreia | exibição online | pessoa autorizada a inscrever | taxas | abertura | encerramento | realização | relevância","Página integral lida; regras genéricas não publicam cronograma da 8ª edição nem tabela de taxas."
"festival","festival-cimm","festival-cimm","festival-cimm-source-2","Convocatória da 8ª edição","https://www.culturaamazonica.com.br/2026/06/10/festival-internacional-festcimm-abre-convocatoria-de-2026-para-curtas-e-longas-metragens/","fonte secundária","8ª edição / 2026","Página ou regulamento consultado","confirmado na edição atual","confirmado","2026-10-04","2026-10-04","activity | opening | closing | fees | resultDate | relevance","Usada para o calendário atual e gratuidade; não substitui regulamento oficial ausente."
"festival","festival-diamantina","festival-diamantina","festival-diamantina-source-1","Convocatória do II Festival de Cinema de Diamantina","https://cinediamante.com.br/convocatoria","oficial","2ª edição / 2025","Página ou regulamento consultado","confirmado em edição anterior","edição anterior","2026-10-04","2026-10-04","localização | atividade | categorias | duração | elegibilidade territorial | produção/conclusão | estreia | exibição online | pessoa autorizada a inscrever | taxas | abertura | encerramento | realização | relevância","Convocatória integralmente lida; o site não publicou chamada de 2026."
"festival","festival-diamantina","festival-diamantina","festival-diamantina-source-2","Prefeitura de Diamantina — inscrições da 2ª edição","https://www.diamantina.mg.gov.br/portal/noticias/0/3/5529/ii-festival-de-cinema-teminscricoesabertaspara-curtas-medias-e-longas","oficial","2ª edição / 2025","Página ou regulamento consultado","confirmado em edição anterior","edição anterior","2026-10-04","2026-10-04","localização | atividade | categorias | duração | elegibilidade territorial | produção/conclusão | estreia | exibição online | pessoa autorizada a inscrever | taxas | abertura | encerramento | realização | relevância",""
"festival","festival-sinedoque","festival-sinedoque","festival-sinedoque-source-1","Regulamento da Sinédoque 2026","https://www.sinedoque.com.br/regulamento","oficial","6ª edição / 2026","Página ou regulamento consultado","confirmado na edição atual","confirmado","2026-10-04","2026-10-04","localização | atividade | categorias | duração | elegibilidade territorial | produção/conclusão | estreia | exibição online | pessoa autorizada a inscrever | taxas | abertura | encerramento | realização | relevância","Regulamento integralmente lido; não publica datas da chamada."
"festival","festival-sinedoque","festival-sinedoque","festival-sinedoque-source-2","Página oficial Sinédoque 2026","https://www.sinedoque.com.br/","oficial","6ª edição / 2026","Página ou regulamento consultado","confirmado na edição atual","confirmado","2026-10-04","2026-10-04","activity | eventDates | locations | programmingReach | relevance","O topo informa 4–8/11, enquanto blocos de agenda ainda exibem datas da edição anterior em setembro."
"festival","festival-contagem","festival-contagem","festival-contagem-source-1","Prefeitura de Contagem — chamada do 1º Festival","https://portal.contagem.mg.gov.br/portal/noticias/0/3/81476/mais-cultura-inscricoes-abertas-para-o-1-festival-de-cinema-de-contagem-vao-ate-23-de-maio","oficial","1ª edição / 2025","Página ou regulamento consultado","confirmado em edição anterior","edição anterior","2026-10-04","2026-10-04","localização | atividade | categorias | duração | elegibilidade territorial | produção/conclusão | estreia | exibição online | pessoa autorizada a inscrever | taxas | abertura | encerramento | realização | relevância","Comunicado oficial integralmente lido; nenhuma 2ª edição foi localizada em 2026."
"festival","festival-finos","festival-finos","festival-finos-source-1","Festival de Finos Filmes 2026 — regras e inscrições","https://filmmakers.festhome.com/pt/festival/festival-de-finos-filmes","plataforma de inscrição","13ª edição / 2026","Página ou regulamento consultado","confirmado na edição atual","confirmado","2026-10-04","2026-10-04","localização | atividade | categorias | duração | elegibilidade territorial | produção/conclusão | estreia | exibição online | pessoa autorizada a inscrever | taxas | abertura | encerramento | realização | relevância","Página integralmente lida."
"festival","festival-finos","festival-finos","festival-finos-source-2","Site oficial Festival de Finos Filmes","https://www.finosfilmes.com.br/","oficial","13ª edição / 2026","Página ou regulamento consultado","confirmado na edição atual","confirmado","2026-10-04","2026-10-04","activity | relevance",""
"festival","festival-san","festival-san","festival-san-source-1","5ª Semana do Audiovisual Negro — formação","https://revistacontinente.com.br/secoes/agenda/5a-semana-do-audiovisual-negro-anuncia-programacao","fonte secundária","5ª edição / 2026","Página ou regulamento consultado","confirmado na edição atual","confirmado","2026-10-04","2026-10-04","localização | atividade | categorias | duração | elegibilidade territorial | produção/conclusão | estreia | exibição online | pessoa autorizada a inscrever | taxas | abertura | encerramento | realização | relevância","Reportagem integralmente lida; nenhuma chamada pública de filmes foi localizada."
"festival","festival-san","festival-san","festival-san-source-2","5ª SAN — programação de filmes","https://revistacontinente.com.br/secoes/agenda/semana-do-audiovisual-negro-exibe-mais-de-40-obras-de-curta-metragem","fonte secundária","5ª edição / 2026","Página ou regulamento consultado","confirmado na edição atual","confirmado","2026-10-04","2026-10-04","activity | eventDates | locations | programmingReach | relevance",""
"festival","festival-cinegro","festival-cinegro","festival-cinegro-source-1","TV Câmara Campinas — Cinegro 2025","https://www.tvcamaracampinas.com.br/videos/conexao-cultural-cinegro-2025-festival-de-cinema-negro-ocupa-o-mis-kChpHPup6lQ","oficial","edição 2025","Página ou regulamento consultado","confirmado em edição anterior","edição anterior","2026-10-04","2026-10-04","localização | atividade | categorias | duração | elegibilidade territorial | produção/conclusão | estreia | exibição online | pessoa autorizada a inscrever | taxas | abertura | encerramento | realização | relevância","Registro institucional da edição mais recente localizada; não foi encontrada convocatória pública."
"festival","festival-missoes","festival-missoes","festival-missoes-source-1","Mostra de Cinema das Missões — página 2026","https://filmfreeway.com/cinemissoes","plataforma de inscrição","edição 2026 / regras residuais de 2025","Página ou regulamento consultado","confirmado na edição atual","confirmado","2026-10-04","2026-10-04","localização | atividade | categorias | duração | elegibilidade territorial | produção/conclusão | estreia | exibição online | pessoa autorizada a inscrever | taxas | abertura | encerramento | realização | relevância","Metadados, cartões de taxa e descrição são atuais; o corpo do regulamento ainda está datado de 2025."
"festival","festival-maff","festival-maff","festival-maff-source-1","Prefeitura de Macaé — chamada do 1º MAFF","https://www.macae.rj.gov.br/noticias/leitura/noticia/macae-film-festival-alcanca-250-producoes-no-primeiro-dia-de-inscricao","oficial","1ª edição / 2026","Página ou regulamento consultado","confirmado na edição atual","confirmado","2026-10-04","2026-10-04","localização | atividade | categorias | duração | elegibilidade territorial | produção/conclusão | estreia | exibição online | pessoa autorizada a inscrever | taxas | abertura | encerramento | realização | relevância","Comunicado oficial integralmente lido; o link externo do regulamento não foi recuperado."
"festival","festival-maff","festival-maff","festival-maff-source-2","MAFF — formatos e ano mínimo","https://economianegocios.com.br/2026/09/05/primeiro-macae-film-festival-fortalece-economia-criativa-e-ja-atrai-producoes-de-seis-paises/","fonte secundária","1ª edição / 2026","Página ou regulamento consultado","confirmado na edição atual","confirmado","2026-10-04","2026-10-04","formats | productionYear | relevance","Usada apenas nos campos explicitados; não substitui regulamento."
"festival","festival-nicho","festival-nicho","festival-nicho-source-1","Site oficial NICHO54","https://nicho54.com.br/","oficial","8ª edição / 2026","Página ou regulamento consultado","confirmado na edição atual","confirmado","2026-10-04","2026-10-04","localização | atividade | categorias | duração | elegibilidade territorial | produção/conclusão | estreia | exibição online | pessoa autorizada a inscrever | taxas | abertura | encerramento | realização | relevância","A página atual direciona ao festival, mas o regulamento completo não ficou indexado."
"festival","festival-nicho","festival-nicho","festival-nicho-source-2","8º Festival Nicho — chamada detalhada","https://telaviva.com.br/10/09/2026/8o-festival-nicho-abre-inscricoes-para-filmes-de-autoria-negra/","fonte secundária","8ª edição / 2026","Página ou regulamento consultado","confirmado na edição atual","confirmado","2026-10-04","2026-10-04","activity | categories | duration | territory | productionYear | premiere | online | eligibleEntrants | fees | closing | eventDates | relevance","Reportagem especializada integralmente lida; usada somente nos campos detalhados."
"festival","festival-portopostdoc","festival-portopostdoc","festival-portopostdoc-source-1","Porto/Post/Doc 2026 — open call","https://www.portopostdoc.com/home/festival/2026/opencall/","oficial","13ª edição / 2026","Página ou regulamento consultado","confirmado na edição atual","confirmado","2026-10-04","2026-10-04","localização | atividade | categorias | duração | elegibilidade territorial | produção/conclusão | estreia | exibição online | pessoa autorizada a inscrever | taxas | abertura | encerramento | realização | relevância","Página oficial integralmente lida."
"festival","festival-portopostdoc","festival-portopostdoc","festival-portopostdoc-source-2","Porto/Post/Doc 2026 — Rules and Regulations","https://portopostdoc.com/assets/Uploads/PPD26-Rules-and-Regulations.pdf","oficial","13ª edição / 2026","Página ou regulamento consultado","confirmado na edição atual","confirmado","2026-10-04","2026-10-04","localização | atividade | categorias | duração | elegibilidade territorial | produção/conclusão | estreia | exibição online | pessoa autorizada a inscrever | taxas | abertura | encerramento | realização | relevância","PDF oficial integralmente lido; taxas de inscrição não são informadas."
"festival","festival-femucine","festival-femucine","festival-femucine-source-1","DODF — ocupação do Teatro de Sobradinho pelo FEMUCINE","https://www.sinj.df.gov.br/sinj/TextoArquivoDiario.aspx?id_file=797edd0d-e9f3-32a2-9895-61b46062ae63","oficial","3ª edição / 2025","Página ou regulamento consultado","confirmado em edição anterior","edição anterior","2026-10-04","2026-10-04","localização | atividade | categorias | duração | elegibilidade territorial | produção/conclusão | estreia | exibição online | pessoa autorizada a inscrever | taxas | abertura | encerramento | realização | relevância","Fonte oficial comprova a realização, não as regras da chamada."
"festival","festival-femucine","festival-femucine","festival-femucine-source-2","FEMUCINE retorna para a 3ª edição","https://brasiliaetc.com.br/festival-multicultural-de-cinema-femucine-retorna-para-sua-3a-edicao-em-sobradinho/","fonte secundária","3ª edição / 2025","Página ou regulamento consultado","confirmado em edição anterior","edição anterior","2026-10-04","2026-10-04","localização | atividade | categorias | duração | elegibilidade territorial | produção/conclusão | estreia | exibição online | pessoa autorizada a inscrever | taxas | abertura | encerramento | realização | relevância","Usada para programação e perfil; diverge do DODF em um dia da ocupação."
"festival","festival-doclisboa","festival-doclisboa","festival-doclisboa-source-1","Doclisboa 2026 — regulamento","https://doclisboa.org/regulamento/","oficial","24ª edição / 2026","Página ou regulamento consultado","confirmado na edição atual","confirmado","2026-10-04","2026-10-04","localização | atividade | categorias | duração | elegibilidade territorial | produção/conclusão | estreia | exibição online | pessoa autorizada a inscrever | taxas | abertura | encerramento | realização | relevância","Regulamento oficial integralmente lido."
"festival","festival-doclisboa","festival-doclisboa","festival-doclisboa-source-2","Doclisboa 2026 — inscrições","https://doclisboa.org/inscricoes/","oficial","24ª edição / 2026","Página ou regulamento consultado","confirmado na edição atual","confirmado","2026-10-04","2026-10-04","localização | atividade | categorias | duração | elegibilidade territorial | produção/conclusão | estreia | exibição online | pessoa autorizada a inscrever | taxas | abertura | encerramento | realização | relevância","Página oficial de chamada, prazos e taxas integralmente lida."
"festival","festival-fronteira","festival-fronteira","festival-fronteira-source-1","Regulamento do V Fronteira","https://www.fronteirafestival.com/doc/regulamento_vfff_pt_en.pdf","oficial","5ª edição / 2023","Página ou regulamento consultado","confirmado em edição anterior","edição anterior","2026-10-04","2026-10-04","localização | atividade | categorias | duração | elegibilidade territorial | produção/conclusão | estreia | exibição online | pessoa autorizada a inscrever | taxas | abertura | encerramento | realização | relevância","Regulamento integralmente lido; nenhuma edição posterior localizada."
"festival","festival-fronteira","festival-fronteira","festival-fronteira-source-2","Fronteira — histórico oficial","https://www.fronteirafestival.com/pt/sobre/festival","oficial","5ª edição / 2023","Página ou regulamento consultado","confirmado em edição anterior","edição anterior","2026-10-04","2026-10-04","localização | atividade | categorias | duração | elegibilidade territorial | produção/conclusão | estreia | exibição online | pessoa autorizada a inscrever | taxas | abertura | encerramento | realização | relevância",""
"festival","festival-cinecipo","festival-cinecipo","festival-cinecipo-source-1","14º Cinecipó — página oficial","https://cinecipo.com.br/","oficial","14ª edição / 2026","Página ou regulamento consultado","confirmado na edição atual","confirmado","2026-10-04","2026-10-04","localização | atividade | categorias | duração | elegibilidade territorial | produção/conclusão | estreia | exibição online | pessoa autorizada a inscrever | taxas | abertura | encerramento | realização | relevância","Confirma 8–12/9/2026 e sede."
"festival","festival-cinecipo","festival-cinecipo","festival-cinecipo-source-2","14º Cinecipó — regras de inscrição","https://filmfreeway.com/cinecipo","plataforma de inscrição","14ª edição / 2026","Página ou regulamento consultado","confirmado na edição atual","confirmado","2026-10-04","2026-10-04","localização | atividade | categorias | duração | elegibilidade territorial | produção/conclusão | estreia | exibição online | pessoa autorizada a inscrever | taxas | abertura | encerramento | realização | relevância","Regras integralmente lidas; o texto traz mês de realização e cláusula de edição residual divergentes."
"festival","festival-pinhais","festival-pinhais","festival-pinhais-source-1","Prefeitura de Pinhais — vencedores do 14º FESTCINE","https://atendenet.pinhais.pr.gov.br/cidadao/noticia/14-festival-de-cinema-de-pinhais-divulga-filmes-vencedores-que-serao-exibidos-no-centro-cultural","oficial","14ª edição / 2026","Página ou regulamento consultado","confirmado na edição atual","confirmado","2026-10-04","2026-10-04","localização | atividade | categorias | duração | elegibilidade territorial | produção/conclusão | estreia | exibição online | pessoa autorizada a inscrever | taxas | abertura | encerramento | realização | relevância","Página oficial comprova edição, categorias, alcance e sessões; edital não localizado."
"festival","festival-mostrasp","festival-mostrasp","festival-mostrasp-source-1","50ª Mostra — inscrições abertas","https://mostra.org/jornal-da-mostra/estao-abertas-as-inscricoes-para-a-50-mostra-internacional-de-cinema-em-sao-paulo","oficial","50ª edição / 2026","Página ou regulamento consultado","confirmado na edição atual","confirmado","2026-10-04","2026-10-04","localização | atividade | categorias | duração | elegibilidade territorial | produção/conclusão | estreia | exibição online | pessoa autorizada a inscrever | taxas | abertura | encerramento | realização | relevância","Página oficial confirma janela e datas."
"festival","festival-mostrasp","festival-mostrasp","festival-mostrasp-source-2","Regulamento da 50ª Mostra","https://static.mostra.org/_uploads/371c67a471638a92.pdf?v=1775088994396","oficial","50ª edição / 2026","Página ou regulamento consultado","confirmado na edição atual","confirmado","2026-10-04","2026-10-04","localização | atividade | categorias | duração | elegibilidade territorial | produção/conclusão | estreia | exibição online | pessoa autorizada a inscrever | taxas | abertura | encerramento | realização | relevância","PDF oficial de dez páginas integralmente lido."
"festival","festival-noturno","festival-noturno","festival-noturno-source-1","Noturno Festival — site oficial","https://www.noturnofestival.info/","oficial","2ª edição / 2026","Página ou regulamento consultado","confirmado na edição atual","confirmado","2026-10-04","2026-10-04","localização | atividade | categorias | duração | elegibilidade territorial | produção/conclusão | estreia | exibição online | pessoa autorizada a inscrever | taxas | abertura | encerramento | realização | relevância","O domínio foi consultado, mas páginas internas passaram a redirecionar para conteúdo estranho; regras não puderam ser lidas."
"festival","festival-noturno","festival-noturno","festival-noturno-source-2","JC — inscrições para o 2º Noturno","https://jc.uol.com.br/cultura/2026/04/13/segunda-edicao-do-noturno-festival-internacional-de-cinema-do-recife-abre-inscricoes-para-filmes.html","fonte secundária","2ª edição / 2026","Página ou regulamento consultado","confirmado na edição atual","confirmado","2026-10-04","2026-10-04","localização | atividade | categorias | duração | elegibilidade territorial | produção/conclusão | estreia | exibição online | pessoa autorizada a inscrever | taxas | abertura | encerramento | realização | relevância","Usada para datas e critérios publicados enquanto o regulamento oficial estava inacessível."
"festival","festival-arapiraca","festival-arapiraca","festival-arapiraca-source-1","V Festival de Cinema de Arapiraca — regulamento","https://festivaldecinemadearapiraca.com/home/regulamentoptbr/","oficial","5ª edição / 2026","Página ou regulamento consultado","confirmado na edição atual","confirmado","2026-10-04","2026-10-04","localização | atividade | categorias | duração | elegibilidade territorial | produção/conclusão | estreia | exibição online | pessoa autorizada a inscrever | taxas | abertura | encerramento | realização | relevância","Regulamento oficial integralmente lido."
"festival","festival-motriz","festival-motriz","festival-motriz-source-1","Regulamento do 3º Motriz","https://www.cinemotriz.com.br/wp-content/uploads/2024/06/Regulamento-3o-Motriz-Festival-de-Cinema-de-Planaltina.pdf","oficial","3ª edição / 2024","Página ou regulamento consultado","confirmado em edição anterior","edição anterior","2026-10-04","2026-10-04","localização | atividade | categorias | duração | elegibilidade territorial | produção/conclusão | estreia | exibição online | pessoa autorizada a inscrever | taxas | abertura | encerramento | realização | relevância","Regulamento oficial de cinco páginas integralmente lido; nenhuma edição de 2025/2026 localizada."
"festival","festival-motriz","festival-motriz","festival-motriz-source-2","Motriz 2024 — programação e balanço","https://www.cinemotriz.com.br/","oficial","3ª edição / 2024","Página ou regulamento consultado","confirmado em edição anterior","edição anterior","2026-10-04","2026-10-04","localização | atividade | categorias | duração | elegibilidade territorial | produção/conclusão | estreia | exibição online | pessoa autorizada a inscrever | taxas | abertura | encerramento | realização | relevância",""
"festival","festival-cinejardim","festival-cinejardim","festival-cinejardim-source-1","9º Cine Jardim — site oficial","https://cinejardim.com/","oficial","9ª edição / 2026","Página ou regulamento consultado","confirmado na edição atual","confirmado","2026-10-04","2026-10-04","localização | atividade | categorias | duração | elegibilidade territorial | produção/conclusão | estreia | exibição online | pessoa autorizada a inscrever | taxas | abertura | encerramento | realização | relevância","Confirma edição, programação e período de 17–22/8."
"festival","festival-cinejardim","festival-cinejardim","festival-cinejardim-source-2","9º Cine Jardim — regulamento","https://filmfreeway.com/CineJardim","plataforma de inscrição","9ª edição / 2026","Página ou regulamento consultado","confirmado na edição atual","confirmado","2026-10-04","2026-10-04","localização | atividade | categorias | duração | elegibilidade territorial | produção/conclusão | estreia | exibição online | pessoa autorizada a inscrever | taxas | abertura | encerramento | realização | relevância","Regras integralmente lidas; contém conflitos entre títulos de seções e data final do evento."
"festival","festival-fecine","festival-fecine","festival-fecine-source-1","Regulamento do 2º FECINE","https://fecine.com.br/wp-content/uploads/2025/08/2-FECINE-Regulamento.pdf","oficial","2ª edição / 2025","Página ou regulamento consultado","confirmado em edição anterior","edição anterior","2026-10-04","2026-10-04","localização | atividade | categorias | duração | elegibilidade territorial | produção/conclusão | estreia | exibição online | pessoa autorizada a inscrever | taxas | abertura | encerramento | realização | relevância","Regulamento oficial integralmente lido; nenhuma chamada de 2026 localizada."
"festival","festival-sundance","festival-sundance","festival-sundance-source-1","Sundance 2027 — submit","https://www.sundance.org/festivals/sundance-film-festival/submit/","oficial","edição 2027","Página ou regulamento consultado","confirmado na edição atual","confirmado","2026-10-04","2026-10-04","localização | atividade | categorias | duração | elegibilidade territorial | produção/conclusão | estreia | exibição online | pessoa autorizada a inscrever | taxas | abertura | encerramento | realização | relevância","Página oficial de inscrições consultada."
"festival","festival-sundance","festival-sundance","festival-sundance-source-2","Sundance 2027 — Submission Rules","https://www.sundance.org/wp-content/uploads/2026/06/2027_Submissions_Rules.pdf","oficial","edição 2027","Página ou regulamento consultado","confirmado na edição atual","confirmado","2026-10-04","2026-10-04","localização | atividade | categorias | duração | elegibilidade territorial | produção/conclusão | estreia | exibição online | pessoa autorizada a inscrever | taxas | abertura | encerramento | realização | relevância","PDF oficial integralmente lido."
"festival","festival-sundance","festival-sundance","festival-sundance-source-3","Sundance 2027 — Submissions FAQ","https://www.sundance.org/wp-content/uploads/2026/06/2027_Submissions_FAQ.pdf","oficial","edição 2027","Página ou regulamento consultado","confirmado na edição atual","confirmado","2026-10-04","2026-10-04","localização | atividade | categorias | duração | elegibilidade territorial | produção/conclusão | estreia | exibição online | pessoa autorizada a inscrever | taxas | abertura | encerramento | realização | relevância","FAQ oficial integralmente lida."
"festival","festival-sundance","festival-sundance","festival-sundance-source-4","Sundance anuncia datas e sede de 2027","https://www.sundance.org/blogs/2027-sundance-film-festival-to-take-place-january-21-31-in-boulder-colorado/","oficial","edição 2027","Página ou regulamento consultado","confirmado na edição atual","confirmado","2026-10-04","2026-10-04","localização | atividade | categorias | duração | elegibilidade territorial | produção/conclusão | estreia | exibição online | pessoa autorizada a inscrever | taxas | abertura | encerramento | realização | relevância","Fonte oficial para Boulder e datas."
"festival","festival-indielisboa","festival-indielisboa","festival-indielisboa-source-1","IndieLisboa 2027 — Rules and Terms","https://indielisboa.com/en/festival/rules-and-terms/","oficial","24ª edição / 2027","Página ou regulamento consultado","confirmado na edição atual","confirmado","2026-10-04","2026-10-04","localização | atividade | categorias | duração | elegibilidade territorial | produção/conclusão | estreia | exibição online | pessoa autorizada a inscrever | taxas | abertura | encerramento | realização | relevância","Regulamento oficial integralmente lido."
"festival","festival-lobofest","festival-lobofest","festival-lobofest-source-1","17º LoboFest — regras","https://filmfreeway.com/LoboFestFestivalInternacionaldeFilmes","plataforma de inscrição","17ª edição / chamada 2025, realização 2026","Página ou regulamento consultado","confirmado na edição atual","confirmado","2026-10-04","2026-10-04","localização | atividade | categorias | duração | elegibilidade territorial | produção/conclusão | estreia | exibição online | pessoa autorizada a inscrever | taxas | abertura | encerramento | realização | relevância","Regras integralmente lidas; versões portuguesa/inglesa divergem nas datas internacionais."
"festival","festival-lobofest","festival-lobofest","festival-lobofest-source-2","Programação da 17ª edição do LoboFest","https://aguasclarasmidia.com.br/wp-content/uploads/2026/03/FolhadeAG360.pdf","fonte secundária","17ª edição / chamada 2025, realização 2026","Página ou regulamento consultado","confirmado na edição atual","confirmado","2026-10-04","2026-10-04","localização | atividade | categorias | duração | elegibilidade territorial | produção/conclusão | estreia | exibição online | pessoa autorizada a inscrever | taxas | abertura | encerramento | realização | relevância","Confirma realização de 18–20/3/2026 no Riacho Fundo."
"festival","festival-estranhos","festival-estranhos","festival-estranhos-source-1","2º Estranhos Encontros — site oficial","https://www.estranhosencontros.com/","oficial","2ª edição / 2026","Página ou regulamento consultado","confirmado na edição atual","confirmado","2026-10-04","2026-10-04","localização | atividade | categorias | duração | elegibilidade territorial | produção/conclusão | estreia | exibição online | pessoa autorizada a inscrever | taxas | abertura | encerramento | realização | relevância","Confirma programa, datas e espaços."
"festival","festival-estranhos","festival-estranhos","festival-estranhos-source-2","2º Estranhos Encontros — regras e taxas","https://filmfreeway.com/estranhosencontros","plataforma de inscrição","2ª edição / 2026","Página ou regulamento consultado","confirmado na edição atual","confirmado","2026-10-04","2026-10-04","localização | atividade | categorias | duração | elegibilidade territorial | produção/conclusão | estreia | exibição online | pessoa autorizada a inscrever | taxas | abertura | encerramento | realização | relevância","Regras, lotes e taxas integralmente lidos."
"festival","festival-cinedoscampos","festival-cinedoscampos","festival-cinedoscampos-source-1","2º Cine dos Campos — inscrições","https://www.cinedoscampos.com.br/inscri%C3%A7%C3%B5es","oficial","2ª edição / 2025","Página ou regulamento consultado","confirmado em edição anterior","edição anterior","2026-10-04","2026-10-04","localização | atividade | categorias | duração | elegibilidade territorial | produção/conclusão | estreia | exibição online | pessoa autorizada a inscrever | taxas | abertura | encerramento | realização | relevância","Página oficial integralmente lida; nenhuma edição de 2026 localizada."
"festival","festival-idfa","festival-idfa","festival-idfa-source-1","IDFA 2026 — Festival Entry Regulations","https://professionals.idfa.nl/program/festival-entries/festival-entry-regulations/","oficial","39ª edição / 2026","Página ou regulamento consultado","confirmado na edição atual","confirmado","2026-10-04","2026-10-04","localização | atividade | categorias | duração | elegibilidade territorial | produção/conclusão | estreia | exibição online | pessoa autorizada a inscrever | taxas | abertura | encerramento | realização | relevância","Regulamento oficial integralmente lido."
"festival","festival-iffr","festival-iffr","festival-iffr-source-1","IFFR 2027 — Film Entry","https://iffr.com/en/iffr-pro-submissions/film-entry","oficial","56ª edição / 2027","Página ou regulamento consultado","confirmado na edição atual","confirmado","2026-10-04","2026-10-04","localização | atividade | categorias | duração | elegibilidade territorial | produção/conclusão | estreia | exibição online | pessoa autorizada a inscrever | taxas | abertura | encerramento | realização | relevância","Página oficial de regras, prazos e taxas integralmente lida."
"festival","festival-cphdox","festival-cphdox","festival-cphdox-source-1","CPH:DOX 2027 — Rules and Regulations","https://cphdox.dk/rules-and-regulations/","oficial","edição 2027","Página ou regulamento consultado","confirmado na edição atual","confirmado","2026-10-04","2026-10-04","localização | atividade | categorias | duração | elegibilidade territorial | produção/conclusão | estreia | exibição online | pessoa autorizada a inscrever | taxas | abertura | encerramento | realização | relevância","Regulamento oficial integralmente lido."
"festival","festival-oberhausen","festival-oberhausen","festival-oberhausen-source-1","Oberhausen 2027 — Submission","https://www.kurzfilmtage.de/en/festival/submission/","oficial","73ª edição / 2027","Página ou regulamento consultado","confirmado na edição atual","confirmado","2026-10-04","2026-10-04","localização | atividade | categorias | duração | elegibilidade territorial | produção/conclusão | estreia | exibição online | pessoa autorizada a inscrever | taxas | abertura | encerramento | realização | relevância","Página oficial de prazos e categorias integralmente lida."
"festival","festival-oberhausen","festival-oberhausen","festival-oberhausen-source-2","Oberhausen 2027 — Regulations","https://www.kurzfilmtage.de/en/festival/regulations/","oficial","73ª edição / 2027","Página ou regulamento consultado","confirmado na edição atual","confirmado","2026-10-04","2026-10-04","localização | atividade | categorias | duração | elegibilidade territorial | produção/conclusão | estreia | exibição online | pessoa autorizada a inscrever | taxas | abertura | encerramento | realização | relevância","Regulamento oficial integralmente lido."
"festival","festival-clermont","festival-clermont","festival-clermont-source-1","Clermont-Ferrand 2027 — Submit a Film","https://www.lecourt-clermont.org/en/pros/submit-a-film/","oficial","49ª edição / 2027","Página ou regulamento consultado","confirmado na edição atual","confirmado","2026-10-04","2026-10-04","localização | atividade | categorias | duração | elegibilidade territorial | produção/conclusão | estreia | exibição online | pessoa autorizada a inscrever | taxas | abertura | encerramento | realização | relevância","Página oficial de categorias, prazos e taxas integralmente lida."
"festival","festival-clermont","festival-clermont","festival-clermont-source-2","Clermont-Ferrand 2027 — página oficial","https://www.lecourt-clermont.org/en/","oficial","49ª edição / 2027","Página ou regulamento consultado","confirmado na edição atual","confirmado","2026-10-04","2026-10-04","localização | atividade | categorias | duração | elegibilidade territorial | produção/conclusão | estreia | exibição online | pessoa autorizada a inscrever | taxas | abertura | encerramento | realização | relevância","Confirma datas do festival e do mercado."
"festival","festival-visions","festival-visions","festival-visions-source-1","Visions du Réel 2027 — Call for Films","https://www.visionsdureel.ch/en/call-for-entries/","oficial","58ª edição / 2027","Página ou regulamento consultado","confirmado na edição atual","confirmado","2026-10-04","2026-10-04","localização | atividade | categorias | duração | elegibilidade territorial | produção/conclusão | estreia | exibição online | pessoa autorizada a inscrever | taxas | abertura | encerramento | realização | relevância","Página oficial de prazos e taxas integralmente lida."
"festival","festival-visions","festival-visions","festival-visions-source-2","Visions du Réel 2027 — Regulations","https://www.visionsdureel.ch/wp-content/uploads/2026/09/VdR27_Regulations_EN-1.pdf","oficial","58ª edição / 2027","Página ou regulamento consultado","confirmado na edição atual","confirmado","2026-10-04","2026-10-04","localização | atividade | categorias | duração | elegibilidade territorial | produção/conclusão | estreia | exibição online | pessoa autorizada a inscrever | taxas | abertura | encerramento | realização | relevância","PDF oficial de dez páginas integralmente lido."
"festival","festival-fid","festival-fid","festival-fid-source-1","FIDMarseille 2026 — Call for Films and Regulations","https://fidmarseille.org/en/festivals/festival-37/appel-a-films","oficial","37ª edição / 2026","Página ou regulamento consultado","confirmado na edição atual","confirmado","2026-10-04","2026-10-04","localização | atividade | categorias | duração | elegibilidade territorial | produção/conclusão | estreia | exibição online | pessoa autorizada a inscrever | taxas | abertura | encerramento | realização | relevância","Página oficial com regulamento integralmente lida."
"festival","festival-dokleipzig","festival-dokleipzig","festival-dokleipzig-source-1","DOK Leipzig 2026 — Film Submission Regulations","https://www.dok-leipzig.de/en/film-submission-regulations","oficial","69ª edição / 2026","Página ou regulamento consultado","confirmado na edição atual","confirmado","2026-10-04","2026-10-04","localização | atividade | categorias | duração | elegibilidade territorial | produção/conclusão | estreia | exibição online | pessoa autorizada a inscrever | taxas | abertura | encerramento | realização | relevância","Regulamento oficial integralmente lido."
"festival","festival-dokleipzig","festival-dokleipzig","festival-dokleipzig-source-2","DOK Leipzig 2026 — Submission FAQ","https://www.dok-leipzig.de/en/faq-submission","oficial","69ª edição / 2026","Página ou regulamento consultado","confirmado na edição atual","confirmado","2026-10-04","2026-10-04","localização | atividade | categorias | duração | elegibilidade territorial | produção/conclusão | estreia | exibição online | pessoa autorizada a inscrever | taxas | abertura | encerramento | realização | relevância","FAQ oficial integralmente lida; confirma taxas e isenção para produções exclusivamente brasileiras."
"festival","festival-hotdocs","festival-hotdocs","festival-hotdocs-source-1","Hot Docs 2027 — Submit a Film","https://hotdocs.ca/industry/submit/submit-a-film","oficial","edição 2027","Página ou regulamento consultado","confirmado na edição atual","confirmado","2026-10-04","2026-10-04","localização | atividade | categorias | duração | elegibilidade territorial | produção/conclusão | estreia | exibição online | pessoa autorizada a inscrever | taxas | abertura | encerramento | realização | relevância","Página oficial de regras, prazos, taxas e categorias integralmente lida."
"festival","festival-sheffield","festival-sheffield","festival-sheffield-source-1","Sheffield DocFest 2026 — Film Entries","https://cdn.sheffdocfest.com/news/2026-film-entries","oficial","33ª edição / 2026","Página ou regulamento consultado","confirmado na edição atual","parcial","2026-10-04","2026-10-04","localização | atividade | categorias | duração | elegibilidade territorial | produção/conclusão | estreia | exibição online | pessoa autorizada a inscrever | taxas | abertura | encerramento | realização | relevância","Página oficial de resumo lida; contém prazos e taxas."
"festival","festival-sheffield","festival-sheffield","festival-sheffield-source-2","Sheffield 2026 — Film Programme Entry Guidelines","https://drive.google.com/file/d/1Y0KcAX2SUIubFHwfXp3WcIteDwg5SJmI/view?usp=sharing","oficial","33ª edição / 2026","Página ou regulamento consultado","não localizado","parcial","2026-10-04","2026-10-04","localização | atividade | categorias | duração | elegibilidade territorial | produção/conclusão | estreia | exibição online | pessoa autorizada a inscrever | taxas | abertura | encerramento | realização | relevância","PDF oficial vinculado pelo festival, mas o proprietário desabilitou download; tentativa em 4/10/2026 devolveu acesso somente ao proprietário/editores."
"festival","festival-docsbarcelona","festival-docsbarcelona","festival-docsbarcelona-source-1","DocsBarcelona 2027 — Festival Submissions","https://docsbarcelona.com/en/inscripcions-festival/","oficial","30ª edição / 2027","Página ou regulamento consultado","confirmado na edição atual","confirmado","2026-10-04","2026-10-04","localização | atividade | categorias | duração | elegibilidade territorial | produção/conclusão | estreia | exibição online | pessoa autorizada a inscrever | taxas | abertura | encerramento | realização | relevância","Página oficial de chamada integralmente lida."
"festival","festival-docsbarcelona","festival-docsbarcelona","festival-docsbarcelona-source-2","DocsBarcelona 2027 — Rules and Regulations","https://drive.google.com/file/d/1iBAYvBLkBm0wn30aI5HLU6Mr1X4k6w5B/view","oficial","30ª edição / 2027","Página ou regulamento consultado","confirmado na edição atual","confirmado","2026-10-04","2026-10-04","localização | atividade | categorias | duração | elegibilidade territorial | produção/conclusão | estreia | exibição online | pessoa autorizada a inscrever | taxas | abertura | encerramento | realização | relevância","PDF oficial de seis páginas baixado e integralmente lido em 4/10/2026."
"festival","festival-jihlava","festival-jihlava","festival-jihlava-source-1","Ji.hlava 2026 — Film Submissions","https://www.ji-hlava.com/prihlaseni-filmu","oficial","30ª edição / 2026","Página ou regulamento consultado","confirmado na edição atual","confirmado","2026-10-04","2026-10-04","localização | atividade | categorias | duração | elegibilidade territorial | produção/conclusão | estreia | exibição online | pessoa autorizada a inscrever | taxas | abertura | encerramento | realização | relevância","Página oficial de chamada integralmente lida."
"festival","festival-jihlava","festival-jihlava","festival-jihlava-source-2","Ji.hlava 2026 — Guidelines and Conditions","https://www.ji-hlava.com/media/editor/soubory/downloads/2026/submissions/Guidelines-and-Conditions-Ji.hlava%20idff%202026.pdf","oficial","30ª edição / 2026","Página ou regulamento consultado","confirmado na edição atual","confirmado","2026-10-04","2026-10-04","localização | atividade | categorias | duração | elegibilidade territorial | produção/conclusão | estreia | exibição online | pessoa autorizada a inscrever | taxas | abertura | encerramento | realização | relevância","PDF oficial de oito páginas integralmente lido."
"festival","festival-curtaspt","festival-curtaspt","festival-curtaspt-source-1","Curtas Vila do Conde 2027 — Call for Entries","https://www.festival.curtas.pt/info/call-for-entries/","oficial","35ª edição / 2027","Página ou regulamento consultado","confirmado na edição atual","parcial","2026-10-04","2026-10-04","localização | atividade | categorias | duração | elegibilidade territorial | produção/conclusão | estreia | exibição online | pessoa autorizada a inscrever | taxas | abertura | encerramento | realização | relevância","Página oficial atual lida integralmente; confirma categorias gerais, datas e taxas."
"festival","festival-curtaspt","festival-curtaspt","festival-curtaspt-source-2","Curtas Vila do Conde 2027 — regulamento","https://app.box.com/folder/415051902634","oficial","35ª edição / 2027","Página ou regulamento consultado","não localizado","parcial","2026-10-04","2026-10-04","localização | atividade | categorias | duração | elegibilidade territorial | produção/conclusão | estreia | exibição online | pessoa autorizada a inscrever | taxas | abertura | encerramento | realização | relevância","O link oficial do regulamento redireciona para login do Box e não permitiu leitura em 4/10/2026."
"festival","festival-tampere","festival-tampere","festival-tampere-source-1","Tampere 2027 — Competitions","https://tamperefilmfestival.fi/en/industry/competitions/","oficial","57ª edição / 2027","Página ou regulamento consultado","confirmado na edição atual","confirmado","2026-10-04","2026-10-04","localização | atividade | categorias | duração | elegibilidade territorial | produção/conclusão | estreia | exibição online | pessoa autorizada a inscrever | taxas | abertura | encerramento | realização | relevância","Página oficial de competições e links de regras lida."
"festival","festival-tampere","festival-tampere","festival-tampere-source-2","Tampere 2027 — International Competition Regulations","https://tamperefilmfestival.fi/en/industry/competitions/regulations-international-competition-2027/","oficial","57ª edição / 2027","Página ou regulamento consultado","confirmado na edição atual","confirmado","2026-10-04","2026-10-04","localização | atividade | categorias | duração | elegibilidade territorial | produção/conclusão | estreia | exibição online | pessoa autorizada a inscrever | taxas | abertura | encerramento | realização | relevância","Regulamento oficial integralmente lido."
"festival","festival-tampere","festival-tampere","festival-tampere-source-3","Tampere 2027 — National Competition Regulations","https://tamperefilmfestival.fi/en/industry/competitions/regulations-national-competition-2027/","oficial","57ª edição / 2027","Página ou regulamento consultado","confirmado na edição atual","confirmado","2026-10-04","2026-10-04","localização | atividade | categorias | duração | elegibilidade territorial | produção/conclusão | estreia | exibição online | pessoa autorizada a inscrever | taxas | abertura | encerramento | realização | relevância","Regulamento oficial integralmente lido."
"festival","festival-tampere","festival-tampere","festival-tampere-source-4","Tampere 2027 — Genre Competition Regulations","https://tamperefilmfestival.fi/en/industry/competitions/regulations-genre-competition-2027/","oficial","57ª edição / 2027","Página ou regulamento consultado","confirmado na edição atual","confirmado","2026-10-04","2026-10-04","localização | atividade | categorias | duração | elegibilidade territorial | produção/conclusão | estreia | exibição online | pessoa autorizada a inscrever | taxas | abertura | encerramento | realização | relevância","Regulamento oficial integralmente lido."
"festival","festival-uppsala","festival-uppsala","festival-uppsala-source-1","Uppsala 2026 — Enter Your Film","https://shortfilmfestival.com/en/anmala-film/","oficial","edição 2026","Página ou regulamento consultado","confirmado na edição atual","parcial","2026-10-04","2026-10-04","localização | atividade | categorias | duração | elegibilidade territorial | produção/conclusão | estreia | exibição online | pessoa autorizada a inscrever | taxas | abertura | encerramento | realização | relevância","Página oficial de categorias, prazos e taxas lida integralmente; chama a edição de 45ª."
"festival","festival-uppsala","festival-uppsala","festival-uppsala-source-2","Uppsala 2026 — About the Festival","https://shortfilmfestival.com/en/about-the-festival/","oficial","edição 2026","Página ou regulamento consultado","confirmado na edição atual","parcial","2026-10-04","2026-10-04","localização | atividade | categorias | duração | elegibilidade territorial | produção/conclusão | estreia | exibição online | pessoa autorizada a inscrever | taxas | abertura | encerramento | realização | relevância","Página oficial confirma 19–25/10/2026, histórico e qualificações; chama a edição de 44ª."
"festival","festival-encounters","festival-encounters","festival-encounters-source-1","Encounters 2027 — Submissions","https://www.encounters.film/submissions","oficial","edição 2027","Página ou regulamento consultado","confirmado na edição atual","confirmado","2026-10-04","2026-10-04","localização | atividade | categorias | duração | elegibilidade territorial | produção/conclusão | estreia | exibição online | pessoa autorizada a inscrever | taxas | abertura | encerramento | realização | relevância","Página oficial de submissões integralmente lida."
"festival","festival-encounters","festival-encounters","festival-encounters-source-2","Encounters 2027 — FilmFreeway","https://filmfreeway.com/EncountersFilmFestival","plataforma de inscrição","edição 2027","Página ou regulamento consultado","confirmado na edição atual","confirmado","2026-10-04","2026-10-04","localização | atividade | categorias | duração | elegibilidade territorial | produção/conclusão | estreia | exibição online | pessoa autorizada a inscrever | taxas | abertura | encerramento | realização | relevância","Regras, categorias, prazos e taxas integralmente lidos."
"festival","festival-winterthur","festival-winterthur","festival-winterthur-source-1","Winterthur 2026 — Competition Rules and Regulations","https://www.kurzfilmtage.ch/-downloads-/document/3973/ikw26_Competitons_Rules_and_Regulations_260121.pdf","oficial","30ª edição / 2026","Página ou regulamento consultado","confirmado na edição atual","confirmado","2026-10-04","2026-10-04","localização | atividade | categorias | duração | elegibilidade territorial | produção/conclusão | estreia | exibição online | pessoa autorizada a inscrever | taxas | abertura | encerramento | realização | relevância","PDF oficial integralmente lido."
"festival","festival-krakow","festival-krakow","festival-krakow-source-1","Krakow Film Festival 2026 — regulamento","https://www.krakowfilmfestival.pl/66-kff/regulamin-66-kff/","oficial","66ª edição / 2026","Página ou regulamento consultado","confirmado na edição atual","confirmado","2026-10-04","2026-10-04","localização | atividade | categorias | duração | elegibilidade territorial | produção/conclusão | estreia | exibição online | pessoa autorizada a inscrever | taxas | abertura | encerramento | realização | relevância","Regulamento oficial integralmente lido; prevalece sobre comunicado em inglês com anos residuais."
"festival","festival-goshort","festival-goshort","festival-goshort-source-1","Go Short 2027 — Call for Entry","https://www.goshort.nl/en/news-overview/call-for-entry-go-short-2027","oficial","19ª edição / 2027","Página ou regulamento consultado","confirmado na edição atual","confirmado","2026-10-04","2026-10-04","localização | atividade | categorias | duração | elegibilidade territorial | produção/conclusão | estreia | exibição online | pessoa autorizada a inscrever | taxas | abertura | encerramento | realização | relevância","Página oficial de prazos e taxas integralmente lida."
"festival","festival-goshort","festival-goshort","festival-goshort-source-2","Go Short 2027 — Short Film Competition Regulations","https://www.goshort.nl/media/sghjttzm/regulations-go-short-2027-short-film-competition.pdf?v=1","oficial","19ª edição / 2027","Página ou regulamento consultado","confirmado na edição atual","parcial","2026-10-04","2026-10-04","localização | atividade | categorias | duração | elegibilidade territorial | produção/conclusão | estreia | exibição online | pessoa autorizada a inscrever | taxas | abertura | encerramento | realização | relevância","PDF integralmente lido; contém referências residuais à 18ª edição e a prazo de cópia de 2026."
"festival","festival-goshort","festival-goshort","festival-goshort-source-3","Go Short 2027 — VR/XR Regulations","https://www.goshort.nl/media/lb0mcmxp/go-short-video-game-vr-xr-performances-installations-regulations-2027.pdf","oficial","19ª edição / 2027","Página ou regulamento consultado","confirmado na edição atual","confirmado","2026-10-04","2026-10-04","localização | atividade | categorias | duração | elegibilidade territorial | produção/conclusão | estreia | exibição online | pessoa autorizada a inscrever | taxas | abertura | encerramento | realização | relevância","PDF oficial integralmente lido."
"festival","festival-goshort","festival-goshort","festival-goshort-source-4","Go Short 2027 — Music Video Regulations","https://www.goshort.nl/media/qdagmo5b/go-short-music-video-competition-regulations-2027.pdf","oficial","19ª edição / 2027","Página ou regulamento consultado","confirmado na edição atual","confirmado","2026-10-04","2026-10-04","localização | atividade | categorias | duração | elegibilidade territorial | produção/conclusão | estreia | exibição online | pessoa autorizada a inscrever | taxas | abertura | encerramento | realização | relevância","PDF oficial integralmente lido."
"festival","festival-viennashorts","festival-viennashorts","festival-viennashorts-source-1","Vienna Shorts 2027 — Submissions","https://www.viennashorts.com/en/submissions","oficial","24ª edição / 2027","Página ou regulamento consultado","confirmado na edição atual","confirmado","2026-10-04","2026-10-04","localização | atividade | categorias | duração | elegibilidade territorial | produção/conclusão | estreia | exibição online | pessoa autorizada a inscrever | taxas | abertura | encerramento | realização | relevância","Página oficial integralmente lida."
"festival","festival-viennashorts","festival-viennashorts","festival-viennashorts-source-2","Vienna Shorts 2027 — Submission Terms","https://www.viennashorts.com/assets/media/SubmissionTerms_ViennaShorts2027.pdf","oficial","24ª edição / 2027","Página ou regulamento consultado","confirmado na edição atual","confirmado","2026-10-04","2026-10-04","localização | atividade | categorias | duração | elegibilidade territorial | produção/conclusão | estreia | exibição online | pessoa autorizada a inscrever | taxas | abertura | encerramento | realização | relevância","PDF oficial de cinco páginas integralmente lido."
"festival","festival-palmsprings","festival-palmsprings","festival-palmsprings-source-1","Palm Springs International ShortFest 2027 — FilmFreeway","https://filmfreeway.com/PalmSpringsInternationalShortFest","plataforma de inscrição","edição 2027","Página ou regulamento consultado","confirmado na edição atual","confirmado","2026-10-04","2026-10-04","localização | atividade | categorias | duração | elegibilidade territorial | produção/conclusão | estreia | exibição online | pessoa autorizada a inscrever | taxas | abertura | encerramento | realização | relevância","Página oficial de inscrição e regras integralmente lida."
"festival","festival-aspen","festival-aspen","festival-aspen-source-1","Aspen Shortsfest 2027 — FilmFreeway","https://filmfreeway.com/AspenShortsfest","plataforma de inscrição","edição 2027","Página ou regulamento consultado","confirmado na edição atual","confirmado","2026-10-04","2026-10-04","localização | atividade | categorias | duração | elegibilidade territorial | produção/conclusão | estreia | exibição online | pessoa autorizada a inscrever | taxas | abertura | encerramento | realização | relevância","Página oficial de inscrição e regras integralmente lida."
"festival","festival-cannes","festival-cannes","festival-cannes-source-1","Cannes 2026 — Short Films in Competition Regulations","https://www.festival-cannes.com/en/take-part/submit-a-film/regulations-for-short-films-in-competition/","oficial","79ª edição / 2026","Página ou regulamento consultado","confirmado na edição atual","confirmado","2026-10-04","2026-10-04","localização | atividade | categorias | duração | elegibilidade territorial | produção/conclusão | estreia | exibição online | pessoa autorizada a inscrever | taxas | abertura | encerramento | realização | relevância","Regulamento oficial integralmente lido."
"festival","festival-cannes","festival-cannes","festival-cannes-source-2","Cannes 2026 — Submit a Film","https://www.festival-cannes.com/en/take-part/submit-a-film/","oficial","79ª edição / 2026","Página ou regulamento consultado","confirmado na edição atual","confirmado","2026-10-04","2026-10-04","localização | atividade | categorias | duração | elegibilidade territorial | produção/conclusão | estreia | exibição online | pessoa autorizada a inscrever | taxas | abertura | encerramento | realização | relevância","Página oficial de categorias, prazos e envio integralmente lida."
"festival","festival-berlinale","festival-berlinale","festival-berlinale-source-1","Berlinale 2027 — Film Entry Guidelines","https://www.berlinale.de/en/film-entry/guidelines.html","oficial","77ª edição / 2027","Página ou regulamento consultado","não localizado","parcial","2026-10-04","2026-10-04","atividade | categorias | duração | produção/conclusão | estreia | taxas | encerramento","Endpoint oficial retornou indisponibilidade/503 nas tentativas de 4/10/2026; texto integral não recuperado."
"festival","festival-berlinale","festival-berlinale","festival-berlinale-source-2","Berlinale 2027 — comunicado oficial de abertura","https://www.linkedin.com/posts/berlinale_berlinale77-filmentry-activity-7364255737140535297-N2kd","oficial","77ª edição / 2027","Página ou regulamento consultado","confirmado na edição atual","parcial","2026-10-04","2026-10-04","atividade | abertura | encerramento | realização","Comunicado oficial confirma submissões e datas; não substitui o regulamento."
"festival","festival-berlinale","festival-berlinale","festival-berlinale-source-3","Catalan Films — Berlinale 2027","https://catalanfilms.cat/ca/alertes/tramesa-berlinale-2027","fonte secundária","77ª edição / 2027","Página ou regulamento consultado","confirmado na edição atual","parcial","2026-10-04","2026-10-04","categorias | duração | produção/conclusão | estreia | taxas","Agência pública parceira resume limites, estreias e taxas; mantidos como parciais enquanto a fonte normativa está inacessível."
"festival","festival-locarno","festival-locarno","festival-locarno-source-1","Locarno 2026 — Film Submission","https://www.locarnofestival.ch/Film-Submission.html","oficial","79ª edição / 2026","Página ou regulamento consultado","não localizado","parcial","2026-10-04","2026-10-04","categorias | duração | estreia | taxas | encerramento","Página normativa oficial retornou bloqueio HTTP 402 nas tentativas de 4/10/2026."
"festival","festival-locarno","festival-locarno","festival-locarno-source-2","Locarno Film Festival — submission hub","https://www.locarnofestival.ch/en/festival/film-submission","oficial","79ª edição / 2026","Página ou regulamento consultado","confirmado na edição atual","parcial","2026-10-04","2026-10-04","atividade | categorias","Hub oficial localizado, mas regras integrais não foram recuperadas."
"festival","festival-locarno","festival-locarno","festival-locarno-source-3","Czech Film Center — Locarno 2026 open call","https://filmcenter.cz/en/news/2164-open-call-locarno-film-festival-2026","fonte secundária","79ª edição / 2026","Página ou regulamento consultado","confirmado na edição atual","parcial","2026-10-04","2026-10-04","categorias | duração | taxas | encerramento | realização","Agência cinematográfica pública resume a chamada; dados não promovidos a confirmação integral."
"festival","festival-venezia","festival-venezia","festival-venezia-source-1","Venice 2026 — 83rd Festival Regulations","https://static.labiennale.org/files/cinema/2026/Documenti/regulations-83.pdf","oficial","83ª edição / 2026","Página ou regulamento consultado","confirmado na edição atual","confirmado","2026-10-04","2026-10-04","localização | atividade | categorias | duração | elegibilidade territorial | produção/conclusão | estreia | exibição online | pessoa autorizada a inscrever | taxas | abertura | encerramento | realização | relevância","PDF oficial integralmente lido."
"festival","festival-venezia","festival-venezia","festival-venezia-source-2","Venice 2026 — Film Submission","https://web9.labiennale.org/Selezione26/One?culture=en","oficial","83ª edição / 2026","Página ou regulamento consultado","confirmado na edição atual","confirmado","2026-10-04","2026-10-04","localização | atividade | categorias | duração | elegibilidade territorial | produção/conclusão | estreia | exibição online | pessoa autorizada a inscrever | taxas | abertura | encerramento | realização | relevância","Formulário oficial de inscrição consultado."
"festival","festival-venezia","festival-venezia","festival-venezia-source-3","Venice 2026 — Information","https://www.labiennale.org/en/cinema/2026/information","oficial","83ª edição / 2026","Página ou regulamento consultado","confirmado na edição atual","confirmado","2026-10-04","2026-10-04","localização | atividade | categorias | duração | elegibilidade territorial | produção/conclusão | estreia | exibição online | pessoa autorizada a inscrever | taxas | abertura | encerramento | realização | relevância","Página oficial de datas e informações consultada."
"festival","festival-sansebastian","festival-sansebastian","festival-sansebastian-source-1","San Sebastián 2026 — General Rules","https://www.sansebastianfestival.com/2026/film_registration/rules_and_regulations/1/23002/in","oficial","74ª edição / 2026","Página ou regulamento consultado","confirmado na edição atual","confirmado","2026-10-04","2026-10-04","localização | atividade | categorias | duração | elegibilidade territorial | produção/conclusão | estreia | exibição online | pessoa autorizada a inscrever | taxas | abertura | encerramento | realização | relevância","Regras gerais integralmente lidas."
"festival","festival-sansebastian","festival-sansebastian","festival-sansebastian-source-2","San Sebastián 2026 — Official Selection","https://www.sansebastianfestival.com/2026/film_registration/rules_and_regulations/1/23003/in","oficial","74ª edição / 2026","Página ou regulamento consultado","confirmado na edição atual","confirmado","2026-10-04","2026-10-04","localização | atividade | categorias | duração | elegibilidade territorial | produção/conclusão | estreia | exibição online | pessoa autorizada a inscrever | taxas | abertura | encerramento | realização | relevância","Regulamento da Seleção Oficial integralmente lido."
"festival","festival-sansebastian","festival-sansebastian","festival-sansebastian-source-3","San Sebastián 2026 — New Directors","https://www.sansebastianfestival.com/2026/film_registration/rules_and_regulations/1/23004/in","oficial","74ª edição / 2026","Página ou regulamento consultado","confirmado na edição atual","confirmado","2026-10-04","2026-10-04","localização | atividade | categorias | duração | elegibilidade territorial | produção/conclusão | estreia | exibição online | pessoa autorizada a inscrever | taxas | abertura | encerramento | realização | relevância","Regulamento integralmente lido."
"festival","festival-sansebastian","festival-sansebastian","festival-sansebastian-source-4","San Sebastián 2026 — Horizontes Latinos","https://www.sansebastianfestival.com/2026/film_registration/rules_and_regulations/1/23005/in","oficial","74ª edição / 2026","Página ou regulamento consultado","confirmado na edição atual","confirmado","2026-10-04","2026-10-04","localização | atividade | categorias | duração | elegibilidade territorial | produção/conclusão | estreia | exibição online | pessoa autorizada a inscrever | taxas | abertura | encerramento | realização | relevância","Regulamento integralmente lido."
"festival","festival-tiff","festival-tiff","festival-tiff-source-1","Toronto International Film Festival 2026 — FilmFreeway","https://filmfreeway.com/TIFF","plataforma de inscrição","51ª edição / 2026","Página ou regulamento consultado","confirmado na edição atual","confirmado","2026-10-04","2026-10-04","localização | atividade | categorias | duração | elegibilidade territorial | produção/conclusão | estreia | exibição online | pessoa autorizada a inscrever | taxas | abertura | encerramento | realização | relevância","Termos, categorias, taxas e calendário oficiais integralmente lidos."
"festival","festival-tribeca","festival-tribeca","festival-tribeca-source-1","Tribeca 2027 — Entry Rules & Regulations v2","https://d13jj08vfqimqg.cloudfront.net/uploads/document/document/1918/2027_Tribeca_Festival_Entry_Rules___Regulations_v2.pdf","oficial","26ª edição / 2027","Página ou regulamento consultado","confirmado na edição atual","confirmado","2026-10-04","2026-10-04","localização | atividade | categorias | duração | elegibilidade territorial | produção/conclusão | estreia | exibição online | pessoa autorizada a inscrever | taxas | abertura | encerramento | realização | relevância","PDF oficial de 14 páginas integralmente lido."
"festival","festival-tribeca","festival-tribeca","festival-tribeca-source-2","Tribeca Festival 2027 — FilmFreeway","https://filmfreeway.com/TribecaFestival","plataforma de inscrição","26ª edição / 2027","Página ou regulamento consultado","confirmado na edição atual","confirmado","2026-10-04","2026-10-04","localização | atividade | categorias | duração | elegibilidade territorial | produção/conclusão | estreia | exibição online | pessoa autorizada a inscrever | taxas | abertura | encerramento | realização | relevância","Página oficial de inscrição consultada; eventual texto residual não prevalece sobre o PDF normativo."
"festival","festival-sxsw","festival-sxsw","festival-sxsw-source-1","SXSW 2027 — Film & TV Submissions","https://sxsw.com/film-submissions/","oficial","edição 2027","Página ou regulamento consultado","confirmado na edição atual","confirmado","2026-10-04","2026-10-04","localização | atividade | categorias | duração | elegibilidade territorial | produção/conclusão | estreia | exibição online | pessoa autorizada a inscrever | taxas | abertura | encerramento | realização | relevância","Página oficial de categorias e calendário integralmente lida."
"festival","festival-sxsw","festival-sxsw","festival-sxsw-source-2","SXSW 2027 — Submission Fees","https://support.sxsw.com/hc/en-us/articles/206421075-What-are-the-submission-fees-for-the-SXSW-Film-TV-Festival","oficial","edição 2027","Página ou regulamento consultado","confirmado na edição atual","confirmado","2026-10-04","2026-10-04","localização | atividade | categorias | duração | elegibilidade territorial | produção/conclusão | estreia | exibição online | pessoa autorizada a inscrever | taxas | abertura | encerramento | realização | relevância","Página oficial de taxas integralmente lida."
"festival","festival-sxsw","festival-sxsw","festival-sxsw-source-3","SXSW — Premiere and Eligibility","https://support.sxsw.com/hc/en-us/articles/115003368603-What-are-the-SXSW-Film-TV-Festival-premiere-and-eligibility-policies","oficial","edição 2027","Página ou regulamento consultado","confirmado na edição atual","confirmado","2026-10-04","2026-10-04","localização | atividade | categorias | duração | elegibilidade territorial | produção/conclusão | estreia | exibição online | pessoa autorizada a inscrever | taxas | abertura | encerramento | realização | relevância","Política oficial de elegibilidade integralmente lida."
"festival","festival-sxsw","festival-sxsw","festival-sxsw-source-4","SXSW — Runtimes","https://support.sxsw.com/hc/en-us/articles/206421145-What-are-the-runtimes-for-all-submission-categories","oficial","edição 2027","Página ou regulamento consultado","confirmado na edição atual","confirmado","2026-10-04","2026-10-04","localização | atividade | categorias | duração | elegibilidade territorial | produção/conclusão | estreia | exibição online | pessoa autorizada a inscrever | taxas | abertura | encerramento | realização | relevância","FAQ oficial de durações lida; preservado conflito com os formulários atuais."
"festival","festival-gent","festival-gent","festival-gent-source-1","Film Fest Gent 2026 — Submit a Film","https://www.filmfestival.be/en/press-industry/film-indienen","oficial","53ª edição / 2026","Página ou regulamento consultado","confirmado na edição atual","confirmado","2026-10-04","2026-10-04","localização | atividade | categorias | duração | elegibilidade territorial | produção/conclusão | estreia | exibição online | pessoa autorizada a inscrever | taxas | abertura | encerramento | realização | relevância","Página oficial de prazos e taxas integralmente lida."
"festival","festival-gent","festival-gent","festival-gent-source-2","Film Fest Gent 2026 — General Rules","https://www.filmfestival.be/volumes/general/PDFs/01.-General-rules-2026.pdf?v=1767609765","oficial","53ª edição / 2026","Página ou regulamento consultado","confirmado na edição atual","confirmado","2026-10-04","2026-10-04","localização | atividade | categorias | duração | elegibilidade territorial | produção/conclusão | estreia | exibição online | pessoa autorizada a inscrever | taxas | abertura | encerramento | realização | relevância","PDF oficial integralmente lido; contém ordinal residual no cabeçalho."
"festival","festival-gent","festival-gent","festival-gent-source-3","Film Fest Gent 2026 — International Shorts","https://www.filmfestival.be/volumes/general/PDFs/02.-Competition-International-shorts-2026.pdf?v=1767609766","oficial","53ª edição / 2026","Página ou regulamento consultado","confirmado na edição atual","confirmado","2026-10-04","2026-10-04","localização | atividade | categorias | duração | elegibilidade territorial | produção/conclusão | estreia | exibição online | pessoa autorizada a inscrever | taxas | abertura | encerramento | realização | relevância","PDF oficial integralmente lido."
"festival","festival-leuven","festival-leuven","festival-leuven-source-1","Leuven International Short Film Festival 2026 — FilmFreeway","https://filmfreeway.com/LeuvenInternationalShortFilmFestival","plataforma de inscrição","edição 2026","Página ou regulamento consultado","confirmado na edição atual","confirmado","2026-10-04","2026-10-04","localização | atividade | categorias | duração | elegibilidade territorial | produção/conclusão | estreia | exibição online | pessoa autorizada a inscrever | taxas | abertura | encerramento | realização | relevância","Página oficial de regras, categorias, prazos e taxas integralmente lida."
"festival","festival-leuven","festival-leuven","festival-leuven-source-2","Leuven Shorts 2026 — site oficial","https://www.kortfilmfestival.be/en/homepage/","oficial","edição 2026","Página ou regulamento consultado","confirmado na edição atual","confirmado","2026-10-04","2026-10-04","localização | atividade | categorias | duração | elegibilidade territorial | produção/conclusão | estreia | exibição online | pessoa autorizada a inscrever | taxas | abertura | encerramento | realização | relevância","Site oficial confirmou identidade e realização."
"festival","festival-courtsdevant","festival-courtsdevant","festival-courtsdevant-source-1","Paris Courts Devant — règlement appel à films","https://www.courtsdevant.com/2025/05/06/reglement-appel-a-films-2025/","oficial","20ª edição / 2026","Página ou regulamento consultado","confirmado na edição atual","parcial","2026-10-04","2026-10-04","localização | atividade | categorias | duração | elegibilidade territorial | produção/conclusão | estreia | exibição online | pessoa autorizada a inscrever | taxas | abertura | encerramento | realização | relevância","Regulamento integralmente lido; cabeçalho diz janeiro de 2025, mas cláusulas operacionais exigem acesso até 17/1/2026."
"festival","festival-courtsdevant","festival-courtsdevant","festival-courtsdevant-source-2","Paris Courts Devant 2026 — infos et tarifs","https://www.courtsdevant.com/2026-infos-et-tarifs/","oficial","20ª edição / 2026","Página ou regulamento consultado","confirmado na edição atual","parcial","2026-10-04","2026-10-04","atividade | realização","Página oficial confirma a realização em janeiro de 2026."
"festival","festival-brive","festival-brive","festival-brive-source-1","Brive 2026 — règlement de la compétition","https://festivalcinemabrive.fr/wp-content/uploads/2025/06/NEW-Compet_reglement_2026.pdf","oficial","23ª edição / 2026","Página ou regulamento consultado","confirmado na edição atual","confirmado","2026-10-04","2026-10-04","localização | atividade | categorias | duração | elegibilidade territorial | produção/conclusão | estreia | exibição online | pessoa autorizada a inscrever | taxas | abertura | encerramento | realização | relevância","PDF oficial multilíngue de nove páginas integralmente lido; divergência de taxa entre versões registrada."
"festival","festival-beldocs","festival-beldocs","festival-beldocs-source-1","Beldocs 2027 — Submit","https://www.beldocs.rs/en/festival-en/submit/","oficial","20ª edição / 2027","Página ou regulamento consultado","confirmado na edição atual","confirmado","2026-10-04","2026-10-04","localização | atividade | categorias | duração | elegibilidade territorial | produção/conclusão | estreia | exibição online | pessoa autorizada a inscrever | taxas | abertura | encerramento | realização | relevância","Página oficial de categorias e chamada integralmente lida."
"festival","festival-beldocs","festival-beldocs","festival-beldocs-source-2","Beldocs 2027 — FilmFreeway","https://filmfreeway.com/BeldocsInternationalDocumentaryFilmFestival","plataforma de inscrição","20ª edição / 2027","Página ou regulamento consultado","confirmado na edição atual","confirmado","2026-10-04","2026-10-04","localização | atividade | categorias | duração | elegibilidade territorial | produção/conclusão | estreia | exibição online | pessoa autorizada a inscrever | taxas | abertura | encerramento | realização | relevância","Regras, datas e taxas oficiais integralmente lidas."
"festival","festival-docudays","festival-docudays","festival-docudays-source-1","Docudays UA 2027 — Regulations","https://docudays.ua/eng/regulations/","oficial","24ª edição / 2027","Página ou regulamento consultado","confirmado na edição atual","confirmado","2026-10-04","2026-10-04","localização | atividade | categorias | duração | elegibilidade territorial | produção/conclusão | estreia | exibição online | pessoa autorizada a inscrever | taxas | abertura | encerramento | realização | relevância","Regulamento oficial integralmente lido em 4/10/2026."
"festival","festival-oneworld","festival-oneworld","festival-oneworld-source-1","One World 2027 — Film Submission","https://my.oneworld.cz/film-submission/","oficial","29ª edição / 2027","Página ou regulamento consultado","confirmado na edição atual","confirmado","2026-10-04","2026-10-04","localização | atividade | categorias | duração | elegibilidade territorial | produção/conclusão | estreia | exibição online | pessoa autorizada a inscrever | taxas | abertura | encerramento | realização | relevância","Página oficial de regras, prazos e taxas integralmente lida."
"festival","festival-valdivia","festival-valdivia","festival-valdivia-source-1","FICValdivia 2026 — convocatoria","https://ficvaldivia.cl/33-ficvaldivia-abre-su-convocatoria-2026-y-anuncia-an-incomplete-calendar-como-su-film-de-apertura/","oficial","33ª edição / 2026","Página ou regulamento consultado","confirmado na edição atual","parcial","2026-10-04","2026-10-04","localização | atividade | categorias | duração | elegibilidade territorial | produção/conclusão | estreia | exibição online | pessoa autorizada a inscrever | taxas | abertura | encerramento | realização | relevância","Comunicado oficial integralmente lido; contém data residual de 2025 em um parágrafo, enquanto site e demais trechos confirmam 2026."
"festival","festival-guadalajara","festival-guadalajara","festival-guadalajara-source-1","FICG 42 — Reglamento para participantes","https://ficg.mx/reglamento-ficg/","oficial","42ª edição / 2027","Página ou regulamento consultado","confirmado na edição atual","confirmado","2026-10-04","2026-10-04","localização | atividade | categorias | duração | elegibilidade territorial | produção/conclusão | estreia | exibição online | pessoa autorizada a inscrever | taxas | abertura | encerramento | realização | relevância","Regulamento oficial integralmente lido."
"festival","festival-guadalajara","festival-guadalajara","festival-guadalajara-source-2","FICG 42 — Convocatoria","https://ficg.mx/convocatoria-ficg-42/","oficial","42ª edição / 2027","Página ou regulamento consultado","confirmado na edição atual","confirmado","2026-10-04","2026-10-04","localização | atividade | categorias | duração | elegibilidade territorial | produção/conclusão | estreia | exibição online | pessoa autorizada a inscrever | taxas | abertura | encerramento | realização | relevância","Página oficial de categorias, prazos e taxas integralmente lida."
"festival","festival-morelia","festival-morelia","festival-morelia-source-1","Morelia 2026 — Convocatoria Selección Oficial","https://moreliafilmfest.com/en/node/103863","oficial","24ª edição / 2026","Página ou regulamento consultado","confirmado na edição atual","confirmado","2026-10-04","2026-10-04","localização | atividade | categorias | duração | elegibilidade territorial | produção/conclusão | estreia | exibição online | pessoa autorizada a inscrever | taxas | abertura | encerramento | realização | relevância","Convocatória oficial e regulamento incorporado integralmente lidos."
"festival","festival-guanajuato","festival-guanajuato","festival-guanajuato-source-1","GIFF 2026 — site oficial","https://giff.mx/","oficial","29ª edição / 2026","Página ou regulamento consultado","confirmado na edição atual","parcial","2026-10-04","2026-10-04","localização | atividade | realização | relevância","Site e edição atual consultados; regulamento/chamada de filmes não foram localizados integralmente."
"festival","festival-ambulante","festival-ambulante","festival-ambulante-source-1","Ambulante 2026 — site oficial","https://ambulante.org/","oficial","edição 2026","Página ou regulamento consultado","confirmado na edição atual","parcial","2026-10-04","2026-10-04","atividade | localização | realização | relevância","Programação e continuidade consultadas; nenhuma chamada pública de filmes foi localizada."
"festival","festival-ficunam","festival-ficunam","festival-ficunam-source-1","FICUNAM 16 — Convocatorias","https://ficunam.unam.mx/convocatorias-ficunam-16/","oficial","16ª edição / 2026","Página ou regulamento consultado","confirmado na edição atual","parcial","2026-10-04","2026-10-04","localização | atividade | categorias | duração | elegibilidade territorial | produção/conclusão | estreia | exibição online | pessoa autorizada a inscrever | taxas | abertura | encerramento | realização | relevância","Página oficial de categorias e edição integralmente lida; regulamentos próprios de cada seção não foram todos recuperados."
"festival","festival-bafici","festival-bafici","festival-bafici-source-1","BAFICI 2027 — convocatoria abierta","https://bafici.org/","oficial","28ª edição / 2027","Página ou regulamento consultado","confirmado na edição atual","parcial","2026-10-04","2026-10-04","localização | atividade | categorias | duração | elegibilidade territorial | produção/conclusão | estreia | exibição online | pessoa autorizada a inscrever | taxas | abertura | encerramento | realização | relevância","Site oficial confirma 28ª edição e realização; link do regulamento 2027 não foi recuperado integralmente."
"festival","festival-lima","festival-lima","festival-lima-source-1","Festival de Lima 2026 — convocatoria largometrajes","https://festivaldelima.com/2025/convocatorialargometrajes.htm","oficial","30ª edição / 2026","Página ou regulamento consultado","confirmado na edição atual","parcial","2026-10-04","2026-10-04","localização | atividade | categorias | duração | elegibilidade territorial | produção/conclusão | estreia | exibição online | pessoa autorizada a inscrever | taxas | abertura | encerramento | realização | relevância","Página oficial da convocatória de longas lida; URL residual /2025 e demais bases não recuperadas integralmente."
"festival","festival-vina","festival-vina","festival-vina-source-1","FICViña 2026 — convocatoria 38ª edición","https://cinevina.cl/ficvina-2026-abre-convocatoria-para-su-38-edicion-rumbo-a-sus-60-anos-como-primer-festival-latinoamericano/","oficial","38ª edição / 2026","Página ou regulamento consultado","confirmado na edição atual","parcial","2026-10-04","2026-10-04","localização | atividade | categorias | duração | elegibilidade territorial | produção/conclusão | estreia | exibição online | pessoa autorizada a inscrever | taxas | abertura | encerramento | realização | relevância","Comunicado oficial atual localizado; bases integrais não recuperadas pelo índice."
"festival","festival-cartagena","festival-cartagena","festival-cartagena-source-1","FICCI 66 — convocatoria oficial","https://www.ficcifestival.com/articulos/ficci-66-abre-su-convocatoria-oficial-para-peliculas-de-colombia-iberoamerica-y-el-mundo","oficial","66ª edição / 2027","Página ou regulamento consultado","confirmado na edição atual","parcial","2026-10-04","2026-10-04","localização | atividade | categorias | duração | elegibilidade territorial | produção/conclusão | estreia | exibição online | pessoa autorizada a inscrever | taxas | abertura | encerramento | realização | relevância","Comunicado oficial integralmente lido; regulamento e tabela de taxas por seção não foram recuperados."
"festival","festival-habana","festival-habana","festival-habana-source-1","Festival de La Habana 2025 — convocatoria","https://www.imcine.gob.mx/media/2025/7/la_habana_2025.pdf","fonte secundária","46ª edição / 2025","Página ou regulamento consultado","confirmado em edição anterior","parcial","2026-10-04","2026-10-04","localização | atividade | categorias | duração | elegibilidade territorial | produção/conclusão | estreia | exibição online | pessoa autorizada a inscrever | taxas | abertura | encerramento | realização | relevância","Último regulamento localizado; nenhuma convocatória 2026 foi recuperada até 4/10/2026."
"festival","festival-mardelplata","festival-mardelplata","festival-mardelplata-source-1","Mar del Plata 2026 — Reglamento","https://mardelplatafilmfest.com/41/es/reglamento/","oficial","41ª edição / 2026","Página ou regulamento consultado","confirmado na edição atual","confirmado","2026-10-04","2026-10-04","localização | atividade | categorias | duração | elegibilidade territorial | produção/conclusão | estreia | exibição online | pessoa autorizada a inscrever | taxas | abertura | encerramento | realização | relevância","Regulamento oficial integralmente lido."
"festival","festival-mardelplata","festival-mardelplata","festival-mardelplata-source-2","Mar del Plata 2026 — Inscripciones","https://mardelplatafilmfest.com/41/es/inscripciones/","oficial","41ª edição / 2026","Página ou regulamento consultado","confirmado na edição atual","confirmado","2026-10-04","2026-10-04","localização | atividade | categorias | duração | elegibilidade territorial | produção/conclusão | estreia | exibição online | pessoa autorizada a inscrever | taxas | abertura | encerramento | realização | relevância","Página oficial confirma prorrogação para 15/7/2026."
"festival","festival-docsmx","festival-docsmx","festival-docsmx-source-1","DocsMX 2026 — site oficial","https://www.docsmx.org/","oficial","21ª edição / 2026","Página ou regulamento consultado","confirmado na edição atual","parcial","2026-10-04","2026-10-04","atividade | localização | realização | relevância","Edição e programação atuais consultadas; regulamento de submissão não recuperado."
"festival","festival-cali","festival-cali","festival-cali-source-1","FICCALI 2026 — anúncio oficial","https://ficcali.com/ficcali-presenta-la-imagen-oficial-de-su-xviii-edicion-cine-para-encontrarnos/","oficial","18ª edição / 2026","Página ou regulamento consultado","confirmado na edição atual","parcial","2026-10-04","2026-10-04","atividade | localização | realização | relevância","Anúncio e programação atuais lidos; chamada pública não localizada."
"festival","festival-fest","festival-fest","festival-fest-source-1","FEST 2027 — Rules and Regulations","https://site.fest.pt/en/submissions/film-submissions/rules-and-regulations/","oficial","23ª edição / 2027","Página ou regulamento consultado","confirmado na edição atual","confirmado","2026-10-04","2026-10-04","localização | atividade | categorias | duração | elegibilidade territorial | produção/conclusão | estreia | exibição online | pessoa autorizada a inscrever | taxas | abertura | encerramento | realização | relevância","Regulamento oficial integralmente lido."
"festival","festival-doccoimbra","festival-doccoimbra","festival-doccoimbra-source-1","DOC.Coimbra 2026 — site oficial","https://doccoimbra.com/","oficial","edição 2026","Página ou regulamento consultado","confirmado na edição atual","parcial","2026-10-04","2026-10-04","atividade | localização | realização | relevância","Site oficial atual consultado; regulamento e chamada integral não foram recuperados."
"festival","festival-curtocircuito","festival-curtocircuito","festival-curtocircuito-source-1","Curtocircuíto 2026 — site oficial","https://curtocircuito.org/","oficial","edição 2026","Página ou regulamento consultado","confirmado na edição atual","parcial","2026-10-04","2026-10-04","atividade | localização | realização | relevância","Site oficial atual consultado; regulamento e chamada integral não foram recuperados."
"festival","festival-filmadrid","festival-filmadrid","festival-filmadrid-source-1","FILMADRID 2026 — site oficial","https://filmadrid.com/en/","oficial","edição 2026","Página ou regulamento consultado","confirmado na edição atual","parcial","2026-10-04","2026-10-04","atividade | localização | realização | relevância","Site oficial atual consultado; regulamento e chamada integral não foram recuperados."
"festival","festival-seminci","festival-seminci","festival-seminci-source-1","SEMINCI 2026 — Regulations","https://www.seminci.com/wp-content/uploads/2026/04/71S-REGULATIONS_2026.pdf","oficial","71ª edição / 2026","Página ou regulamento consultado","confirmado na edição atual","confirmado","2026-10-04","2026-10-04","localização | atividade | categorias | duração | elegibilidade territorial | produção/conclusão | estreia | exibição online | pessoa autorizada a inscrever | taxas | abertura | encerramento | realização | relevância","Regulamento oficial de 11 páginas integralmente consultado."
"festival","festival-seminci","festival-seminci","festival-seminci-source-2","SEMINCI 2026 — inscrição","https://www.seminci.com/reglamento/","oficial","71ª edição / 2026","Página ou regulamento consultado","confirmado na edição atual","confirmado","2026-10-04","2026-10-04","localização | atividade | categorias | duração | elegibilidade territorial | produção/conclusão | estreia | exibição online | pessoa autorizada a inscrever | taxas | abertura | encerramento | realização | relevância","Página oficial confirma Eventival e prazo final."
"festival","festival-zinebi","festival-zinebi","festival-zinebi-source-1","ZINEBI 68 — Regulations","https://zinebi.eus/assets/media/Z68-SFIC-Regulations-ENG.pdf","oficial","68ª edição / 2026","Página ou regulamento consultado","confirmado na edição atual","confirmado","2026-10-04","2026-10-04","localização | atividade | categorias | duração | elegibilidade territorial | produção/conclusão | estreia | exibição online | pessoa autorizada a inscrever | taxas | abertura | encerramento | realização | relevância","Regulamento oficial de 10 páginas integralmente consultado; conserva um erro residual '67th' na cláusula 38."
"festival","festival-zinebi","festival-zinebi","festival-zinebi-source-2","ZINEBI 68 — chamada oficial","https://zinebi.eus/en/","oficial","68ª edição / 2026","Página ou regulamento consultado","confirmado na edição atual","confirmado","2026-10-04","2026-10-04","localização | atividade | categorias | duração | elegibilidade territorial | produção/conclusão | estreia | exibição online | pessoa autorizada a inscrever | taxas | abertura | encerramento | realização | relevância","Página oficial confirma datas, perfil e prioridade de estreia."
"festival","festival-puntovista","festival-puntovista","festival-puntovista-source-1","Punto de Vista 2027 — Sección Oficial","https://puntodevistafestival.com/es/edicion-2027/seccion-oficial","oficial","21ª edição / 2027","Página ou regulamento consultado","confirmado na edição atual","confirmado","2026-10-04","2026-10-04","localização | atividade | categorias | duração | elegibilidade territorial | produção/conclusão | estreia | exibição online | pessoa autorizada a inscrever | taxas | abertura | encerramento | realização | relevância","Página oficial e bases completas vinculadas consultadas."
"festival","festival-puntovista","festival-puntovista","festival-puntovista-source-2","Punto de Vista 2027 — call for entries","https://puntodevistafestival.com/en/news/2026/call-for-entries-punto-de-vista-2027","oficial","21ª edição / 2027","Página ou regulamento consultado","confirmado na edição atual","confirmado","2026-10-04","2026-10-04","localização | atividade | categorias | duração | elegibilidade territorial | produção/conclusão | estreia | exibição online | pessoa autorizada a inscrever | taxas | abertura | encerramento | realização | relevância","Comunicado oficial confirma abertura, taxa e prazo."
"festival","festival-documentamadrid","festival-documentamadrid","festival-documentamadrid-source-1","Documenta Madrid 2026 — bases","https://www.documentamadrid.com/download-bases","oficial","23ª edição / 2026","Página ou regulamento consultado","confirmado na edição atual","confirmado","2026-10-04","2026-10-04","localização | atividade | categorias | duração | elegibilidade territorial | produção/conclusão | estreia | exibição online | pessoa autorizada a inscrever | taxas | abertura | encerramento | realização | relevância","Regulamento oficial de 9 páginas integralmente consultado; fixa 16/2 como prazo."
"festival","festival-documentamadrid","festival-documentamadrid","festival-documentamadrid-source-2","Documenta Madrid 2026 — chamada","https://www.documentamadrid.com/actualidad/abierta-la-convocatoria-de-peliculas-competicion-para-documenta-madrid-2026","oficial","23ª edição / 2026","Página ou regulamento consultado","confirmado na edição atual","parcial","2026-10-04","2026-10-04","localização | atividade | categorias | duração | elegibilidade territorial | produção/conclusão | estreia | exibição online | pessoa autorizada a inscrever | taxas | abertura | encerramento | realização | relevância","Página oficial da chamada diz 20/2, em conflito com o PDF normativo."
"festival","festival-malaga","festival-malaga","festival-malaga-source-1","Festival de Málaga 30 — bases","https://festivaldemalaga.com/Content/source/pdf/documentos/080e2b5eb0c7722729ffb0814e8b8b70.pdf","oficial","30ª edição / 2027","Página ou regulamento consultado","confirmado na edição atual","confirmado","2026-10-04","2026-10-04","localização | atividade | categorias | duração | elegibilidade territorial | produção/conclusão | estreia | exibição online | pessoa autorizada a inscrever | taxas | abertura | encerramento | realização | relevância","Regulamento oficial de 11 páginas integralmente consultado."
"festival","festival-malaga","festival-malaga","festival-malaga-source-2","Festival de Málaga 2027 — abertura","https://festivaldemalaga.com/actualidad/ver-noticia/?id=2823","oficial","30ª edição / 2027","Página ou regulamento consultado","confirmado na edição atual","confirmado","2026-10-04","2026-10-04","localização | atividade | categorias | duração | elegibilidade territorial | produção/conclusão | estreia | exibição online | pessoa autorizada a inscrever | taxas | abertura | encerramento | realização | relevância","Comunicado oficial confirma abertura e calendário."
"festival","festival-alternativa","festival-alternativa","festival-alternativa-source-1","L'Alternativa 2026 — Festival Regulations","https://alternativa.cccb.org/2026/en/festival/information/festival-regulations","oficial","33ª edição / 2026","Página ou regulamento consultado","confirmado na edição atual","confirmado","2026-10-04","2026-10-04","localização | atividade | categorias | duração | elegibilidade territorial | produção/conclusão | estreia | exibição online | pessoa autorizada a inscrever | taxas | abertura | encerramento | realização | relevância","Regulamento oficial integralmente consultado."
"festival","festival-alternativa","festival-alternativa","festival-alternativa-source-2","L'Alternativa 2026 — Film Submissions","https://alternativa.cccb.org/2026/en/film-submissions","oficial","33ª edição / 2026","Página ou regulamento consultado","confirmado na edição atual","confirmado","2026-10-04","2026-10-04","localização | atividade | categorias | duração | elegibilidade territorial | produção/conclusão | estreia | exibição online | pessoa autorizada a inscrever | taxas | abertura | encerramento | realização | relevância","Formulário oficial consultado."
"festival","festival-playdoc","festival-playdoc","festival-playdoc-source-1","Play-Doc 2027 — bases","https://www.play-doc.com/bases-de-participacion/","oficial","23ª edição / 2027","Página ou regulamento consultado","confirmado na edição atual","confirmado","2026-10-04","2026-10-04","localização | atividade | categorias | duração | elegibilidade territorial | produção/conclusão | estreia | exibição online | pessoa autorizada a inscrever | taxas | abertura | encerramento | realização | relevância","Bases oficiais integralmente consultadas."
"festival","festival-playdoc","festival-playdoc","festival-playdoc-source-2","Play-Doc 2027 — formulário","https://www.play-doc.com/convocatoria/","oficial","23ª edição / 2027","Página ou regulamento consultado","confirmado na edição atual","confirmado","2026-10-04","2026-10-04","localização | atividade | categorias | duração | elegibilidade territorial | produção/conclusão | estreia | exibição online | pessoa autorizada a inscrever | taxas | abertura | encerramento | realização | relevância","Página de inscrição e formulário consultados."
"festival","festival-ficx","festival-ficx","festival-ficx-source-1","FICX 2026 — convocatorias","https://ficx.tv/convocatorias-2026/","oficial","64ª edição / 2026","Página ou regulamento consultado","confirmado na edição atual","parcial","2026-10-04","2026-10-04","atividade | localização | realização | categorias | relevância","Página oficial atual consultada; lista chamadas de júri e indústria, mas não uma chamada pública de filmes."
"festival","festival-slamdance","festival-slamdance","festival-slamdance-source-1","Slamdance 2027 — Festival Submit","https://slamdance.com/festival-submit/","oficial","edição 2027","Página ou regulamento consultado","confirmado na edição atual","confirmado","2026-10-04","2026-10-04","localização | atividade | categorias | duração | elegibilidade territorial | produção/conclusão | estreia | exibição online | pessoa autorizada a inscrever | taxas | abertura | encerramento | realização | relevância","Página oficial de regras, categorias, prazos e taxas integralmente consultada."
"festival","festival-siff","festival-siff","festival-siff-source-1","SIFF 2027 — Call for Entries","https://www.siff.net/media/news/pr-festival-2027-call-for-entries","oficial","53ª edição / 2027","Página ou regulamento consultado","confirmado na edição atual","confirmado","2026-10-04","2026-10-04","localização | atividade | categorias | duração | elegibilidade territorial | produção/conclusão | estreia | exibição online | pessoa autorizada a inscrever | taxas | abertura | encerramento | realização | relevância","Comunicado oficial atual consultado."
"festival","festival-siff","festival-siff","festival-siff-source-2","SIFF 2027 — FilmFreeway","https://filmfreeway.com/SIFF","plataforma de inscrição","53ª edição / 2027","Página ou regulamento consultado","confirmado na edição atual","confirmado","2026-10-04","2026-10-04","localização | atividade | categorias | duração | elegibilidade territorial | produção/conclusão | estreia | exibição online | pessoa autorizada a inscrever | taxas | abertura | encerramento | realização | relevância","Regras, categorias, taxas e prazos atuais integralmente consultados."
"festival","festival-sffilm","festival-sffilm","festival-sffilm-source-1","SFFILM 2027 — FAQ","https://sffilm.org/yr-faq/","oficial","70ª edição / 2027","Página ou regulamento consultado","confirmado na edição atual","confirmado","2026-10-04","2026-10-04","localização | atividade | categorias | duração | elegibilidade territorial | produção/conclusão | estreia | exibição online | pessoa autorizada a inscrever | taxas | abertura | encerramento | realização | relevância","FAQ oficial confirma 70ª edição, datas e chamada aberta."
"festival","festival-sffilm","festival-sffilm","festival-sffilm-source-2","SFFILM 2027 — FilmFreeway","https://filmfreeway.com/SFFILMFestival","plataforma de inscrição","70ª edição / 2027","Página ou regulamento consultado","confirmado na edição atual","confirmado","2026-10-04","2026-10-04","localização | atividade | categorias | duração | elegibilidade territorial | produção/conclusão | estreia | exibição online | pessoa autorizada a inscrever | taxas | abertura | encerramento | realização | relevância","Prazos, categorias e taxas atuais consultados."
"festival","festival-sffilm","festival-sffilm","festival-sffilm-source-3","SFFILM — Entry Info","https://sffilm.org/entry-info/","oficial","70ª edição / 2027","Página ou regulamento consultado","confirmado na edição atual","parcial","2026-10-04","2026-10-04","localização | atividade | categorias | duração | elegibilidade territorial | produção/conclusão | estreia | exibição online | pessoa autorizada a inscrever | taxas | abertura | encerramento | realização | relevância","Página oficial ainda exibe regras e datas da 69ª/2026; usada somente para documentar a defasagem, não para promover regras como 2027."
"festival","festival-frameline","festival-frameline","festival-frameline-source-1","Frameline51 — festival","https://www.frameline.org/festival","oficial","51ª edição / 2027","Página ou regulamento consultado","confirmado na edição atual","parcial","2026-10-04","2026-10-04","localização | atividade | categorias | duração | elegibilidade territorial | produção/conclusão | estreia | exibição online | pessoa autorizada a inscrever | taxas | abertura | encerramento | realização | relevância","Página oficial confirma evento, cidades e calendário futuro; chamada abrirá em 21/10/2026, após a data desta pesquisa."
"festival","festival-newfest","festival-newfest","festival-newfest-source-1","NewFest38 — FilmFreeway","https://filmfreeway.com/NewFest","plataforma de inscrição","38ª edição / 2026","Página ou regulamento consultado","confirmado na edição atual","confirmado","2026-10-04","2026-10-04","localização | atividade | categorias | duração | elegibilidade territorial | produção/conclusão | estreia | exibição online | pessoa autorizada a inscrever | taxas | abertura | encerramento | realização | relevância","Regras, categorias, prazos e taxas da edição atual consultados."
"festival","festival-newfest","festival-newfest","festival-newfest-source-2","NewFest38 — página oficial","https://newfest.org/festival-2026/","oficial","38ª edição / 2026","Página ou regulamento consultado","confirmado na edição atual","confirmado","2026-10-04","2026-10-04","localização | atividade | categorias | duração | elegibilidade territorial | produção/conclusão | estreia | exibição online | pessoa autorizada a inscrever | taxas | abertura | encerramento | realização | relevância","Página oficial confirma edição, datas e formato híbrido."
"festival","festival-insideout","festival-insideout","festival-insideout-source-1","Inside Out 2027 — Submissions","https://insideout.ca/home/submissions/","oficial","37ª edição / 2027","Página ou regulamento consultado","confirmado na edição atual","confirmado","2026-10-04","2026-10-04","localização | atividade | categorias | duração | elegibilidade territorial | produção/conclusão | estreia | exibição online | pessoa autorizada a inscrever | taxas | abertura | encerramento | realização | relevância","Página oficial de regras e prazos integralmente consultada."
"festival","festival-insideout","festival-insideout","festival-insideout-source-2","Inside Out 2027 — FilmFreeway","https://filmfreeway.com/InsideOut2SLGBTQ","plataforma de inscrição","37ª edição / 2027","Página ou regulamento consultado","confirmado na edição atual","confirmado","2026-10-04","2026-10-04","localização | atividade | categorias | duração | elegibilidade territorial | produção/conclusão | estreia | exibição online | pessoa autorizada a inscrever | taxas | abertura | encerramento | realização | relevância","Categorias e taxas atuais consultadas."
"festival","festival-bfiflare","festival-bfiflare","festival-bfiflare-source-1","BFI Flare 2026 — balanço oficial","https://www.bfi.org.uk/news/40th-edition-bfi-flare-london-lgbtqia-film-festival-wraps","oficial","40ª edição / 2026","Página ou regulamento consultado","confirmado em edição anterior","parcial","2026-10-04","2026-10-04","atividade | localização | realização | categorias | relevância","Última edição documental localizada; nenhuma chamada ou data 2027 foi publicada até 4/10/2026."
"festival","festival-nashville","festival-nashville","festival-nashville-source-1","Nashville Film Festival 2026 — entries","https://nashvillefilmfestival.org/2026-festival-entries/","oficial","57ª edição / 2026","Página ou regulamento consultado","confirmado em edição anterior","confirmado","2026-10-04","2026-10-04","localização | atividade | categorias | duração | elegibilidade territorial | produção/conclusão | estreia | exibição online | pessoa autorizada a inscrever | taxas | abertura | encerramento | realização | relevância","Última chamada oficial localizada; nenhuma inscrição 2027 foi publicada até 4/10/2026."
"festival","festival-nashville","festival-nashville","festival-nashville-source-2","NashFilm 2026 — FilmFreeway","https://filmfreeway.com/NashFilm","plataforma de inscrição","57ª edição / 2026","Página ou regulamento consultado","confirmado em edição anterior","confirmado","2026-10-04","2026-10-04","localização | atividade | categorias | duração | elegibilidade territorial | produção/conclusão | estreia | exibição online | pessoa autorizada a inscrever | taxas | abertura | encerramento | realização | relevância","Regras, taxas e categorias da última edição consultadas."
"festival","festival-bogoshorts","festival-bogoshorts","festival-bogoshorts-source-1","BOGOSHORTS 24 — Reglamento","https://info.bogoshorts.com/sccs/prensa/2026/docs_2026/Reglamento_24BS_ESP.pdf","oficial","24ª edição / 2026","Página ou regulamento consultado","confirmado na edição atual","confirmado","2026-10-04","2026-10-04","localização | atividade | categorias | duração | elegibilidade territorial | produção/conclusão | estreia | exibição online | pessoa autorizada a inscrever | taxas | abertura | encerramento | realização | relevância","Regulamento oficial de 10 páginas integralmente consultado."
"festival","festival-bogoshorts","festival-bogoshorts","festival-bogoshorts-source-2","BOGOSHORTS 2026 — convocatoria","https://info.bogoshorts.com/sccs/prensa/2026/24bsff/002_conv_24bsff_10bfm.html","oficial","24ª edição / 2026","Página ou regulamento consultado","confirmado na edição atual","confirmado","2026-10-04","2026-10-04","localização | atividade | categorias | duração | elegibilidade territorial | produção/conclusão | estreia | exibição online | pessoa autorizada a inscrever | taxas | abertura | encerramento | realização | relevância","Comunicado oficial confirma abertura, encerramento, estreia e categorias."
"festival","festival-blackqueer","festival-blackqueer","festival-blackqueer-source-1","Black Queer Festival 2026 — site oficial","https://www.blackqueerfestival.com/","oficial","2ª edição / 2026","Página ou regulamento consultado","confirmado na edição atual","confirmado","2026-10-04","2026-10-04","localização | atividade | categorias | duração | elegibilidade territorial | produção/conclusão | estreia | exibição online | pessoa autorizada a inscrever | taxas | abertura | encerramento | realização | relevância","Confirma cidades, espaços e período geral."
"festival","festival-blackqueer","festival-blackqueer","festival-blackqueer-source-2","Black Queer Festival — regras, lotes e taxas","https://filmfreeway.com/BlackQueerFestival","plataforma de inscrição","2ª edição / 2026","Página ou regulamento consultado","confirmado na edição atual","confirmado","2026-10-04","2026-10-04","localização | atividade | categorias | duração | elegibilidade territorial | produção/conclusão | estreia | exibição online | pessoa autorizada a inscrever | taxas | abertura | encerramento | realização | relevância","Regras integralmente lidas; o corpo e os campos da plataforma contêm conflitos de edição, ano e prazo."
"festival","festival-macacucine","festival-macacucine","festival-macacucine-source-1","18º MacacuCine — inscrições","https://www.macacucine.com.br/inscricao","oficial","18ª edição / 2026","Página ou regulamento consultado","confirmado na edição atual","confirmado","2026-10-04","2026-10-04","localização | atividade | categorias | duração | elegibilidade territorial | produção/conclusão | estreia | exibição online | pessoa autorizada a inscrever | taxas | abertura | encerramento | realização | relevância","Página oficial com os seis regulamentos atuais."
"festival","festival-macacucine","festival-macacucine","festival-macacucine-source-2","Regulamento Mostra Livre 2026","https://drive.google.com/file/d/18tTUm3WhQlPOVOYYdt-Cck-jwK2OdrgL/view","oficial","18ª edição / 2026","Página ou regulamento consultado","confirmado na edição atual","confirmado","2026-10-04","2026-10-04","localização | atividade | categorias | duração | elegibilidade territorial | produção/conclusão | estreia | exibição online | pessoa autorizada a inscrever | taxas | abertura | encerramento | realização | relevância","PDF oficial integralmente lido."
"festival","festival-macacucine","festival-macacucine","festival-macacucine-source-3","Regulamento Curtas Escolares Brasil 2026","https://drive.google.com/file/d/1exE8qNeoe5RThkSleqWP80WLs7gg90Om/view","oficial","18ª edição / 2026","Página ou regulamento consultado","confirmado na edição atual","confirmado","2026-10-04","2026-10-04","localização | atividade | categorias | duração | elegibilidade territorial | produção/conclusão | estreia | exibição online | pessoa autorizada a inscrever | taxas | abertura | encerramento | realização | relevância","PDF oficial integralmente lido."
"festival","festival-macacucine","festival-macacucine","festival-macacucine-source-4","Regulamento Curtas Universitários Brasil 2026","https://drive.google.com/file/d/1GrQ8MYIwevBi84lpF2QMBQOELT__OWB2/view","oficial","18ª edição / 2026","Página ou regulamento consultado","confirmado na edição atual","confirmado","2026-10-04","2026-10-04","localização | atividade | categorias | duração | elegibilidade territorial | produção/conclusão | estreia | exibição online | pessoa autorizada a inscrever | taxas | abertura | encerramento | realização | relevância","PDF oficial integralmente lido."
"festival","festival-macacucine","festival-macacucine","festival-macacucine-source-5","Regulamento Micrometragens 2026","https://drive.google.com/file/d/1ACoCKiYQb0zn9xNys52b8DRgh_af_Cb2/view","oficial","18ª edição / 2026","Página ou regulamento consultado","confirmado na edição atual","confirmado","2026-10-04","2026-10-04","localização | atividade | categorias | duração | elegibilidade territorial | produção/conclusão | estreia | exibição online | pessoa autorizada a inscrever | taxas | abertura | encerramento | realização | relevância","PDF oficial integralmente lido."
"festival","festival-macacucine","festival-macacucine","festival-macacucine-source-6","Regulamento Curtas Escolares Internacional 2026","https://drive.google.com/file/d/1oOYzV0dKalFatxRBsFIYTI4hN5tCRnMd/view","oficial","18ª edição / 2026","Página ou regulamento consultado","confirmado na edição atual","confirmado","2026-10-04","2026-10-04","localização | atividade | categorias | duração | elegibilidade territorial | produção/conclusão | estreia | exibição online | pessoa autorizada a inscrever | taxas | abertura | encerramento | realização | relevância","PDF oficial integralmente lido."
"festival","festival-macacucine","festival-macacucine","festival-macacucine-source-7","Regulamento Curtas Universitários Internacional 2026","https://drive.google.com/file/d/1W4jnplVNhYJPI3XrIN-b-jgbGQdZueb-/view","oficial","18ª edição / 2026","Página ou regulamento consultado","confirmado na edição atual","confirmado","2026-10-04","2026-10-04","localização | atividade | categorias | duração | elegibilidade territorial | produção/conclusão | estreia | exibição online | pessoa autorizada a inscrever | taxas | abertura | encerramento | realização | relevância","PDF oficial integralmente lido."
"festival","festival-fiacafi","festival-fiacafi","festival-fiacafi-source-1","FIACAFI — programação remarcada","https://www.fiacafi.com.br/","oficial","FIACAFI 2026 / realização remarcada para 2027","Página ou regulamento consultado","confirmado na edição atual","confirmado","2026-10-04","2026-10-04","localização | atividade | categorias | duração | elegibilidade territorial | produção/conclusão | estreia | exibição online | pessoa autorizada a inscrever | taxas | abertura | encerramento | realização | relevância","Página oficial remarca a programação para 21–28/3/2027."
"festival","festival-fiacafi","festival-fiacafi","festival-fiacafi-source-2","Regulamento Mostra Imagem","https://www.fiacafi.com.br/regulamento-oficial","oficial","FIACAFI 2026 / realização remarcada para 2027","Página ou regulamento consultado","confirmado na edição atual","confirmado","2026-10-04","2026-10-04","localização | atividade | categorias | duração | elegibilidade territorial | produção/conclusão | estreia | exibição online | pessoa autorizada a inscrever | taxas | abertura | encerramento | realização | relevância","Regulamento atual integralmente lido; mantém uma data de premiação residual de 2026."
"festival","festival-fiacafi","festival-fiacafi","festival-fiacafi-source-3","Regulamento Mostra Francofonia","https://www.fiacafi.com.br/regulamento","oficial","FIACAFI 2026 / realização remarcada para 2027","Página ou regulamento consultado","confirmado na edição atual","confirmado","2026-10-04","2026-10-04","localização | atividade | categorias | duração | elegibilidade territorial | produção/conclusão | estreia | exibição online | pessoa autorizada a inscrever | taxas | abertura | encerramento | realização | relevância","Regulamento integralmente lido; calendário de agosto/2026 ficou desatualizado após a remarcação geral."
"festival","festival-recanto","festival-recanto","festival-recanto-source-1","IFB — 5º Recanto do Cinema","https://www.ifb.edu.br/recantodasemas/48432-5-edicao-do-festival-recanto-do-cinema-audiovisual-na-periferia-edital-2","oficial","5ª edição / 2026 — chamada interna","Página ou regulamento consultado","confirmado na edição atual","confirmado","2026-10-04","2026-10-04","localização | atividade | categorias | duração | elegibilidade territorial | produção/conclusão | estreia | exibição online | pessoa autorizada a inscrever | taxas | abertura | encerramento | realização | relevância","Página oficial da chamada interna."
"festival","festival-recanto","festival-recanto","festival-recanto-source-2","Edital interno do 5º Recanto do Cinema","https://www.ifb.edu.br/attachments/article/48432/Edital_interno_RecantodoCinema.pdf","oficial","5ª edição / 2026 — chamada interna","Página ou regulamento consultado","confirmado na edição atual","confirmado","2026-10-04","2026-10-04","localização | atividade | categorias | duração | elegibilidade territorial | produção/conclusão | estreia | exibição online | pessoa autorizada a inscrever | taxas | abertura | encerramento | realização | relevância","PDF oficial integralmente lido."
"festival","festival-sururu","festival-sururu","festival-sururu-source-1","17ª Mostra Sururu — site oficial","https://mostrasururu.com.br/","oficial","17ª edição / 2026","Página ou regulamento consultado","confirmado na edição atual","confirmado","2026-10-04","2026-10-04","localização | atividade | categorias | duração | elegibilidade territorial | produção/conclusão | estreia | exibição online | pessoa autorizada a inscrever | taxas | abertura | encerramento | realização | relevância","Confirma edição e chamadas."
"festival","festival-sururu","festival-sururu","festival-sururu-source-2","Regulamento de curtas 2026","https://mostrasururu.com.br/wp-content/uploads/2026/09/REGULAMENTO-DA-MOSTRA-DE-CURTA-METRAGENS-2026-final.pdf","oficial","17ª edição / 2026","Página ou regulamento consultado","confirmado na edição atual","confirmado","2026-10-04","2026-10-04","localização | atividade | categorias | duração | elegibilidade territorial | produção/conclusão | estreia | exibição online | pessoa autorizada a inscrever | taxas | abertura | encerramento | realização | relevância","PDF oficial integralmente lido."
"festival","festival-sururu","festival-sururu","festival-sururu-source-3","Regulamento de videoclipes 2026","https://mostrasururu.com.br/wp-content/uploads/2026/09/REGULAMENTO-DA-MOSTRA-DE-VIDEOCLIPES-2026-final.pdf","oficial","17ª edição / 2026","Página ou regulamento consultado","confirmado na edição atual","confirmado","2026-10-04","2026-10-04","localização | atividade | categorias | duração | elegibilidade territorial | produção/conclusão | estreia | exibição online | pessoa autorizada a inscrever | taxas | abertura | encerramento | realização | relevância","PDF oficial integralmente lido."
"festival","festival-sururu","festival-sururu","festival-sururu-source-4","Mostra Sururu — datas e local","https://revistaalagoana.com/17a-mostra-sururu-de-cinema-alagoano-abre-inscricoes-para-curtas-metragens-e-videoclipes/","fonte secundária","17ª edição / 2026","Página ou regulamento consultado","confirmado na edição atual","confirmado","2026-10-04","2026-10-04","localização | atividade | categorias | duração | elegibilidade territorial | produção/conclusão | estreia | exibição online | pessoa autorizada a inscrever | taxas | abertura | encerramento | realização | relevância","Usada para período e espaço da realização."
"festival","festival-cineop","festival-cineop","festival-cineop-source-1","21ª CineOP — site oficial","https://cineop.com.br/","oficial","21ª edição / 2026","Página ou regulamento consultado","confirmado na edição atual","confirmado","2026-10-04","2026-10-04","localização | atividade | categorias | duração | elegibilidade territorial | produção/conclusão | estreia | exibição online | pessoa autorizada a inscrever | taxas | abertura | encerramento | realização | relevância","Página oficial confirma edição, programação, datas e escopo."
"festival","festival-cineop","festival-cineop","festival-cineop-source-2","21ª CineOP — inscrições para encontros","https://cineop.com.br/n/21a-cineop-recebe-inscricoes-para-encontro-de-arquivos-e-acervos-audiovisuais-e-encontro-da-educacao/","oficial","21ª edição / 2026","Página ou regulamento consultado","confirmado na edição atual","confirmado","2026-10-04","2026-10-04","localização | atividade | categorias | duração | elegibilidade territorial | produção/conclusão | estreia | exibição online | pessoa autorizada a inscrever | taxas | abertura | encerramento | realização | relevância","A inscrição é de participantes dos encontros, não uma chamada de filmes."
"festival","festival-cineverao","festival-cineverao","festival-cineverao-source-1","Cine Verão encerra inscrições da 6ª edição","https://magalzine.substack.com/p/cine-verao-encerra-inscricoes-nesta","fonte secundária","6ª edição / 2025","Página ou regulamento consultado","confirmado em edição anterior","edição anterior","2026-10-04","2026-10-04","localização | atividade | categorias | duração | elegibilidade territorial | produção/conclusão | estreia | exibição online | pessoa autorizada a inscrever | taxas | abertura | encerramento | realização | relevância","Fonte detalha a chamada; site oficial cineverao.art não estava acessível/indexado."
"festival","festival-cineverao","festival-cineverao","festival-cineverao-source-2","6º Cine Verão — programação e balanço","https://magalzine.substack.com/p/cine-verao-incentiva-a-profissionalizacao","fonte secundária","6ª edição / 2025","Página ou regulamento consultado","confirmado em edição anterior","edição anterior","2026-10-04","2026-10-04","localização | atividade | categorias | duração | elegibilidade territorial | produção/conclusão | estreia | exibição online | pessoa autorizada a inscrever | taxas | abertura | encerramento | realização | relevância","Confirma realização, local e mais de 600 inscrições."
"festival","festival-mataatlantica","festival-mataatlantica","festival-mataatlantica-source-1","Mata Atlântica Film Festival 2026 — chamada oficial","https://filmfreeway.com/mataatlanticafilmfestival","plataforma de inscrição","5ª edição / 2026","Página ou regulamento consultado","confirmado na edição atual","confirmado","2026-10-04","2026-10-04","localização | atividade | categorias | duração | elegibilidade territorial | produção/conclusão | estreia | exibição online | pessoa autorizada a inscrever | taxas | abertura | encerramento | realização | relevância","Página integralmente lida em 4/10/2026."
"edição","festival-001-edition-2026-1","festival-001","festival-001-edition-2026-source-regulation","Regulamentos e inscrições do 59º Festival de Brasília","https://festcinebrasilia.com.br/inscricoes/","oficial","59ª edição / 2026","Regulamento da seleção e edital do 28º Troféu Câmara Legislativa","confirmado na edição atual","confirmado","2026-10-04","2026-10-04","location | activity | formats | languages | duration | productionYear | countries | regions | pf | pj | premiere | opening | deadlines | eventDates | resubmission","A página reúne duas chamadas distintas. Há um lapso textual que menciona a 58ª edição no passo de inscrição, mas datas, título, contexto e demais itens identificam a 59ª edição de 2026."
"edição","festival-002-edition-2026-1","festival-002","festival-002-source-regulation-2026","Regulamento das mostras brasileiras do 54º Festival de Cinema de Gramado","https://inscricoescinema.com.br/wp-content/themes/inscricoes-festival/images/docs/Regulamento-LMB-LMDB-CMB-54o-Festival-de-Cinema-de-Gramado.pdf","oficial","54ª edição / 2026","Regulamento integral — longas de ficção, longas documentais e curtas brasileiros","confirmado na edição atual","confirmado","2026-10-04","2026-10-04","location | activity | formats | languages | duration | productionYear | countries | premiere | online | pf | pj | opening | deadlines | eventDates | materials","Lido integralmente (18 páginas). O próprio documento remete as mostras gaúchas a regulamentos separados, não localizados na pesquisa deste lote."
"edição","festival-002-edition-2026-1","festival-002","festival-002-source-program-2026","Guia da programação do 54º Festival de Cinema de Gramado","https://festivaldecinemadegramado.com/noticias/guia-da-programacao-54-festival","oficial","54ª edição / 2026","Programação e dimensões da edição","confirmado na edição atual","confirmado","2026-10-04","2026-10-04","activity | categories | eventDates | relevance",""
"edição","festival-003-edition-2026-1","festival-003","festival-003-edition-2026-source-regulation","Regulamento do 37º Curta Kinoforum","https://2026.kinoforum.org/sobre-o-festival/regulamento","oficial","37ª edição / 2026","Regulamento integral","confirmado na edição atual","confirmado","2026-10-04","2026-10-04","location | activity | formats | languages | duration | creditsIncluded | productionYear | countries | premiere | online | deadlines | eventDates | resubmission | materials",""
"edição","festival-004-edition-2027-1","festival-004","festival-004-edition-2027-source-regulation","Regulamento nacional da 36ª edição do Curta Cinema","https://curtacinema.com.br/regulamento-nacional-35-edicao/","oficial","36ª edição / 2027","Regulamento integral","confirmado na edição atual","confirmado","2026-10-04","2026-10-04","location | activity | formats | duration | productionYear | countries | premiere | opening | deadlines | fees | eventDates | selectionType | online","Apesar do slug mencionar a 35ª edição, o conteúdo identifica expressamente a 36ª edição, de 17 a 24/03/2027."
"edição","festival-005-edition-2026-1","festival-005","festival-005-edition-source-regulation-2026","Regulamento do 31º É Tudo Verdade","https://etudoverdade.com.br/inscricao_2026_/Regulamento-E-Tudo-Verdade-2026.pdf","oficial","31ª edição / 2026","Regulamento integral","confirmado na edição atual","confirmado","2026-10-04","2026-10-04","location | activity | formats | languages | duration | productionYear | countries | premiere | online | pf | pj | fees | opening | deadlines | eventDates | resubmission | materials | relevance","O edital foi lido integralmente. Restrições de estreia e histórico online variam entre as categorias brasileiras; o documento não declara equivalentes para as competições internacionais."
"edição","festival-006-edition-2027-1","festival-006","festival-006-source-call-2027","Chamada oficial para filmes da 30ª Mostra de Cinema de Tiradentes","https://mostratiradentes.com.br/2026/n/30a-mostra-de-cinema-de-tiradentes-abre-inscricoes-para-filmes-brasileiros-e-o-seu-filme-pode-fazer-parte-desta-edicao-historica/","oficial","30ª edição / 2027","Página oficial da chamada","confirmado na edição atual","parcial","2026-10-04","2026-10-04","location | activity | formats | duration | productionYear | premiere | fees | opening | deadlines | eventDates | categories","A página oficial foi lida integralmente e resume as categorias; o PDF integral referido no portal de inscrições não foi extraído diretamente."
"edição","festival-007-edition-2026-1","festival-007","festival-007-source-regulation-2026","Regulamento Première Brasil 2026","https://festivaldorio.s3.us-east-1.amazonaws.com/2026/regulamento-premiere-brasil-2026/regulamento-premiere-brasil-2026.pdf","oficial","28ª edição / 2026","Regulamento integral","confirmado na edição atual","confirmado","2026-10-04","2026-10-04","location | formats | languages | duration | productionYear | countries | premiere | online | pf | pj | opening | deadlines | eventDates | materials",""
"edição","festival-007-edition-2026-1","festival-007","festival-007-source-extension-2026","Prorrogação das inscrições da Première Brasil 2026","https://www.festivaldorio.com.br/br/noticias/festival-do-rio-2026-inscricoes-prorrogadas-para-a-premiere-brasil","oficial","28ª edição / 2026","Retificação de prazo e perguntas frequentes","confirmado na edição atual","confirmado","2026-10-04","2026-10-04","fees | deadlines | pf | pj | relevance",""
"edição","festival-007-edition-2026-1","festival-007","festival-007-source-selection-2026","Seleção da Première Brasil 2026","https://www.festivaldorio.com.br/br/noticias/festival-do-rio-2026-anuncia-os-filmes-selecionados-para-a-premiere-brasil-a-principal-vitrine-do-cinema-brasileiro","oficial","28ª edição / 2026","Seleção e alcance","confirmado na edição atual","confirmado","2026-10-04","2026-10-04","activity | categories | relevance",""
"edição","festival-008-edition-2026-1","festival-008","festival-008-source-regulation-attempt-2026","Regulamento de filmes do 15º Olhar de Cinema","https://olhardecinema.com.br/regulamento/filme?lang=pt","oficial","15ª edição / 2026","Tentativa de acesso ao regulamento oficial","não localizado","não verificado","2026-10-04","2026-10-04","categories | duration | countries | premiere | fees | deadlines","A URL oficial foi localizada, mas o conteúdo atual não pôde ser recuperado integralmente pela ferramenta de leitura."
"edição","festival-008-edition-2026-1","festival-008","festival-008-source-call-secondary-2026","Call for Entry 2026 — Olhar de Cinema","https://asianfilmfestivals.com/2026/01/20/olhar-de-cinema-curitiba-international-film-festival-call-for-entry-2026/","fonte secundária","15ª edição / 2026","Resumo secundário da chamada","confirmado na edição atual","parcial","2026-10-04","2026-10-04","location | activity | formats | duration | productionYear | deadlines | eventDates | fees","Usada somente para campos explicitamente publicados; não substitui a leitura do regulamento oficial."
"edição","festival-008-edition-2026-1","festival-008","festival-008-source-call-local-2026","Festival Internacional de Curitiba está com inscrições abertas","https://criptocultural.com.br/festival-internacional-de-curitiba-esta-com-inscricoes-abertas/","fonte secundária","15ª edição / 2026","Cobertura local da chamada","confirmado na edição atual","parcial","2026-10-04","2026-10-04","fees | deadlines | eventDates","Confirma gratuidade para filmes brasileiros e cobrança em euros para estrangeiros, sem substituir o edital."
"edição","festival-009-edition-2026-1","festival-009","festival-009-edition-source-regulation-2026","Edital 03/2026 — 28º FestCurtasBH","https://fcs.mg.gov.br/wp-content/uploads/2026/03/Edital_Regulation_28oFestCurtasBH_2026.FINAL_.pdf","oficial","28ª edição / 2026","Edital e anexos integrais","confirmado na edição atual","confirmado","2026-10-04","2026-10-04","location | activity | formats | languages | duration | productionYear | countries | pf | pj | fees | opening | deadlines | eventDates | online | materials | awards","O edital em português e inglês foi lido integralmente. A versão inglesa do cronograma diverge em um dia para o resultado; foi preservida a data de 21/09 repetida no corpo e no cronograma em português."
"edição","festival-010-edition-2025-1","festival-010","festival-010-source-site-attempt-2026","Site oficial do Janela Internacional de Cinema do Recife","https://janeladecinema.com.br/","oficial","site consultado em 2026","Página inicial desatualizada","não localizado","não verificado","2026-10-04","2026-10-04","location | activity | eventDates | categories","O site exibe conteúdo da 15ª edição sem ano e não publica regulamento ou chamada atual identificável."
"edição","festival-010-edition-2025-1","festival-010","festival-010-source-event-2025","XVI Janela Internacional de Cinema do Recife","https://www.sympla.com.br/evento/xvi-janela-internacional-de-cinema-do-recife/3195400","fonte secundária","16ª edição / 2025","Página pública do evento","confirmado em edição anterior","parcial","2026-10-04","2026-10-04","location | activity | eventDates","Fonte secundária usada para documentar a última edição localizada; não confirma atividade ou chamada em 2026."
"edição","festival-011-edition-2026-1","festival-011","festival-011-source-call-2026","Portal oficial de inscrições do 36º Cine Ceará","https://cineceara.com/inscricoes/es/home-es.html","oficial","36ª edição / 2026","Chamada e condições publicadas no portal oficial","confirmado na edição atual","parcial","2026-10-04","2026-10-04","location | activity | categories | formats | languages | duration | productionYear | countries | premiere | fees | opening | deadlines | eventDates | materials | relevance","O portal oficial atual foi localizado e indexado, mas seu tamanho impediu a leitura integral direta; as regras estruturadas são as explicitamente publicadas na página da chamada."
"edição","festival-012-edition-2026-1","festival-012","festival-012-source-regulation-2026","Regulamento das Mostras Competitivas do Cine PE 2026","https://festivalcinepe.com.br/wp-content/uploads/2025/11/Regulamento.pdf","oficial","30ª edição / 2026","Regulamento integral (8 páginas)","confirmado na edição atual","confirmado","2026-10-04","2026-10-04","location | activity | categories | formats | languages | duration | countries | premiere | opening | deadlines | eventDates | materials | relevance","Lido integralmente. O documento não declara taxa de inscrição, ano de produção, histórico online ou natureza física/jurídica do responsável."
"edição","festival-013-edition-2026-1","festival-013","festival-013-source-regulation-2026","Regulamento do 33º Festival de Cinema de Vitória","https://festivaldevitoria.com.br/33fv/regulamento/","oficial","33ª edição / 2026","Regulamento integral","confirmado na edição atual","confirmado","2026-10-04","2026-10-04","location | activity | categories | formats | duration | productionYear | countries | premiere | pf | pj | fees | opening | deadlines | eventDates | resubmission | materials | relevance",""
"edição","festival-014-edition-2027-1","festival-014","festival-014-source-regulation-2027","Regulamento / Rules and Terms Panorama 2027","https://panorama.coisadecinema.com.br/wp-content/uploads/2026/09/Regulamento_Rules-and-Terms_Panorama2027.pdf","oficial","22ª edição / 2027","Regulamento integral","confirmado na edição atual","confirmado","2026-10-04","2026-10-04","location | activity | categories | formats | languages | duration | productionYear | countries | premiere | online | pf | pj | fees | deadlines | eventDates | resubmission | materials | relevance","Lido integralmente. O documento não informa a data de abertura da chamada."
"edição","festival-014-edition-2027-1","festival-014","festival-014-source-signup-2027","Página oficial de inscrições Panorama 2027","https://panorama.coisadecinema.com.br/inscricoes/","oficial","22ª edição / 2027","Inscrição e formulários","confirmado na edição atual","confirmado","2026-10-04","2026-10-04","activity | categories | fees | deadlines | eventDates",""
"edição","festival-015-edition-2026-1","festival-015","festival-015-source-site-2026","Site oficial do Festival MixBrasil","https://rede.mixbrasil.org.br/","oficial","34ª edição / 2026","Identidade e edição atual","confirmado na edição atual","confirmado","2026-10-04","2026-10-04","location | activity | eventDates | relevance",""
"edição","festival-015-edition-2026-1","festival-015","festival-015-source-filmfreeway-2026","Festival MixBrasil — regras e taxas no FilmFreeway","https://filmfreeway.com/FestivalMixBrasil","plataforma de inscrição","34ª edição / 2026","Página oficial de inscrição e regras","confirmado na edição atual","confirmado","2026-10-04","2026-10-04","categories | formats | languages | duration | productionYear | countries | premiere | pf | pj | fees | opening | deadlines | eventDates | materials | relevance",""
"edição","festival-016-edition-2027-1","festival-016","festival-016-source-site-2027","Site oficial do Fantaspoa","https://fantaspoa.com/","oficial","23ª edição / 2027","Identidade, histórico e edição","confirmado na edição atual","confirmado","2026-10-04","2026-10-04","location | activity | eventDates | relevance",""
"edição","festival-016-edition-2027-1","festival-016","festival-016-source-filmfreeway-2027","Fantaspoa — regras e taxas 2027","https://filmfreeway.com/fantaspoa","plataforma de inscrição","23ª edição / 2027","Regras integrais e tabela de taxas no FilmFreeway","confirmado na edição atual","confirmado","2026-10-04","2026-10-04","categories | formats | languages | duration | productionYear | premiere | online | pf | pj | fees | opening | deadlines | eventDates | materials | relevance",""
"edição","festival-017-edition-2026-1","festival-017","festival-017-source-edition-2026","FICA 2026 reformula premiação","https://fica.go.gov.br/n/199834-fica-2026-reformula-premiacao-e-garante-distribuicao-igualitaria-entre-categorias-tecnicas","oficial","27ª edição / 2026","Edição, competições e premiação","confirmado na edição atual","confirmado","2026-10-04","2026-10-04","location | activity | categories | eventDates | relevance",""
"edição","festival-017-edition-2026-1","festival-017","festival-017-source-competitions-2026","Mostras competitivas FICA 2026","https://fica.go.gov.br/p/61398-mostras-competitivas-2026","oficial","27ª edição / 2026","Descrição das mostras","confirmado na edição atual","confirmado","2026-10-04","2026-10-04","categories | themes | relevance",""
"edição","festival-017-edition-2026-1","festival-017","festival-017-source-addendum-2026","Termo Aditivo 02/2026 — calendário da seleção do FICA","https://goias.gov.br/lista-de-filmes-selecionados-para-fica-2026-sera-divulgada-nesta-sexta-feira/","oficial","27ª edição / 2026","Retificação de resultado e envio de cópias","confirmado na edição atual","confirmado","2026-10-04","2026-10-04","activity | resultDate | materials | eventDates","A notícia oficial documenta o termo aditivo que moveu o resultado para 22 de maio e as cópias para 31 de maio."
"edição","festival-017-edition-2026-1","festival-017","festival-017-source-platform-attempt-2026","Plataforma Plateia Editais — chamadas FICA 2026","https://web.ufg.br/plateia-editais/","oficial","27ª edição / 2026","Tentativa de leitura dos editais CP01, CP02, CP03 e CP04","não localizado","não verificado","2026-10-04","2026-10-04","duration | productionYear | countries | premiere | online | pf | pj | fees | opening | deadlines","A plataforma dinâmica confirmou referências às quatro chamadas, mas não expôs anexos/regulamentos integrais à ferramenta de leitura; regras ausentes não foram inferidas."
"edição","festival-018-edition-2026-1","festival-018","festival-018-source-territories-2026","Regulamento Territórios e Memória 2026","https://ecofalante.org.br/competicao/territorios-2026","oficial","15ª edição / 2026","Regulamento integral da competição","confirmado na edição atual","confirmado","2026-10-04","2026-10-04","location | categories | formats | languages | productionYear | countries | premiere | pf | pj | fees | deadlines | eventDates | materials",""
"edição","festival-018-edition-2026-1","festival-018","festival-018-source-student-2026","Regulamento Curta Ecofalante 2026","https://ecofalante.org.br/competicao/curta-2026","oficial","15ª edição / 2026","Regulamento integral da competição estudantil","confirmado na edição atual","confirmado","2026-10-04","2026-10-04","categories | formats | duration | productionYear | countries | pf | pj | fees | deadlines | materials",""
"edição","festival-018-edition-2026-1","festival-018","festival-018-source-opening-2026","Inscrições abertas para a Ecofalante 2026","https://ecofalante.org.br/blog/ecofalante-inscricoes-abertas-2026/","oficial","15ª edição / 2026","Abertura e gratuidade","confirmado na edição atual","confirmado","2026-10-04","2026-10-04","activity | fees | opening | deadlines",""
"edição","festival-018-edition-2026-1","festival-018","festival-018-source-program-2026","Programação da 15ª Mostra Ecofalante","https://ecofalante.org.br/programacao","oficial","15ª edição / 2026","Datas e programação","confirmado na edição atual","confirmado","2026-10-04","2026-10-04","location | activity | eventDates | relevance",""
"edição","festival-020-edition-2026-1","festival-020","festival-020-source-call-2026","Inscrições de filmes para a 20ª CineBH","https://universoproducao.com.br/news/inscricoes-de-filmes-para-a-20a-cinebh-mostra-internacional-de-cinema-de-belo-horizonte-estao-abertas-ate-24-de-abril/","oficial","20ª edição / 2026","Chamada oficial resumida","confirmado na edição atual","parcial","2026-10-04","2026-10-04","location | activity | categories | formats | productionYear | countries | fees | opening | deadlines","Página oficial da organizadora lida integralmente; o regulamento completo vinculado não permaneceu disponível na listagem atual de inscrições."
"edição","festival-020-edition-2026-1","festival-020","festival-020-source-program-2026","20ª CineBH anuncia 102 filmes","https://cinebh.com.br/n/20a-cinebh-anuncia-102-filmes-homenagem-a-paz-encina-e-estreia-de-conceicao-evaristo-como-atriz/","oficial","20ª edição / 2026","Programação e alcance","confirmado na edição atual","confirmado","2026-10-04","2026-10-04","activity | categories | eventDates | relevance",""
"edição","festival-020-edition-2026-1","festival-020","festival-020-source-history-2026","CineBH celebra 20 anos de trajetória","https://cinebh.com.br/n/cinebh-celebra-20-anos-de-uma-trajetoria-que-transformou-belo-horizonte-em-territorio-de-cinema/","oficial","20ª edição / 2026","Histórico e Brasil CineMundi","confirmado na edição atual","confirmado","2026-10-04","2026-10-04","activity | industry | relevance",""
"edição","festival-021-edition-2026-1","festival-021","festival-021-source-regulation-2026","Regulamento de inscrições 2026 da Mostra de Cinema Infantil","https://www.mostradecinemainfantil.com.br/registration-2026/","oficial","25ª edição / 2026","Regulamento integral publicado no site","confirmado na edição atual","parcial","2026-10-04","2026-10-04","location | activity | categories | formats | duration | countries | premiere | pf | pj | fees | deadlines | eventDates | materials | relevance","A página foi lida integralmente, mas apresenta conflito: o título anuncia inscrição internacional e o item 3.1 descreve a Competição Nacional. O prazo também chama 24/5/2026 de segunda-feira, embora a data caia num domingo."
"edição","festival-021-edition-2026-1","festival-021","festival-021-source-signup-2026","Página de inscrições da 25ª Mostra de Cinema Infantil","https://www.mostradecinemainfantil.com.br/inscricoes/","oficial","25ª edição / 2026","Inscrição e edição atual","confirmado na edição atual","parcial","2026-10-04","2026-10-04","activity | categories | deadlines | eventDates",""
"edição","festival-022-edition-2026-1","festival-022","festival-022-source-call-2026","Inscrições forumdoc.bh 2026 (encerradas)","https://www.forumdoc.org.br/noticias/inscricoes-forumdoc-bh-2026","oficial","30ª edição / 2026","Página oficial da chamada encerrada","confirmado na edição atual","parcial","2026-10-04","2026-10-04","location | activity | categories | formats | productionYear | countries | eventDates","A página oficial atual foi lida integralmente, mas não publica regulamento, datas de inscrição, taxa, duração por faixa, estreia ou pessoa autorizada."
"edição","festival-022-edition-2026-1","festival-022","festival-022-source-history-2025","Territórios da intimidade no documentário brasileiro contemporâneo","https://www.forumdoc.org.br/ensaios/territorios-da-intimidade-no-documentario-brasileiro-contemporaneo","oficial","29ª edição / 2025","Inscrições e curadoria da edição anterior","confirmado em edição anterior","edição anterior","2026-10-04","2026-10-04","programmingReach | relevance","Usada apenas para contextualizar alcance: 433 inscrições brasileiras em 2025; não fornece regras de 2026."
"edição","festival-023-edition-2026-1","festival-023","festival-023-source-call-2026","Goiânia Mostra Curtas abre período de inscrições","https://agencia.go.gov.br/goiania-mostra-curtas-abre-periodo-de-inscricoes/","oficial","24ª edição / 2026","Comunicado oficial da chamada","confirmado na edição atual","parcial","2026-10-04","2026-10-04","location | activity | categories | formats | duration | productionYear | countries | deadlines | eventDates | relevance","Comunicado oficial lido; o site próprio/regulamento integral não ficou acessível. Taxa, estreia, online e pessoa autorizada não foram inferidos."
"edição","festival-024-edition-2026-1","festival-024","festival-024-source-site-2026","Site oficial do FAM 2026","https://www.famdetodos.com.br/home","oficial","30ª edição / 2026","Edição e inscrição","confirmado na edição atual","confirmado","2026-10-04","2026-10-04","location | activity | eventDates | relevance",""
"edição","festival-024-edition-2026-1","festival-024","festival-024-source-regulation-2026","Regulamento FAM 2026","https://drive.google.com/file/d/161OjVB49PRxfa5VO-Tpk_8VDf7-0qC1w/view?usp=sharing","oficial","30ª edição / 2026","Regulamento integral","confirmado na edição atual","confirmado","2026-10-04","2026-10-04","location | activity | categories | formats | languages | duration | productionYear | countries | premiere | online | pf | pj | opening | deadlines | eventDates | resubmission | materials | relevance","PDF oficial baixado e lido integralmente. Há um erro tipográfico no quadro de datas ('FAM20256'); as datas numéricas de 2026 foram preservadas. O documento não informa taxa de inscrição."
"edição","festival-025-edition-2026-1","festival-025","festival-025-source-regulation-2026","Regulamento do 21º Fest Aruanda","https://festaruanda.com.br/sistema/uploads/arquivos/regulamento/regulamento-festaruanda.pdf","oficial","21ª edição / 2026","Regulamento oficial","confirmado na edição atual","parcial","2026-10-04","2026-10-04","location | activity | categories | formats | duration | productionYear | countries | fees | opening | deadlines | eventDates | materials","O PDF oficial atual foi indexado e seus itens de inscrição foram lidos; a ferramenta retornou erro ao abrir o arquivo completo, portanto estreia, online e disposições finais permanecem não localizadas."
"edição","festival-025-edition-2026-1","festival-025","festival-025-source-call-2026","Fest Aruanda ano 21 abre inscrições","https://mail.festaruanda.com.br/noticias/fest-aruanda-ano-21-abre-inscricoes-para-curtas-e-longas-","oficial","21ª edição / 2026","Comunicado oficial da chamada","confirmado na edição atual","confirmado","2026-10-04","2026-10-04","activity | categories | formats | duration | fees | opening | deadlines | eventDates | relevance",""
"edição","festival-025-edition-2026-1","festival-025","festival-025-source-presentation-2026","Apresentação do 21º Fest Aruanda","https://mail.festaruanda.com.br/apresentacao","oficial","21ª edição / 2026","Histórico e perfil","confirmado na edição atual","confirmado","2026-10-04","2026-10-04","activity | location | categories | relevance",""
"edição","festival-026-edition-2026-1","festival-026","festival-026-source-regulation-2026","Edital do 49º Guarnicê de Cinema","https://guarnice49.ufma.br/wp-content/uploads/2026/01/Edital_49-Guarnice-2026.pdf","oficial","49ª edição / 2026","Regulamento integral das mostras Nacional e Maranhão","confirmado na edição atual","confirmado","2026-10-04","2026-10-04","location | activity | categories | formats | languages | duration | productionYear | countries | premiere | online | pf | pj | fees | opening | deadlines | eventDates | resubmission | materials | relevance",""
"edição","festival-026-edition-2026-1","festival-026","festival-026-source-university-2026","Regulamento da Mostra Universitária de Cinema","https://guarnice49.ufma.br/regulamento-mostra-universitaria-de-cinema/","oficial","49ª edição / 2026","Regulamento integral da chamada universitária","confirmado na edição atual","confirmado","2026-10-04","2026-10-04","categories | formats | duration | productionYear | countries | pf | fees | opening | deadlines | eventDates | materials",""
"edição","festival-026-edition-2026-1","festival-026","festival-026-source-page-2026","Editais e regulamentos do 49º Guarnicê","https://guarnice49.ufma.br/edital/","oficial","49ª edição / 2026","Página de documentos e edição","confirmado na edição atual","confirmado","2026-10-04","2026-10-04","activity | categories | eventDates | relevance",""
"edição","festival-027-edition-2026-1","festival-027","festival-027-source-regulation-2026","Regulamento da 13ª Mostra de Cinema de Gostoso","https://www.mostradecinemadegostoso.com.br/regulamento","oficial","13ª edição / 2026","Página ou regulamento consultado","confirmado na edição atual","confirmado","2026-10-04","2026-10-04","localização | atividade | categorias | duração | elegibilidade territorial | produção/conclusão | estreia | exibição online | pessoa autorizada a inscrever | taxas | abertura | encerramento | realização | relevância","Regulamento oficial integralmente lido."
"edição","festival-027-edition-2026-1","festival-027","festival-027-source-signup-2026","Inscrição da 13ª Mostra de Cinema de Gostoso","https://www.mostradecinemadegostoso.com.br/inscricao","oficial","13ª edição / 2026","Página ou regulamento consultado","confirmado na edição atual","confirmado","2026-10-04","2026-10-04","opening | deadlines | fees",""
"edição","festival-027-edition-2026-1","festival-027","festival-027-source-home-2026","Página oficial — prazo prorrogado e realização","https://www.mostradecinemadegostoso.com.br/","oficial","13ª edição / 2026","Página ou regulamento consultado","confirmado na edição atual","confirmado","2026-10-04","2026-10-04","deadlines | eventDates | relevance",""
"edição","festival-028-edition-2025-1","festival-028","festival-028-source-call-2025","Inscrições abertas — X CachoeiraDoc","https://xcachoeiradoc.com/blog/inscricoesabertas/","oficial","10ª edição / 2025","Página ou regulamento consultado","confirmado em edição anterior","edição anterior","2026-10-04","2026-10-04","location | activity | categories | duration | productionYear | countries | opening | deadlines | eventDates | relevance","Última chamada oficial localizada. Nenhuma edição 2026 foi encontrada até a data de acesso."
"edição","festival-029-edition-2026-1","festival-029","festival-029-source-call-2026","Convocatória da Mostra Competitiva Brasil — 16º Cine Esquema Novo","https://15cen.cineesquemanovo.org/cine-esquema-novo-arte-audiovisual-brasileira-confirma-sua-16a-edicao-e-abre-convocatoria-para-mostra-competitiva-brasil/","oficial","16ª edição / 2026","Página ou regulamento consultado","confirmado na edição atual","parcial","2026-10-04","2026-10-04","location | activity | categories | countries | opening | deadlines | eventDates | relevance","Página oficial detalhada localizada; regulamento integral vinculado não foi recuperado."
"edição","festival-029-edition-2026-1","festival-029","festival-029-source-program-2026","Cine Esquema Novo — edição 2026","https://cineesquemanovo.org/patrocinadores_2026/","oficial","16ª edição / 2026","Página ou regulamento consultado","confirmado na edição atual","parcial","2026-10-04","2026-10-04","activity | eventDates | relevance",""
"edição","festival-030-edition-2026-1","festival-030","festival-030-source-call-2026","Inscrições da 18ª edição do In-Edit Brasil","https://br.in-edit.org/in-edit-brasil-abre-as-inscricoes-para-a-sua-18a-edicao/","oficial","18ª edição / 2026","Página ou regulamento consultado","confirmado na edição atual","confirmado","2026-10-04","2026-10-04","activity | categories | duration | productionYear | countries | premiere | online | opening | deadlines | eventDates | relevance","Página oficial de chamada integralmente lida; o PDF vinculado não foi recuperado."
"edição","festival-030-edition-2026-1","festival-030","festival-030-source-program-2026","Programa do 18º In-Edit Brasil","https://br.in-edit.org/programa-2026/","oficial","18ª edição / 2026","Página ou regulamento consultado","confirmado na edição atual","confirmado","2026-10-04","2026-10-04","location | activity | categories | eventDates | relevance",""
"edição","festival-031-edition-2025-1","festival-031","festival-031-source-call-2025","13º Curta Brasília abre inscrições","https://turismoemfoco.com.br/v1/2025/07/15/13o-curta-brasilia-festival-internacional-de-curta-metragem-abre-inscricoes-ate-o-dia-17-de-agosto/","fonte secundária","13ª edição / 2025","Página ou regulamento consultado","confirmado em edição anterior","edição anterior","2026-10-04","2026-10-04","activity | categories | duration | productionYear | countries | fees | opening | deadlines","Página oficial/regulamento não foram localizados. Há financiamento público para a 14ª edição, mas chamada e datas de 2026 não foram publicadas/localizadas."
"edição","festival-031-edition-2025-1","festival-031","festival-031-source-program-2025","Programação do 13º Curta Brasília","https://www.deubombrasilia.com.br/post/13%C2%AA-edi%C3%A7%C3%A3o-do-curta-bras%C3%ADlia-festival-internacional-de-curta-metragem-mais-de-120-filmes-11-most","fonte secundária","13ª edição / 2025","Página ou regulamento consultado","confirmado em edição anterior","edição anterior","2026-10-04","2026-10-04","location | activity | eventDates | relevance",""
"edição","festival-032-edition-2026-1","festival-032","festival-032-source-regulation-2026","Regulamento e inscrições do 19º Curta Taquary","https://curtataquary.org/incricoes-19-curta-taquary/","oficial","19ª edição / 2026","Página ou regulamento consultado","confirmado na edição atual","confirmado","2026-10-04","2026-10-04","localização | atividade | categorias | duração | elegibilidade territorial | produção/conclusão | estreia | exibição online | pessoa autorizada a inscrever | taxas | abertura | encerramento | realização | relevância","Página oficial integralmente lida."
"edição","festival-033-edition-2026-1","festival-033","festival-033-source-site-2026","17º Festival Internacional de Cinema da Fronteira","https://www.festivaldafronteira.com.br/","oficial","17ª edição / 2026","Página ou regulamento consultado","confirmado na edição atual","parcial","2026-10-04","2026-10-04","location | activity | categories | eventDates | relevance","Site oficial consultado. Nenhum regulamento ou chamada pública de filmes foi localizado; oficinas e laboratório possuem fluxos próprios."
"edição","festival-034-edition-2026-1","festival-034","festival-034-source-festhome-2026","Curta Santos — Mostra Internacional no Festhome","https://filmmakers.festhome.com/pt/festival/curta-santos-festival-de-cinema-de-santos","plataforma de inscrição","24ª edição / 2026","Página ou regulamento consultado","confirmado na edição atual","confirmado","2026-10-04","2026-10-04","location | activity | categories | duration | countries | premiere | fees | deadlines | eventDates | pf | materials","Página integral da chamada internacional lida."
"edição","festival-034-edition-2026-1","festival-034","festival-034-source-domestic-call-2026","Curta Santos abre inscrições para quatro mostras competitivas","https://www.cbnsantos.com.br/amp/noticias/cultura/festival-curta-santos-abre-inscricoes-gratuitas-para-edicao-de-2026-com-quatro-mostras-competitivas.html","fonte secundária","24ª edição / 2026","Página ou regulamento consultado","confirmado na edição atual","parcial","2026-10-04","2026-10-04","categories | duration | productionYear | countries | fees | deadlines | eventDates","Fonte jornalística local; regulamento doméstico oficial não foi localizado."
"edição","festival-035-edition-2026-1","festival-035","festival-035-source-site-2026","28º Festival Kinoarte de Cinema","https://kinoarte.org/festival/schedule/","oficial","28ª edição / 2026","Página ou regulamento consultado","confirmado na edição atual","parcial","2026-10-04","2026-10-04","activity | categories | duration | productionYear | countries | deadlines | eventDates | relevance","Página oficial atual indexada, mas dependente de JavaScript. Regras atuais foram conferidas no conteúdo indexado; o arquivo PDF retornado pelo servidor mantém nome/cópia de 2025 e não foi usado como confirmação isolada."
"edição","festival-035-edition-2026-1","festival-035","festival-035-source-city-2026","Festival Kinoarte segue com inscrições abertas","https://blog.londrina.pr.gov.br/?p=212985","fonte secundária","28ª edição / 2026","Página ou regulamento consultado","confirmado na edição atual","confirmado","2026-10-04","2026-10-04","location | activity | duration | productionYear | fees | deadlines | eventDates | relevance","Portal da Prefeitura de Londrina confirma prazo, gratuidade e realização."
"edição","festival-036-edition-2026-1","festival-036","festival-036-source-regulation-2026","Regulamento do Curta-SE 25","https://curtase.com.br/wp-content/uploads/2026/04/Regulamento_Curta-SE-25_PT.pdf","oficial","25ª edição / 2026","Página ou regulamento consultado","confirmado na edição atual","confirmado","2026-10-04","2026-10-04","localização | atividade | categorias | duração | elegibilidade territorial | produção/conclusão | estreia | exibição online | pessoa autorizada a inscrever | taxas | abertura | encerramento | realização | relevância","Regulamento oficial de seis páginas integralmente lido. Datas de realização nele impressas foram posteriormente alteradas pelo site oficial."
"edição","festival-036-edition-2026-1","festival-036","festival-036-source-date-update-2026","Curta-SE 25 — atualização da realização","https://curtase.com.br/","oficial","25ª edição / 2026","Página ou regulamento consultado","confirmado na edição atual","confirmado","2026-10-04","2026-10-04","activity | eventDates","Página oficial atual informa realização de 16 a 21 de novembro, substituindo setembro no PDF."
"edição","festival-037-edition-2025-1","festival-037","festival-037-source-regulation-2025","Regulamento do 15º Curta Canoa","https://curtacanoa.com/wp-content/uploads/2025/04/Regulamento-Espanhol-Curta-Canoa.pdf","oficial","15ª edição / 2025","Página ou regulamento consultado","confirmado em edição anterior","edição anterior","2026-10-04","2026-10-04","localização | atividade | categorias | duração | elegibilidade territorial | produção/conclusão | estreia | exibição online | pessoa autorizada a inscrever | taxas | abertura | encerramento | realização | relevância","Regulamento oficial integralmente lido. Nenhuma chamada 2026 foi localizada."
"edição","festival-037-edition-2025-1","festival-037","festival-037-source-site-2025","Curta Canoa — página oficial","https://curtacanoa.com/","oficial","15ª edição / 2025","Página ou regulamento consultado","confirmado em edição anterior","edição anterior","2026-10-04","2026-10-04","location | activity | eventDates | relevance",""
"edição","festival-038-edition-2026-1","festival-038","festival-038-source-mapacultural-2026","Edital do 17º Festival de Cinema de Triunfo","https://www.mapacultural.pe.gov.br/oportunidade/3402/#info","plataforma de inscrição","17ª edição / 2026","Página ou regulamento consultado","confirmado na edição atual","parcial","2026-10-04","2026-10-04","location | activity | categories | formats | productionYear | countries | pf | pj | fees | opening | deadlines | eventDates","Oportunidade oficial localizada, mas a plataforma dinâmica não permitiu leitura integral do edital neste acesso."
"edição","festival-038-edition-2026-1","festival-038","festival-038-source-current-report-2026","Festival de Cinema de Triunfo abre inscrições para filmes nacionais e pernambucanos","https://jc.uol.com.br/cultura/2026/09/23/festival-de-cinema-de-triunfo-abre-inscricoes-para-filmes-nacionais-e-pernambucanos.html","fonte secundária","17ª edição / 2026","Página ou regulamento consultado","confirmado na edição atual","parcial","2026-10-04","2026-10-04","activity | categories | formats | productionYear | pf | pj | fees | opening | deadlines | eventDates | relevance","Fonte jornalística atual remete ao edital oficial e registra os principais critérios."
"edição","festival-039-edition-2026-1","festival-039","festival-039-source-program-2026","19º Festival Maranhão na Tela","https://difusoranews.com/evento/19a-festival-maranhao-na-tela-inicia/","fonte secundária","19ª edição / 2026","Página ou regulamento consultado","confirmado na edição atual","parcial","2026-10-04","2026-10-04","location | activity | categories | eventDates | relevance","Nenhuma página oficial de chamada ou regulamento foi localizada; a programação é confirmada por fonte jornalística local."
"edição","festival-039-edition-2026-1","festival-039","festival-039-source-index-2026","Festival Maranhão na Tela 2026","https://festivalindex.com/pt-br/events/48097-festival-maranhao-na-tela-2026","fonte secundária","19ª edição / 2026","Página ou regulamento consultado","confirmado na edição atual","parcial","2026-10-04","2026-10-04","activity | eventDates",""
"edição","festival-040-edition-2026-1","festival-040","festival-040-source-filmfreeway-2026","16º Circuito Penedo de Cinema — regras","https://filmfreeway.com/CircuitoPenedodeCinema","plataforma de inscrição","16ª edição / 2026","Página ou regulamento consultado","confirmado na edição atual","confirmado","2026-10-04","2026-10-04","localização | atividade | categorias | duração | elegibilidade territorial | produção/conclusão | estreia | exibição online | pessoa autorizada a inscrever | taxas | abertura | encerramento | realização | relevância","Página integral da chamada lida."
"edição","festival-040-edition-2026-1","festival-040","festival-040-source-site-2026","Circuito Penedo de Cinema","https://circuitopenedodecinema.com.br","oficial","16ª edição / 2026","Página ou regulamento consultado","confirmado na edição atual","confirmado","2026-10-04","2026-10-04","location | activity | eventDates | relevance",""
"edição","festival-041-edition-2026-1","festival-041","festival-041-source-regulation-2026","Regulamento do 12º Santos Film Fest","https://santosfilmfest.wordpress.com/mostra-de-filmes-regulamento/","oficial","12ª edição / 2026","Página ou regulamento consultado","confirmado na edição atual","confirmado","2026-10-04","2026-10-04","localização | atividade | categorias | duração | elegibilidade territorial | produção/conclusão | estreia | exibição online | pessoa autorizada a inscrever | taxas | abertura | encerramento | realização | relevância","Página oficial integralmente lida."
"edição","festival-041-edition-2026-1","festival-041","festival-041-source-selection-2026","Seleção oficial do 12º Santos Film Fest","https://santosfilmfest.wordpress.com/2026/07/14/lista-de-filmes-selecionados-para-o-12o-santos-film-fest-festival-de-cinema-de-santos/","oficial","12ª edição / 2026","Página ou regulamento consultado","confirmado na edição atual","confirmado","2026-10-04","2026-10-04","activity | categories | eventDates | relevance",""
"edição","festival-042-edition-2026-1","festival-042","festival-042-source-regulation-2026","Regulamento do 23º CINEMATO","https://festivalcinemato.com.br/wp-content/uploads/2026/02/REGULAMENTO_2026_01.pdf","oficial","23ª edição / 2026","Página ou regulamento consultado","confirmado na edição atual","confirmado","2026-10-04","2026-10-04","localização | atividade | categorias | duração | elegibilidade territorial | produção/conclusão | estreia | exibição online | pessoa autorizada a inscrever | taxas | abertura | encerramento | realização | relevância","Regulamento oficial integralmente lido."
"edição","festival-042-edition-2026-1","festival-042","festival-042-source-revised-2026","Regulamento revisto do 23º CINEMATO","https://festivalcinemato.com.br/wp-content/uploads/2026/02/REGULAMENTO_2026_02_revisto.pdf","oficial","23ª edição / 2026","Página ou regulamento consultado","confirmado na edição atual","confirmado","2026-10-04","2026-10-04","localização | atividade | categorias | duração | elegibilidade territorial | produção/conclusão | estreia | exibição online | pessoa autorizada a inscrever | taxas | abertura | encerramento | realização | relevância","Retificação oficial integralmente lida; permanece divergência interna entre 4 e 5 de fevereiro para a abertura."
"edição","festival-043-edition-2026-1","festival-043","festival-043-source-regulation-2026","Regulamento do 8º Olhar do Norte","https://festivalolhardonorte.com/regulamento-festival-olhar-do-norte-2026/","oficial","8ª edição / 2026","Página ou regulamento consultado","confirmado na edição atual","confirmado","2026-10-04","2026-10-04","localização | atividade | categorias | duração | elegibilidade territorial | produção/conclusão | estreia | exibição online | pessoa autorizada a inscrever | taxas | abertura | encerramento | realização | relevância","Regulamento oficial integralmente lido."
"edição","festival-044-edition-2026-1","festival-044","festival-044-source-festhome-2026","17º Cinefantasy — regras e taxas","https://filmmakers.festhome.com/pt/festival/cinefantasy-international-fantastic-film-festival","plataforma de inscrição","17ª edição / 2026","Página ou regulamento consultado","confirmado na edição atual","confirmado","2026-10-04","2026-10-04","localização | atividade | categorias | duração | elegibilidade territorial | produção/conclusão | estreia | exibição online | pessoa autorizada a inscrever | taxas | abertura | encerramento | realização | relevância","Página integral de regras, categorias e taxas lida. O texto contém divergências internas de prazo e realização."
"edição","festival-044-edition-2026-1","festival-044","festival-044-source-site-2026","Cinefantasy 2026","https://www.cinefantasy.com.br/","oficial","17ª edição / 2026","Página ou regulamento consultado","confirmado na edição atual","confirmado","2026-10-04","2026-10-04","location | activity | eventDates | relevance","Página oficial confirma 1 a 6 de setembro em São Paulo; a plataforma também contém 8 a 13 de setembro em trechos das regras."
"edição","festival-045-edition-2026-1","festival-045","festival-045-source-regulation-2026","Regulamento do 15º RioLGBTQIA+","https://www.riolgbtqia.com.br/assets/files/Regulamento_2026-RioLGBTQIA.pdf","oficial","15ª edição / 2026","Página ou regulamento consultado","confirmado na edição atual","confirmado","2026-10-04","2026-10-04","localização | atividade | categorias | duração | elegibilidade territorial | produção/conclusão | estreia | exibição online | pessoa autorizada a inscrever | taxas | abertura | encerramento | realização | relevância","Regulamento oficial integralmente lido."
"edição","festival-045-edition-2026-1","festival-045","festival-045-source-press-2026","RioLGBTQIA+ 2026 — imprensa e programação","https://riolgbtqia.com.br/IMPRENSA_2026.html","oficial","15ª edição / 2026","Página ou regulamento consultado","confirmado na edição atual","confirmado","2026-10-04","2026-10-04","location | activity | eventDates | relevance",""
"edição","festival-045-edition-2026-1","festival-045","festival-045-source-online-regulation-2026","Regulamento RioLGBTQIA+ Online 2026","https://riolgbtqia.com.br/assets/files/Regulation_2026-RioLGBTQIA-ON.pdf","oficial","15ª edição / 2026","Página ou regulamento consultado","confirmado na edição atual","parcial","2026-10-04","2026-10-04","categories | online | fees | deadlines | eventDates","Documento oficial localizado e campos operacionais indexados; leitura integral não foi recuperada neste lote."
"edição","festival-046-edition-2024-1","festival-046","festival-046-source-ccjf-2026","19º Encontro de Cinema Negro Zózimo Bulbul","https://ccjf.trf2.jus.br/programacao/19deg-encontro-de-cinema-negro-zozimo-bulbul","fonte secundária","19ª edição / 2026","Página ou regulamento consultado","confirmado na edição atual","confirmado","2026-10-04","2026-10-04","location | activity | categories | eventDates | relevance","Página institucional do Centro Cultural Justiça Federal confirma edição, locais, datas e perfil curatorial."
"edição","festival-046-edition-2024-1","festival-046","festival-046-source-artweek-2026","Encontro de Cinema Negro Zózimo Bulbul — Semana de Arte do Rio","https://2026.semanadeartedorio.com.br/programacao/festivais/76","fonte secundária","19ª edição / 2026","Página ou regulamento consultado","confirmado na edição atual","confirmado","2026-10-04","2026-10-04","location | activity | eventDates | relevance",""
"edição","festival-046-edition-2024-1","festival-046","festival-046-source-organization","Centro Afro Carioca de Cinema","https://afrocariocadecinema.org.br","oficial","19ª edição / 2026","Página ou regulamento consultado","confirmado na edição atual","parcial","2026-10-04","2026-10-04","activity | relevance","Site institucional da organização; página específica de chamada 2026 não localizada."
"edição","festival-047-edition-2025-1","festival-047","festival-047-source-1","Dobra — programação oficial no CCBB Rio","https://ccbb.com.br/rio-de-janeiro/programacao/dobra-festival-internacional-de-cinema-experimental/","oficial","10ª edição / 2025","Página ou regulamento consultado","confirmado em edição anterior","edição anterior","2026-10-04","2026-10-04","localização | atividade | categorias | duração | elegibilidade territorial | produção/conclusão | estreia | exibição online | pessoa autorizada a inscrever | taxas | abertura | encerramento | realização | relevância","Programação integral da edição mais recente localizada; não foi encontrada chamada pública."
"edição","festival-047-edition-2025-1","festival-047","festival-047-source-2","Catálogo do 10º Dobra","https://static.ccbb.com.br/site-2025/2025/12/Dobra2025_Catalogo_Final.pdf","oficial","10ª edição / 2025","Página ou regulamento consultado","confirmado em edição anterior","edição anterior","2026-10-04","2026-10-04","localização | atividade | categorias | duração | elegibilidade territorial | produção/conclusão | estreia | exibição online | pessoa autorizada a inscrever | taxas | abertura | encerramento | realização | relevância",""
"edição","festival-048-edition-2027-1","festival-048","festival-048-source-1","Edital de termos e condições do 11º Festival ECRÃ","https://www.festivalecra.com.br/_files/ugd/af0596_f5b4fade3a374d4aa18d1ee5da6aafb3.pdf","oficial","11ª edição / 2027","Página ou regulamento consultado","confirmado na edição atual","confirmado","2026-10-04","2026-10-04","localização | atividade | categorias | duração | elegibilidade territorial | produção/conclusão | estreia | exibição online | pessoa autorizada a inscrever | taxas | abertura | encerramento | realização | relevância","Documento de 34 páginas integralmente lido."
"edição","festival-048-edition-2027-1","festival-048","festival-048-source-2","Página oficial de inscrições 2026–2027","https://www.festivalecra.com.br/inscricoes","oficial","11ª edição / 2027","Página ou regulamento consultado","confirmado na edição atual","confirmado","2026-10-04","2026-10-04","localização | atividade | categorias | duração | elegibilidade territorial | produção/conclusão | estreia | exibição online | pessoa autorizada a inscrever | taxas | abertura | encerramento | realização | relevância",""
"edição","festival-049-edition-2026-1","festival-049","festival-049-source-1","Regulamento da 9ª Mostra Sesc de Cinema","https://cdnsesc.azureedge.net/assets/2026/03/ANEXO-I-REGULAMENTO-9a-MOSTRA-SESC-DE-CINEMA.pdf","oficial","9ª edição / 2026","Página ou regulamento consultado","confirmado na edição atual","confirmado","2026-10-04","2026-10-04","localização | atividade | categorias | duração | elegibilidade territorial | produção/conclusão | estreia | exibição online | pessoa autorizada a inscrever | taxas | abertura | encerramento | realização | relevância","Documento oficial de oito páginas integralmente lido."
"edição","festival-049-edition-2026-1","festival-049","festival-049-source-2","Página oficial da Mostra Sesc de Cinema","https://www.sesc.com.br/cultura/mostra-sesc-de-cinema/","oficial","9ª edição / 2026","Página ou regulamento consultado","confirmado na edição atual","confirmado","2026-10-04","2026-10-04","localização | atividade | categorias | duração | elegibilidade territorial | produção/conclusão | estreia | exibição online | pessoa autorizada a inscrever | taxas | abertura | encerramento | realização | relevância",""
"edição","festival-050-edition-2026-1","festival-050","festival-050-source-1","Regulamento e FAQ do 19º Entretodos","https://entretodos.com.br/inscricoes-2026/regulamento/","oficial","19ª edição / 2026","Página ou regulamento consultado","confirmado na edição atual","confirmado","2026-10-04","2026-10-04","localização | atividade | categorias | duração | elegibilidade territorial | produção/conclusão | estreia | exibição online | pessoa autorizada a inscrever | taxas | abertura | encerramento | realização | relevância","Página oficial integralmente lida."
"edição","festival-050-edition-2026-1","festival-050","festival-050-source-2","IFSP — inscrições e realização do 19º Entretodos","https://ifsp.edu.br/index.php/institucional/17-ultimas-noticias/5800-inscricoes-abertas-para-o-19-festival-entretodos","oficial","19ª edição / 2026","Página ou regulamento consultado","confirmado na edição atual","confirmado","2026-10-04","2026-10-04","localização | atividade | categorias | duração | elegibilidade territorial | produção/conclusão | estreia | exibição online | pessoa autorizada a inscrever | taxas | abertura | encerramento | realização | relevância",""
"edição","festival-051-edition-2026-1","festival-051","festival-051-source-1","Regulamento da 19ª edição do Visões Periféricas","https://visoesperifericas.com.br/regulamento","oficial","19ª edição / 2026","Página ou regulamento consultado","confirmado na edição atual","confirmado","2026-10-04","2026-10-04","localização | atividade | categorias | duração | elegibilidade territorial | produção/conclusão | estreia | exibição online | pessoa autorizada a inscrever | taxas | abertura | encerramento | realização | relevância","Página oficial lida; contém resíduos editoriais de anos anteriores, documentados nas pendências."
"edição","festival-051-edition-2026-1","festival-051","festival-051-source-2","Programação da 19ª edição","https://visoesperifericas.com.br/programacao","oficial","19ª edição / 2026","Página ou regulamento consultado","confirmado na edição atual","confirmado","2026-10-04","2026-10-04","eventDates | locations | relevance",""
"edição","festival-055-edition-2026-1","festival-055","festival-055-source-1","8ª Mostra Adélia Sampaio — chamada e categorias","https://filmmakers.festhome.com/festival/mostra-competitiva-de-cinema-negro-adelia-sampaio","plataforma de inscrição","8ª edição / 2026","Página ou regulamento consultado","confirmado na edição atual","confirmado","2026-10-04","2026-10-04","localização | atividade | categorias | duração | elegibilidade territorial | produção/conclusão | estreia | exibição online | pessoa autorizada a inscrever | taxas | abertura | encerramento | realização | relevância","Cabeçalho, descrição e cartões atuais foram lidos; o corpo textual ainda reproduz trechos da 7ª edição e foi tratado como conflito editorial."
"edição","festival-055-edition-2026-1","festival-055","festival-055-source-2","Site oficial da Mostra Adélia Sampaio","https://mostraadeliasampaio.com","oficial","8ª edição / 2026","Página ou regulamento consultado","confirmado na edição atual","confirmado","2026-10-04","2026-10-04","localização | atividade | categorias | duração | elegibilidade territorial | produção/conclusão | estreia | exibição online | pessoa autorizada a inscrever | taxas | abertura | encerramento | realização | relevância","Site institucional; na consulta ainda exibia páginas da 7ª edição."
"edição","festival-056-edition-2026-1","festival-056","festival-056-source-1","EGBÉ abre inscrições para a 9ª edição","https://egbecinemanegro.com.br/egbe-mostra-de-cinema-negro-abre-inscricoes-para-a-9a-edicao/","oficial","9ª edição / 2026","Página ou regulamento consultado","confirmado na edição atual","confirmado","2026-10-04","2026-10-04","localização | atividade | categorias | duração | elegibilidade territorial | produção/conclusão | estreia | exibição online | pessoa autorizada a inscrever | taxas | abertura | encerramento | realização | relevância","Chamada oficial integralmente lida."
"edição","festival-056-edition-2026-1","festival-056","festival-056-source-2","Seleção oficial da 9ª EGBÉ","https://egbecinemanegro.com.br/9a-egbe-mostra-de-cinema-negro-anuncia-selecao-oficial-de-filmes/","oficial","9ª edição / 2026","Página ou regulamento consultado","confirmado na edição atual","confirmado","2026-10-04","2026-10-04","localização | atividade | categorias | duração | elegibilidade territorial | produção/conclusão | estreia | exibição online | pessoa autorizada a inscrever | taxas | abertura | encerramento | realização | relevância",""
"edição","festival-056-edition-2026-1","festival-056","festival-056-source-3","Mercado EGBÉ 2026","https://egbecinemanegro.com.br/mercado-egbe/","oficial","9ª edição / 2026","Página ou regulamento consultado","confirmado na edição atual","confirmado","2026-10-04","2026-10-04","eventDates | relevance",""
"edição","festival-057-edition-2026-1","festival-057","festival-057-source-1","Regulamento do Festival Internacional de Cinema de Ribeirão Preto","https://ficrp.com.br/regulacoes/","oficial","edição 2026","Página ou regulamento consultado","confirmado na edição atual","confirmado","2026-10-04","2026-10-04","localização | atividade | categorias | duração | elegibilidade territorial | produção/conclusão | estreia | exibição online | pessoa autorizada a inscrever | taxas | abertura | encerramento | realização | relevância","Página oficial integralmente lida; contém conflito interno entre julho e outubro."
"edição","festival-057-edition-2026-1","festival-057","festival-057-source-2","Página oficial do FIC Ribeirão","https://ficrp.com.br/","oficial","edição 2026","Página ou regulamento consultado","confirmado na edição atual","confirmado","2026-10-04","2026-10-04","activity | eventDates | relevance",""
"edição","festival-058-edition-2024-1","festival-058","festival-058-source-1","FINCAR 2024 — regulamento e programação","https://fincar.com.br/home/","oficial","edição 2024","Página ou regulamento consultado","confirmado em edição anterior","edição anterior","2026-10-04","2026-10-04","localização | atividade | categorias | duração | elegibilidade territorial | produção/conclusão | estreia | exibição online | pessoa autorizada a inscrever | taxas | abertura | encerramento | realização | relevância","Último regulamento oficial disponível; o próprio resultado de busca identifica a página como desativada."
"edição","festival-059-edition-2025-1","festival-059","festival-059-source-1","FENDA 2026 — regulamento integral","https://filmfreeway.com/fendafestival","plataforma de inscrição","4ª edição / 2026","Página ou regulamento consultado","confirmado na edição atual","confirmado","2026-10-04","2026-10-04","localização | atividade | categorias | duração | elegibilidade territorial | produção/conclusão | estreia | exibição online | pessoa autorizada a inscrever | taxas | abertura | encerramento | realização | relevância","Regulamento bilíngue integralmente lido. Valores das taxas internacionais não ficaram expostos na página após o encerramento."
"edição","festival-060-edition-2026-1","festival-060","festival-060-source-1","13º Festival de Cinema de Caruaru — regulamento","https://filmfreeway.com/FESTIVALDECINEMADECARUARU","plataforma de inscrição","13ª edição / 2026","Página ou regulamento consultado","confirmado na edição atual","confirmado","2026-10-04","2026-10-04","localização | atividade | categorias | duração | elegibilidade territorial | produção/conclusão | estreia | exibição online | pessoa autorizada a inscrever | taxas | abertura | encerramento | realização | relevância","Regulamento trilíngue e cartões lidos integralmente."
"edição","festival-060-edition-2026-1","festival-060","festival-060-source-2","Página oficial da edição 2026","https://festivaldecaruaru.com.br/2026/","oficial","13ª edição / 2026","Página ou regulamento consultado","confirmado na edição atual","confirmado","2026-10-04","2026-10-04","activity | eventDates | locations | relevance",""
"edição","festival-061-edition-2026-1","festival-061","festival-061-source-1","5º Festival Internacional de Cinema de Itabaiana — regras e taxas","https://filmmakers.festhome.com/pt/festival/festival-internacional-de-cinema-de-itabaiana","plataforma de inscrição","5ª edição / 2026","Página ou regulamento consultado","confirmado na edição atual","confirmado","2026-10-04","2026-10-04","localização | atividade | categorias | duração | elegibilidade territorial | produção/conclusão | estreia | exibição online | pessoa autorizada a inscrever | taxas | abertura | encerramento | realização | relevância","Página integral lida; contém datas antigas no corpo e datas atualizadas no cabeçalho."
"edição","festival-061-edition-2026-1","festival-061","festival-061-source-2","Site oficial — realização da 5ª edição","https://www.festcineitabaiana.com/post/credenciamento-de-imprensa-para-festival-internacional-de-cinema-de-itabaiana-segue-aberto-at%C3%A9-18-de","oficial","5ª edição / 2026","Página ou regulamento consultado","confirmado na edição atual","confirmado","2026-10-04","2026-10-04","activity | eventDates | locations | relevance",""
"edição","festival-062-edition-2026-1","festival-062","festival-062-source-1","CineAlter 2026 — regulamento integral","https://filmfreeway.com/CineAlter","plataforma de inscrição","6ª edição / 2026","Página ou regulamento consultado","confirmado na edição atual","confirmado","2026-10-04","2026-10-04","localização | atividade | categorias | duração | elegibilidade territorial | produção/conclusão | estreia | exibição online | pessoa autorizada a inscrever | taxas | abertura | encerramento | realização | relevância","Página integralmente lida; contém um erro residual de ano na validade da senha, mantido como conflito editorial."
"edição","festival-063-edition-2026-1","festival-063","festival-063-source-1","Primeiro Plano 2026 — regras, prazos e prêmios","https://filmmakers.festhome.com/en/festival/primeiro-plano-festival-de-cinema-de-juiz-de-fora-e-mercocidades","plataforma de inscrição","25ª edição / 2026","Página ou regulamento consultado","confirmado na edição atual","confirmado","2026-10-04","2026-10-04","localização | atividade | categorias | duração | elegibilidade territorial | produção/conclusão | estreia | exibição online | pessoa autorizada a inscrever | taxas | abertura | encerramento | realização | relevância","Regulamento integralmente lido; cabeçalho posterior estende o prazo de 31/7 para 14/8."
"edição","festival-063-edition-2026-1","festival-063","festival-063-source-2","Site oficial do Primeiro Plano","https://primeiroplano.art.br/","oficial","25ª edição / 2026","Página ou regulamento consultado","confirmado na edição atual","confirmado","2026-10-04","2026-10-04","localização | atividade | categorias | duração | elegibilidade territorial | produção/conclusão | estreia | exibição online | pessoa autorizada a inscrever | taxas | abertura | encerramento | realização | relevância",""
"edição","festival-064-edition-2026-1","festival-064","festival-064-source-1","Prefeitura de Marília — inscrições e realização 2026","https://www.marilia.sp.gov.br/portal/noticias/0/3/16987/festival-de-cinema-de-marilia-abre-inscricoes-para-edicao-2026","oficial","edição 2026","Página ou regulamento consultado","confirmado na edição atual","confirmado","2026-10-04","2026-10-04","localização | atividade | categorias | duração | elegibilidade territorial | produção/conclusão | estreia | exibição online | pessoa autorizada a inscrever | taxas | abertura | encerramento | realização | relevância","Comunicado municipal integralmente lido; o regulamento atual não foi recuperado."
"edição","festival-064-edition-2026-1","festival-064","festival-064-source-2","Site oficial do Festival de Cinema de Marília","https://www.festivalcinemamarilia.com.br/","oficial","edição 2026","Página ou regulamento consultado","confirmado na edição atual","confirmado","2026-10-04","2026-10-04","localização | atividade | categorias | duração | elegibilidade territorial | produção/conclusão | estreia | exibição online | pessoa autorizada a inscrever | taxas | abertura | encerramento | realização | relevância",""
"edição","festival-065-edition-2025-1","festival-065","festival-065-source-1","Regulamento do 18º Festival Taguá de Cinema","https://festivaltaguatinga.com.br/arquivos/18_festival/Regulamento_18_Festival_Taguatinga.pdf","oficial","18ª edição / 2025","Página ou regulamento consultado","confirmado em edição anterior","edição anterior","2026-10-04","2026-10-04","localização | atividade | categorias | duração | elegibilidade territorial | produção/conclusão | estreia | exibição online | pessoa autorizada a inscrever | taxas | abertura | encerramento | realização | relevância","Documento oficial de seis páginas integralmente lido."
"edição","festival-065-edition-2025-1","festival-065","festival-065-source-2","Página oficial do 18º Festival Taguá","https://festivaltaguatinga.com.br/ofestival.html","oficial","18ª edição / 2025","Página ou regulamento consultado","confirmado em edição anterior","edição anterior","2026-10-04","2026-10-04","localização | atividade | categorias | duração | elegibilidade territorial | produção/conclusão | estreia | exibição online | pessoa autorizada a inscrever | taxas | abertura | encerramento | realização | relevância",""
"edição","festival-066-edition-2026-1","festival-066","festival-066-source-1","Cinema Urbana 2026 — regras, taxas e calendário","https://filmfreeway.com/CinemaUrbana","plataforma de inscrição","6ª edição / 2026","Página ou regulamento consultado","confirmado na edição atual","confirmado","2026-10-04","2026-10-04","localização | atividade | categorias | duração | elegibilidade territorial | produção/conclusão | estreia | exibição online | pessoa autorizada a inscrever | taxas | abertura | encerramento | realização | relevância","Página integralmente lida. Texto do regulamento e cartões/metadados operacionais divergem em duração, prazo e realização."
"edição","festival-066-edition-2026-1","festival-066","festival-066-source-2","Cinema Urbana — página institucional","https://www.cinemaurbana.com/sobre","oficial","6ª edição / 2026","Página ou regulamento consultado","confirmado na edição atual","confirmado","2026-10-04","2026-10-04","activity | location | relevance",""
"edição","festival-067-edition-2026-1","festival-067","festival-067-source-1","Regulamento do 24º NOIA","https://www.festivalnoia.com.br/post/regulamento-24%C2%BA-noia","oficial","24ª edição / 2026","Página ou regulamento consultado","confirmado na edição atual","confirmado","2026-10-04","2026-10-04","localização | atividade | categorias | duração | elegibilidade territorial | produção/conclusão | estreia | exibição online | pessoa autorizada a inscrever | taxas | abertura | encerramento | realização | relevância","Regulamento oficial integralmente lido; anexos ainda contêm numeração/ano residual, sem afetar as regras atuais estruturadas."
"edição","festival-067-edition-2026-1","festival-067","festival-067-source-2","Página oficial do 24º NOIA","https://www.festivalnoia.com.br/","oficial","24ª edição / 2026","Página ou regulamento consultado","confirmado na edição atual","confirmado","2026-10-04","2026-10-04","localização | atividade | categorias | duração | elegibilidade territorial | produção/conclusão | estreia | exibição online | pessoa autorizada a inscrever | taxas | abertura | encerramento | realização | relevância",""
"edição","festival-067-edition-2026-1","festival-067","festival-067-source-3","24º NOIA — página de inscrição","https://filmmakers.festhome.com/f/1517","plataforma de inscrição","24ª edição / 2026","Página ou regulamento consultado","confirmado na edição atual","confirmado","2026-10-04","2026-10-04","localização | atividade | categorias | duração | elegibilidade territorial | produção/conclusão | estreia | exibição online | pessoa autorizada a inscrever | taxas | abertura | encerramento | realização | relevância",""
"edição","festival-068-edition-2026-1","festival-068","festival-068-source-1","Regulamento 2026 do Metrô","https://metrouniversitario.com.br/regulamento-2026/","oficial","9ª edição / 2026","Página ou regulamento consultado","confirmado na edição atual","confirmado","2026-10-04","2026-10-04","localização | atividade | categorias | duração | elegibilidade territorial | produção/conclusão | estreia | exibição online | pessoa autorizada a inscrever | taxas | abertura | encerramento | realização | relevância","Página oficial integralmente lida."
"edição","festival-068-edition-2026-1","festival-068","festival-068-source-2","Regulamento do MetrôLAB 2026","https://metrouniversitario.com.br/regulamento-metrolab-2026/","oficial","9ª edição / 2026","Página ou regulamento consultado","confirmado na edição atual","confirmado","2026-10-04","2026-10-04","eventDates | relevance","Chamada de projetos lida apenas para evidenciar oportunidade profissional; não foi misturada à chamada de filmes."
"edição","festival-069-edition-2026-1","festival-069","festival-069-source-1","Curta Caicó abre convocatória para a 9ª edição","https://curtacaico.com.br/curta-caico-abre-convocatoria-de-filmes-para-sua-9a-edicao/","oficial","9ª edição / 2026","Página ou regulamento consultado","confirmado na edição atual","confirmado","2026-10-04","2026-10-04","localização | atividade | categorias | duração | elegibilidade territorial | produção/conclusão | estreia | exibição online | pessoa autorizada a inscrever | taxas | abertura | encerramento | realização | relevância","Comunicado oficial integralmente lido."
"edição","festival-069-edition-2026-1","festival-069","festival-069-source-2","Tribuna do Norte — programação e datas finais do 9º Curta Caicó","https://tribunadonorte.com.br/viver/curta-caico-aprensenta-43-filmes-de-todas-as-regioes/","fonte secundária","9ª edição / 2026","Página ou regulamento consultado","confirmado na edição atual","confirmado","2026-10-04","2026-10-04","eventDates | programmingReach | relevance","Usada para a realização efetiva posterior; não substitui regras da chamada."
"edição","festival-069-edition-2026-1","festival-069","festival-069-source-3","Site oficial do Curta Caicó","https://curtacaico.com.br/","oficial","9ª edição / 2026","Página ou regulamento consultado","confirmado na edição atual","confirmado","2026-10-04","2026-10-04","localização | atividade | categorias | duração | elegibilidade territorial | produção/conclusão | estreia | exibição online | pessoa autorizada a inscrever | taxas | abertura | encerramento | realização | relevância",""
"edição","festival-070-edition-2026-1","festival-070","festival-070-source-1","11º Festival Curta Campos do Jordão — regulamento e programação","https://www.fccj.com.br/","oficial","11ª edição / 2026","Página ou regulamento consultado","confirmado na edição atual","confirmado","2026-10-04","2026-10-04","localização | atividade | categorias | duração | elegibilidade territorial | produção/conclusão | estreia | exibição online | pessoa autorizada a inscrever | taxas | abertura | encerramento | realização | relevância","Regulamento oficial integralmente lido na página da edição."
"edição","festival-071-edition-2025-1","festival-071","festival-071-source-1","Regulamento do Festival Revoada 2025","https://festivalrevoada.com.br/wp-content/uploads/2025/07/REGULAMENTO-FESTIVAL-REVOADA-2025.pdf","oficial","3ª edição / 2025","Página ou regulamento consultado","confirmado em edição anterior","edição anterior","2026-10-04","2026-10-04","localização | atividade | categorias | duração | elegibilidade territorial | produção/conclusão | estreia | exibição online | pessoa autorizada a inscrever | taxas | abertura | encerramento | realização | relevância","Última chamada pública localizada; em 2026 o site continua exibindo a programação da 3ª edição sem nova convocatória."
"edição","festival-071-edition-2025-1","festival-071","festival-071-source-2","Página oficial de inscrições 2025","https://festivalrevoada.com.br/revoada-2025-inscricoes-abertas/","oficial","3ª edição / 2025","Página ou regulamento consultado","confirmado em edição anterior","edição anterior","2026-10-04","2026-10-04","localização | atividade | categorias | duração | elegibilidade territorial | produção/conclusão | estreia | exibição online | pessoa autorizada a inscrever | taxas | abertura | encerramento | realização | relevância",""
"edição","festival-072-edition-2024-1","festival-072","festival-072-source-1","VII Curta na Serra — página oficial","https://curtanaserra.com.br/edition/vii-curta-na-serra/","oficial","7ª edição / 2026","Página ou regulamento consultado","confirmado na edição atual","confirmado","2026-10-04","2026-10-04","localização | atividade | categorias | duração | elegibilidade territorial | produção/conclusão | estreia | exibição online | pessoa autorizada a inscrever | taxas | abertura | encerramento | realização | relevância","Página integral da edição lida; a convocatória de 2026 não foi localizada."
"edição","festival-072-edition-2024-1","festival-072","festival-072-source-2","Regulamento da 6ª edição","https://curtanaserra.com.br/wp-content/uploads/2024/07/Regulamento-6o-Curta-na-Serra-_compressed.pdf","oficial","6ª edição / 2024","Página ou regulamento consultado","confirmado em edição anterior","edição anterior","2026-10-04","2026-10-04","localização | atividade | categorias | duração | elegibilidade territorial | produção/conclusão | estreia | exibição online | pessoa autorizada a inscrever | taxas | abertura | encerramento | realização | relevância","Usado apenas para histórico; regras não foram transportadas para 2026."
"edição","festival-073-edition-2025-1","festival-073","festival-073-source-1","Festival de Cinema de Muriaé — inscrições 2026","https://festivaldemuriae.com.br/","oficial","edição 2026 / número não publicado","Página ou regulamento consultado","confirmado na edição atual","confirmado","2026-10-04","2026-10-04","localização | atividade | categorias | duração | elegibilidade territorial | produção/conclusão | estreia | exibição online | pessoa autorizada a inscrever | taxas | abertura | encerramento | realização | relevância","A página inicial confirma somente a janela atual."
"edição","festival-073-edition-2025-1","festival-073","festival-073-source-2","Regulamento da 9ª edição / 2025","https://festivaldemuriae.com.br/regulamento/","oficial","9ª edição / 2025","Página ou regulamento consultado","confirmado em edição anterior","edição anterior","2026-10-04","2026-10-04","localização | atividade | categorias | duração | elegibilidade territorial | produção/conclusão | estreia | exibição online | pessoa autorizada a inscrever | taxas | abertura | encerramento | realização | relevância","A página de regulamento permanece datada de 2025; suas regras não foram promovidas para 2026."
"edição","festival-074-edition-2026-1","festival-074","festival-074-source-1","9ª Mostra de Cinema de Fama — regras e inscrições","https://filmfreeway.com/MostraFamadeCinema","plataforma de inscrição","9ª edição / 2026","Página ou regulamento consultado","confirmado na edição atual","confirmado","2026-10-04","2026-10-04","localização | atividade | categorias | duração | elegibilidade territorial | produção/conclusão | estreia | exibição online | pessoa autorizada a inscrever | taxas | abertura | encerramento | realização | relevância","Página integral lida; contém número da 8ª edição e três pares divergentes de datas no texto, preservados como conflito."
"edição","festival-075-edition-2026-1","festival-075","festival-075-source-1","3º Cine Lapinhô — regulamento de curtas","https://cinelapinho.com.br/curtas-metragens/","oficial","3ª edição / 2026","Página ou regulamento consultado","confirmado na edição atual","confirmado","2026-10-04","2026-10-04","localização | atividade | categorias | duração | elegibilidade territorial | produção/conclusão | estreia | exibição online | pessoa autorizada a inscrever | taxas | abertura | encerramento | realização | relevância","Regulamento oficial integralmente lido; há divergência 15/3 versus 16/3 e uma linha residual de resultado em 2024."
"edição","festival-075-edition-2026-1","festival-075","festival-075-source-2","Programação oficial do 3º Cine Lapinhô","https://cinelapinho.com.br/","oficial","3ª edição / 2026","Página ou regulamento consultado","confirmado na edição atual","confirmado","2026-10-04","2026-10-04","eventDates | locations | programmingReach | relevance",""
"edição","festival-076-edition-2026-1","festival-076","festival-076-source-1","3º Seridó Cine — regulamento","https://seridocine.com.br/regulamento","oficial","3ª edição / 2026","Página ou regulamento consultado","confirmado na edição atual","confirmado","2026-10-04","2026-10-04","localização | atividade | categorias | duração | elegibilidade territorial | produção/conclusão | estreia | exibição online | pessoa autorizada a inscrever | taxas | abertura | encerramento | realização | relevância","Regulamento oficial integralmente lido."
"edição","festival-076-edition-2026-1","festival-076","festival-076-source-2","Página oficial e notícias da 3ª edição","https://seridocine.com.br/","oficial","3ª edição / 2026","Página ou regulamento consultado","confirmado na edição atual","confirmado","2026-10-04","2026-10-04","activity | locations | eventDates | relevance",""
"edição","festival-077-edition-2025-1","festival-077","festival-077-source-1","Regulamento do Festival Internacional de Cinema: Respira","https://grad.eba.ufmg.br/caad/wp-content/uploads/2025/03/REGULAMENTO-.pdf","oficial","1ª edição / 2025","Página ou regulamento consultado","confirmado em edição anterior","edição anterior","2026-10-04","2026-10-04","localização | atividade | categorias | duração | elegibilidade territorial | produção/conclusão | estreia | exibição online | pessoa autorizada a inscrever | taxas | abertura | encerramento | realização | relevância","PDF de dez páginas integralmente lido; nenhuma chamada de 2026 foi localizada."
"edição","festival-077-edition-2025-1","festival-077","festival-077-source-2","Site oficial Respira Cinema","https://respiracinema.com.br/","oficial","1ª edição / 2025","Página ou regulamento consultado","confirmado em edição anterior","edição anterior","2026-10-04","2026-10-04","localização | atividade | categorias | duração | elegibilidade territorial | produção/conclusão | estreia | exibição online | pessoa autorizada a inscrever | taxas | abertura | encerramento | realização | relevância",""
"edição","festival-078-edition-2025-1","festival-078","festival-078-source-1","12ª edição do Cine Pojichá — programação oficial","https://www.incena.org/noticias/12a-edicao-cine-pojicha---festival-de-cinema-dos-vales-do-mucuri-e-jequitinhonha","oficial","12ª edição / 2026","Página ou regulamento consultado","confirmado na edição atual","confirmado","2026-10-04","2026-10-04","localização | atividade | categorias | duração | elegibilidade territorial | produção/conclusão | estreia | exibição online | pessoa autorizada a inscrever | taxas | abertura | encerramento | realização | relevância","Programação integral da edição corrente; nenhuma convocatória pública de filmes foi localizada."
"edição","festival-078-edition-2025-1","festival-078","festival-078-source-2","Notícias oficiais do Instituto In-Cena","https://www.incena.org/noticias","oficial","12ª edição / 2026","Página ou regulamento consultado","confirmado na edição atual","confirmado","2026-10-04","2026-10-04","activity | locations | eventDates | relevance",""
"edição","festival-bonito-research-2026","festival-bonito","festival-bonito-source-1","Regulamento bilíngue do 4º Bonito CineSur","https://bonitocinesur.com.br/2026/sobre-acerca/regulamento-reglamento/","oficial","4ª edição / 2026","Página ou regulamento consultado","confirmado na edição atual","confirmado","2026-10-04","2026-10-04","localização | atividade | categorias | duração | elegibilidade territorial | produção/conclusão | estreia | exibição online | pessoa autorizada a inscrever | taxas | abertura | encerramento | realização | relevância","Regulamento oficial integralmente lido."
"edição","festival-bonito-research-2026","festival-bonito","festival-bonito-source-2","Bonito CineSur 2026 — inscrição alternativa","https://filmmakers.festhome.com/pt/festival/bonito-cinesur-festival-de-cinema-sul-americano-de-bonito","plataforma de inscrição","4ª edição / 2026","Página ou regulamento consultado","confirmado na edição atual","confirmado","2026-10-04","2026-10-04","fees | submissionPlatform",""
"edição","festival-cimm-research-2025","festival-cimm","festival-cimm-source-1","FestCiMM — regras na FilmFreeway","https://filmfreeway.com/FestCiMM","plataforma de inscrição","8ª edição / 2026","Página ou regulamento consultado","confirmado na edição atual","confirmado","2026-10-04","2026-10-04","localização | atividade | categorias | duração | elegibilidade territorial | produção/conclusão | estreia | exibição online | pessoa autorizada a inscrever | taxas | abertura | encerramento | realização | relevância","Página integral lida; regras genéricas não publicam cronograma da 8ª edição nem tabela de taxas."
"edição","festival-cimm-research-2025","festival-cimm","festival-cimm-source-2","Convocatória da 8ª edição","https://www.culturaamazonica.com.br/2026/06/10/festival-internacional-festcimm-abre-convocatoria-de-2026-para-curtas-e-longas-metragens/","fonte secundária","8ª edição / 2026","Página ou regulamento consultado","confirmado na edição atual","confirmado","2026-10-04","2026-10-04","activity | opening | closing | fees | resultDate | relevance","Usada para o calendário atual e gratuidade; não substitui regulamento oficial ausente."
"edição","festival-diamantina-research-2026","festival-diamantina","festival-diamantina-source-1","Convocatória do II Festival de Cinema de Diamantina","https://cinediamante.com.br/convocatoria","oficial","2ª edição / 2025","Página ou regulamento consultado","confirmado em edição anterior","edição anterior","2026-10-04","2026-10-04","localização | atividade | categorias | duração | elegibilidade territorial | produção/conclusão | estreia | exibição online | pessoa autorizada a inscrever | taxas | abertura | encerramento | realização | relevância","Convocatória integralmente lida; o site não publicou chamada de 2026."
"edição","festival-diamantina-research-2026","festival-diamantina","festival-diamantina-source-2","Prefeitura de Diamantina — inscrições da 2ª edição","https://www.diamantina.mg.gov.br/portal/noticias/0/3/5529/ii-festival-de-cinema-teminscricoesabertaspara-curtas-medias-e-longas","oficial","2ª edição / 2025","Página ou regulamento consultado","confirmado em edição anterior","edição anterior","2026-10-04","2026-10-04","localização | atividade | categorias | duração | elegibilidade territorial | produção/conclusão | estreia | exibição online | pessoa autorizada a inscrever | taxas | abertura | encerramento | realização | relevância",""
"edição","festival-sinedoque-research-2025","festival-sinedoque","festival-sinedoque-source-1","Regulamento da Sinédoque 2026","https://www.sinedoque.com.br/regulamento","oficial","6ª edição / 2026","Página ou regulamento consultado","confirmado na edição atual","confirmado","2026-10-04","2026-10-04","localização | atividade | categorias | duração | elegibilidade territorial | produção/conclusão | estreia | exibição online | pessoa autorizada a inscrever | taxas | abertura | encerramento | realização | relevância","Regulamento integralmente lido; não publica datas da chamada."
"edição","festival-sinedoque-research-2025","festival-sinedoque","festival-sinedoque-source-2","Página oficial Sinédoque 2026","https://www.sinedoque.com.br/","oficial","6ª edição / 2026","Página ou regulamento consultado","confirmado na edição atual","confirmado","2026-10-04","2026-10-04","activity | eventDates | locations | programmingReach | relevance","O topo informa 4–8/11, enquanto blocos de agenda ainda exibem datas da edição anterior em setembro."
"edição","festival-contagem-research-2025","festival-contagem","festival-contagem-source-1","Prefeitura de Contagem — chamada do 1º Festival","https://portal.contagem.mg.gov.br/portal/noticias/0/3/81476/mais-cultura-inscricoes-abertas-para-o-1-festival-de-cinema-de-contagem-vao-ate-23-de-maio","oficial","1ª edição / 2025","Página ou regulamento consultado","confirmado em edição anterior","edição anterior","2026-10-04","2026-10-04","localização | atividade | categorias | duração | elegibilidade territorial | produção/conclusão | estreia | exibição online | pessoa autorizada a inscrever | taxas | abertura | encerramento | realização | relevância","Comunicado oficial integralmente lido; nenhuma 2ª edição foi localizada em 2026."
"edição","festival-finos-research-2026","festival-finos","festival-finos-source-1","Festival de Finos Filmes 2026 — regras e inscrições","https://filmmakers.festhome.com/pt/festival/festival-de-finos-filmes","plataforma de inscrição","13ª edição / 2026","Página ou regulamento consultado","confirmado na edição atual","confirmado","2026-10-04","2026-10-04","localização | atividade | categorias | duração | elegibilidade territorial | produção/conclusão | estreia | exibição online | pessoa autorizada a inscrever | taxas | abertura | encerramento | realização | relevância","Página integralmente lida."
"edição","festival-finos-research-2026","festival-finos","festival-finos-source-2","Site oficial Festival de Finos Filmes","https://www.finosfilmes.com.br/","oficial","13ª edição / 2026","Página ou regulamento consultado","confirmado na edição atual","confirmado","2026-10-04","2026-10-04","activity | relevance",""
"edição","festival-san-research-2026","festival-san","festival-san-source-1","5ª Semana do Audiovisual Negro — formação","https://revistacontinente.com.br/secoes/agenda/5a-semana-do-audiovisual-negro-anuncia-programacao","fonte secundária","5ª edição / 2026","Página ou regulamento consultado","confirmado na edição atual","confirmado","2026-10-04","2026-10-04","localização | atividade | categorias | duração | elegibilidade territorial | produção/conclusão | estreia | exibição online | pessoa autorizada a inscrever | taxas | abertura | encerramento | realização | relevância","Reportagem integralmente lida; nenhuma chamada pública de filmes foi localizada."
"edição","festival-san-research-2026","festival-san","festival-san-source-2","5ª SAN — programação de filmes","https://revistacontinente.com.br/secoes/agenda/semana-do-audiovisual-negro-exibe-mais-de-40-obras-de-curta-metragem","fonte secundária","5ª edição / 2026","Página ou regulamento consultado","confirmado na edição atual","confirmado","2026-10-04","2026-10-04","activity | eventDates | locations | programmingReach | relevance",""
"edição","festival-cinegro-research-2025","festival-cinegro","festival-cinegro-source-1","TV Câmara Campinas — Cinegro 2025","https://www.tvcamaracampinas.com.br/videos/conexao-cultural-cinegro-2025-festival-de-cinema-negro-ocupa-o-mis-kChpHPup6lQ","oficial","edição 2025","Página ou regulamento consultado","confirmado em edição anterior","edição anterior","2026-10-04","2026-10-04","localização | atividade | categorias | duração | elegibilidade territorial | produção/conclusão | estreia | exibição online | pessoa autorizada a inscrever | taxas | abertura | encerramento | realização | relevância","Registro institucional da edição mais recente localizada; não foi encontrada convocatória pública."
"edição","festival-missoes-research-2026","festival-missoes","festival-missoes-source-1","Mostra de Cinema das Missões — página 2026","https://filmfreeway.com/cinemissoes","plataforma de inscrição","edição 2026 / regras residuais de 2025","Página ou regulamento consultado","confirmado na edição atual","confirmado","2026-10-04","2026-10-04","localização | atividade | categorias | duração | elegibilidade territorial | produção/conclusão | estreia | exibição online | pessoa autorizada a inscrever | taxas | abertura | encerramento | realização | relevância","Metadados, cartões de taxa e descrição são atuais; o corpo do regulamento ainda está datado de 2025."
"edição","festival-maff-research-2026","festival-maff","festival-maff-source-1","Prefeitura de Macaé — chamada do 1º MAFF","https://www.macae.rj.gov.br/noticias/leitura/noticia/macae-film-festival-alcanca-250-producoes-no-primeiro-dia-de-inscricao","oficial","1ª edição / 2026","Página ou regulamento consultado","confirmado na edição atual","confirmado","2026-10-04","2026-10-04","localização | atividade | categorias | duração | elegibilidade territorial | produção/conclusão | estreia | exibição online | pessoa autorizada a inscrever | taxas | abertura | encerramento | realização | relevância","Comunicado oficial integralmente lido; o link externo do regulamento não foi recuperado."
"edição","festival-maff-research-2026","festival-maff","festival-maff-source-2","MAFF — formatos e ano mínimo","https://economianegocios.com.br/2026/09/05/primeiro-macae-film-festival-fortalece-economia-criativa-e-ja-atrai-producoes-de-seis-paises/","fonte secundária","1ª edição / 2026","Página ou regulamento consultado","confirmado na edição atual","confirmado","2026-10-04","2026-10-04","formats | productionYear | relevance","Usada apenas nos campos explicitados; não substitui regulamento."
"edição","festival-nicho-research-2026","festival-nicho","festival-nicho-source-1","Site oficial NICHO54","https://nicho54.com.br/","oficial","8ª edição / 2026","Página ou regulamento consultado","confirmado na edição atual","confirmado","2026-10-04","2026-10-04","localização | atividade | categorias | duração | elegibilidade territorial | produção/conclusão | estreia | exibição online | pessoa autorizada a inscrever | taxas | abertura | encerramento | realização | relevância","A página atual direciona ao festival, mas o regulamento completo não ficou indexado."
"edição","festival-nicho-research-2026","festival-nicho","festival-nicho-source-2","8º Festival Nicho — chamada detalhada","https://telaviva.com.br/10/09/2026/8o-festival-nicho-abre-inscricoes-para-filmes-de-autoria-negra/","fonte secundária","8ª edição / 2026","Página ou regulamento consultado","confirmado na edição atual","confirmado","2026-10-04","2026-10-04","activity | categories | duration | territory | productionYear | premiere | online | eligibleEntrants | fees | closing | eventDates | relevance","Reportagem especializada integralmente lida; usada somente nos campos detalhados."
"edição","festival-portopostdoc-research-2026","festival-portopostdoc","festival-portopostdoc-source-1","Porto/Post/Doc 2026 — open call","https://www.portopostdoc.com/home/festival/2026/opencall/","oficial","13ª edição / 2026","Página ou regulamento consultado","confirmado na edição atual","confirmado","2026-10-04","2026-10-04","localização | atividade | categorias | duração | elegibilidade territorial | produção/conclusão | estreia | exibição online | pessoa autorizada a inscrever | taxas | abertura | encerramento | realização | relevância","Página oficial integralmente lida."
"edição","festival-portopostdoc-research-2026","festival-portopostdoc","festival-portopostdoc-source-2","Porto/Post/Doc 2026 — Rules and Regulations","https://portopostdoc.com/assets/Uploads/PPD26-Rules-and-Regulations.pdf","oficial","13ª edição / 2026","Página ou regulamento consultado","confirmado na edição atual","confirmado","2026-10-04","2026-10-04","localização | atividade | categorias | duração | elegibilidade territorial | produção/conclusão | estreia | exibição online | pessoa autorizada a inscrever | taxas | abertura | encerramento | realização | relevância","PDF oficial integralmente lido; taxas de inscrição não são informadas."
"edição","festival-femucine-research-2025","festival-femucine","festival-femucine-source-1","DODF — ocupação do Teatro de Sobradinho pelo FEMUCINE","https://www.sinj.df.gov.br/sinj/TextoArquivoDiario.aspx?id_file=797edd0d-e9f3-32a2-9895-61b46062ae63","oficial","3ª edição / 2025","Página ou regulamento consultado","confirmado em edição anterior","edição anterior","2026-10-04","2026-10-04","localização | atividade | categorias | duração | elegibilidade territorial | produção/conclusão | estreia | exibição online | pessoa autorizada a inscrever | taxas | abertura | encerramento | realização | relevância","Fonte oficial comprova a realização, não as regras da chamada."
"edição","festival-femucine-research-2025","festival-femucine","festival-femucine-source-2","FEMUCINE retorna para a 3ª edição","https://brasiliaetc.com.br/festival-multicultural-de-cinema-femucine-retorna-para-sua-3a-edicao-em-sobradinho/","fonte secundária","3ª edição / 2025","Página ou regulamento consultado","confirmado em edição anterior","edição anterior","2026-10-04","2026-10-04","localização | atividade | categorias | duração | elegibilidade territorial | produção/conclusão | estreia | exibição online | pessoa autorizada a inscrever | taxas | abertura | encerramento | realização | relevância","Usada para programação e perfil; diverge do DODF em um dia da ocupação."
"edição","festival-doclisboa-research-2026","festival-doclisboa","festival-doclisboa-source-1","Doclisboa 2026 — regulamento","https://doclisboa.org/regulamento/","oficial","24ª edição / 2026","Página ou regulamento consultado","confirmado na edição atual","confirmado","2026-10-04","2026-10-04","localização | atividade | categorias | duração | elegibilidade territorial | produção/conclusão | estreia | exibição online | pessoa autorizada a inscrever | taxas | abertura | encerramento | realização | relevância","Regulamento oficial integralmente lido."
"edição","festival-doclisboa-research-2026","festival-doclisboa","festival-doclisboa-source-2","Doclisboa 2026 — inscrições","https://doclisboa.org/inscricoes/","oficial","24ª edição / 2026","Página ou regulamento consultado","confirmado na edição atual","confirmado","2026-10-04","2026-10-04","localização | atividade | categorias | duração | elegibilidade territorial | produção/conclusão | estreia | exibição online | pessoa autorizada a inscrever | taxas | abertura | encerramento | realização | relevância","Página oficial de chamada, prazos e taxas integralmente lida."
"edição","festival-fronteira-research-2023","festival-fronteira","festival-fronteira-source-1","Regulamento do V Fronteira","https://www.fronteirafestival.com/doc/regulamento_vfff_pt_en.pdf","oficial","5ª edição / 2023","Página ou regulamento consultado","confirmado em edição anterior","edição anterior","2026-10-04","2026-10-04","localização | atividade | categorias | duração | elegibilidade territorial | produção/conclusão | estreia | exibição online | pessoa autorizada a inscrever | taxas | abertura | encerramento | realização | relevância","Regulamento integralmente lido; nenhuma edição posterior localizada."
"edição","festival-fronteira-research-2023","festival-fronteira","festival-fronteira-source-2","Fronteira — histórico oficial","https://www.fronteirafestival.com/pt/sobre/festival","oficial","5ª edição / 2023","Página ou regulamento consultado","confirmado em edição anterior","edição anterior","2026-10-04","2026-10-04","localização | atividade | categorias | duração | elegibilidade territorial | produção/conclusão | estreia | exibição online | pessoa autorizada a inscrever | taxas | abertura | encerramento | realização | relevância",""
"edição","festival-cinecipo-research-2026","festival-cinecipo","festival-cinecipo-source-1","14º Cinecipó — página oficial","https://cinecipo.com.br/","oficial","14ª edição / 2026","Página ou regulamento consultado","confirmado na edição atual","confirmado","2026-10-04","2026-10-04","localização | atividade | categorias | duração | elegibilidade territorial | produção/conclusão | estreia | exibição online | pessoa autorizada a inscrever | taxas | abertura | encerramento | realização | relevância","Confirma 8–12/9/2026 e sede."
"edição","festival-cinecipo-research-2026","festival-cinecipo","festival-cinecipo-source-2","14º Cinecipó — regras de inscrição","https://filmfreeway.com/cinecipo","plataforma de inscrição","14ª edição / 2026","Página ou regulamento consultado","confirmado na edição atual","confirmado","2026-10-04","2026-10-04","localização | atividade | categorias | duração | elegibilidade territorial | produção/conclusão | estreia | exibição online | pessoa autorizada a inscrever | taxas | abertura | encerramento | realização | relevância","Regras integralmente lidas; o texto traz mês de realização e cláusula de edição residual divergentes."
"edição","festival-pinhais-research-2026","festival-pinhais","festival-pinhais-source-1","Prefeitura de Pinhais — vencedores do 14º FESTCINE","https://atendenet.pinhais.pr.gov.br/cidadao/noticia/14-festival-de-cinema-de-pinhais-divulga-filmes-vencedores-que-serao-exibidos-no-centro-cultural","oficial","14ª edição / 2026","Página ou regulamento consultado","confirmado na edição atual","confirmado","2026-10-04","2026-10-04","localização | atividade | categorias | duração | elegibilidade territorial | produção/conclusão | estreia | exibição online | pessoa autorizada a inscrever | taxas | abertura | encerramento | realização | relevância","Página oficial comprova edição, categorias, alcance e sessões; edital não localizado."
"edição","festival-mostrasp-research-2026","festival-mostrasp","festival-mostrasp-source-1","50ª Mostra — inscrições abertas","https://mostra.org/jornal-da-mostra/estao-abertas-as-inscricoes-para-a-50-mostra-internacional-de-cinema-em-sao-paulo","oficial","50ª edição / 2026","Página ou regulamento consultado","confirmado na edição atual","confirmado","2026-10-04","2026-10-04","localização | atividade | categorias | duração | elegibilidade territorial | produção/conclusão | estreia | exibição online | pessoa autorizada a inscrever | taxas | abertura | encerramento | realização | relevância","Página oficial confirma janela e datas."
"edição","festival-mostrasp-research-2026","festival-mostrasp","festival-mostrasp-source-2","Regulamento da 50ª Mostra","https://static.mostra.org/_uploads/371c67a471638a92.pdf?v=1775088994396","oficial","50ª edição / 2026","Página ou regulamento consultado","confirmado na edição atual","confirmado","2026-10-04","2026-10-04","localização | atividade | categorias | duração | elegibilidade territorial | produção/conclusão | estreia | exibição online | pessoa autorizada a inscrever | taxas | abertura | encerramento | realização | relevância","PDF oficial de dez páginas integralmente lido."
"edição","festival-noturno-research-2026","festival-noturno","festival-noturno-source-1","Noturno Festival — site oficial","https://www.noturnofestival.info/","oficial","2ª edição / 2026","Página ou regulamento consultado","confirmado na edição atual","confirmado","2026-10-04","2026-10-04","localização | atividade | categorias | duração | elegibilidade territorial | produção/conclusão | estreia | exibição online | pessoa autorizada a inscrever | taxas | abertura | encerramento | realização | relevância","O domínio foi consultado, mas páginas internas passaram a redirecionar para conteúdo estranho; regras não puderam ser lidas."
"edição","festival-noturno-research-2026","festival-noturno","festival-noturno-source-2","JC — inscrições para o 2º Noturno","https://jc.uol.com.br/cultura/2026/04/13/segunda-edicao-do-noturno-festival-internacional-de-cinema-do-recife-abre-inscricoes-para-filmes.html","fonte secundária","2ª edição / 2026","Página ou regulamento consultado","confirmado na edição atual","confirmado","2026-10-04","2026-10-04","localização | atividade | categorias | duração | elegibilidade territorial | produção/conclusão | estreia | exibição online | pessoa autorizada a inscrever | taxas | abertura | encerramento | realização | relevância","Usada para datas e critérios publicados enquanto o regulamento oficial estava inacessível."
"edição","festival-arapiraca-research-2026","festival-arapiraca","festival-arapiraca-source-1","V Festival de Cinema de Arapiraca — regulamento","https://festivaldecinemadearapiraca.com/home/regulamentoptbr/","oficial","5ª edição / 2026","Página ou regulamento consultado","confirmado na edição atual","confirmado","2026-10-04","2026-10-04","localização | atividade | categorias | duração | elegibilidade territorial | produção/conclusão | estreia | exibição online | pessoa autorizada a inscrever | taxas | abertura | encerramento | realização | relevância","Regulamento oficial integralmente lido."
"edição","festival-motriz-research-2024","festival-motriz","festival-motriz-source-1","Regulamento do 3º Motriz","https://www.cinemotriz.com.br/wp-content/uploads/2024/06/Regulamento-3o-Motriz-Festival-de-Cinema-de-Planaltina.pdf","oficial","3ª edição / 2024","Página ou regulamento consultado","confirmado em edição anterior","edição anterior","2026-10-04","2026-10-04","localização | atividade | categorias | duração | elegibilidade territorial | produção/conclusão | estreia | exibição online | pessoa autorizada a inscrever | taxas | abertura | encerramento | realização | relevância","Regulamento oficial de cinco páginas integralmente lido; nenhuma edição de 2025/2026 localizada."
"edição","festival-motriz-research-2024","festival-motriz","festival-motriz-source-2","Motriz 2024 — programação e balanço","https://www.cinemotriz.com.br/","oficial","3ª edição / 2024","Página ou regulamento consultado","confirmado em edição anterior","edição anterior","2026-10-04","2026-10-04","localização | atividade | categorias | duração | elegibilidade territorial | produção/conclusão | estreia | exibição online | pessoa autorizada a inscrever | taxas | abertura | encerramento | realização | relevância",""
"edição","festival-cinejardim-research-2026","festival-cinejardim","festival-cinejardim-source-1","9º Cine Jardim — site oficial","https://cinejardim.com/","oficial","9ª edição / 2026","Página ou regulamento consultado","confirmado na edição atual","confirmado","2026-10-04","2026-10-04","localização | atividade | categorias | duração | elegibilidade territorial | produção/conclusão | estreia | exibição online | pessoa autorizada a inscrever | taxas | abertura | encerramento | realização | relevância","Confirma edição, programação e período de 17–22/8."
"edição","festival-cinejardim-research-2026","festival-cinejardim","festival-cinejardim-source-2","9º Cine Jardim — regulamento","https://filmfreeway.com/CineJardim","plataforma de inscrição","9ª edição / 2026","Página ou regulamento consultado","confirmado na edição atual","confirmado","2026-10-04","2026-10-04","localização | atividade | categorias | duração | elegibilidade territorial | produção/conclusão | estreia | exibição online | pessoa autorizada a inscrever | taxas | abertura | encerramento | realização | relevância","Regras integralmente lidas; contém conflitos entre títulos de seções e data final do evento."
"edição","festival-fecine-research-2025","festival-fecine","festival-fecine-source-1","Regulamento do 2º FECINE","https://fecine.com.br/wp-content/uploads/2025/08/2-FECINE-Regulamento.pdf","oficial","2ª edição / 2025","Página ou regulamento consultado","confirmado em edição anterior","edição anterior","2026-10-04","2026-10-04","localização | atividade | categorias | duração | elegibilidade territorial | produção/conclusão | estreia | exibição online | pessoa autorizada a inscrever | taxas | abertura | encerramento | realização | relevância","Regulamento oficial integralmente lido; nenhuma chamada de 2026 localizada."
"edição","festival-sundance-research-2027","festival-sundance","festival-sundance-source-1","Sundance 2027 — submit","https://www.sundance.org/festivals/sundance-film-festival/submit/","oficial","edição 2027","Página ou regulamento consultado","confirmado na edição atual","confirmado","2026-10-04","2026-10-04","localização | atividade | categorias | duração | elegibilidade territorial | produção/conclusão | estreia | exibição online | pessoa autorizada a inscrever | taxas | abertura | encerramento | realização | relevância","Página oficial de inscrições consultada."
"edição","festival-sundance-research-2027","festival-sundance","festival-sundance-source-2","Sundance 2027 — Submission Rules","https://www.sundance.org/wp-content/uploads/2026/06/2027_Submissions_Rules.pdf","oficial","edição 2027","Página ou regulamento consultado","confirmado na edição atual","confirmado","2026-10-04","2026-10-04","localização | atividade | categorias | duração | elegibilidade territorial | produção/conclusão | estreia | exibição online | pessoa autorizada a inscrever | taxas | abertura | encerramento | realização | relevância","PDF oficial integralmente lido."
"edição","festival-sundance-research-2027","festival-sundance","festival-sundance-source-3","Sundance 2027 — Submissions FAQ","https://www.sundance.org/wp-content/uploads/2026/06/2027_Submissions_FAQ.pdf","oficial","edição 2027","Página ou regulamento consultado","confirmado na edição atual","confirmado","2026-10-04","2026-10-04","localização | atividade | categorias | duração | elegibilidade territorial | produção/conclusão | estreia | exibição online | pessoa autorizada a inscrever | taxas | abertura | encerramento | realização | relevância","FAQ oficial integralmente lida."
"edição","festival-sundance-research-2027","festival-sundance","festival-sundance-source-4","Sundance anuncia datas e sede de 2027","https://www.sundance.org/blogs/2027-sundance-film-festival-to-take-place-january-21-31-in-boulder-colorado/","oficial","edição 2027","Página ou regulamento consultado","confirmado na edição atual","confirmado","2026-10-04","2026-10-04","localização | atividade | categorias | duração | elegibilidade territorial | produção/conclusão | estreia | exibição online | pessoa autorizada a inscrever | taxas | abertura | encerramento | realização | relevância","Fonte oficial para Boulder e datas."
"edição","festival-indielisboa-research-2027","festival-indielisboa","festival-indielisboa-source-1","IndieLisboa 2027 — Rules and Terms","https://indielisboa.com/en/festival/rules-and-terms/","oficial","24ª edição / 2027","Página ou regulamento consultado","confirmado na edição atual","confirmado","2026-10-04","2026-10-04","localização | atividade | categorias | duração | elegibilidade territorial | produção/conclusão | estreia | exibição online | pessoa autorizada a inscrever | taxas | abertura | encerramento | realização | relevância","Regulamento oficial integralmente lido."
"edição","festival-lobofest-research-2025","festival-lobofest","festival-lobofest-source-1","17º LoboFest — regras","https://filmfreeway.com/LoboFestFestivalInternacionaldeFilmes","plataforma de inscrição","17ª edição / chamada 2025, realização 2026","Página ou regulamento consultado","confirmado na edição atual","confirmado","2026-10-04","2026-10-04","localização | atividade | categorias | duração | elegibilidade territorial | produção/conclusão | estreia | exibição online | pessoa autorizada a inscrever | taxas | abertura | encerramento | realização | relevância","Regras integralmente lidas; versões portuguesa/inglesa divergem nas datas internacionais."
"edição","festival-lobofest-research-2025","festival-lobofest","festival-lobofest-source-2","Programação da 17ª edição do LoboFest","https://aguasclarasmidia.com.br/wp-content/uploads/2026/03/FolhadeAG360.pdf","fonte secundária","17ª edição / chamada 2025, realização 2026","Página ou regulamento consultado","confirmado na edição atual","confirmado","2026-10-04","2026-10-04","localização | atividade | categorias | duração | elegibilidade territorial | produção/conclusão | estreia | exibição online | pessoa autorizada a inscrever | taxas | abertura | encerramento | realização | relevância","Confirma realização de 18–20/3/2026 no Riacho Fundo."
"edição","festival-estranhos-research-2026","festival-estranhos","festival-estranhos-source-1","2º Estranhos Encontros — site oficial","https://www.estranhosencontros.com/","oficial","2ª edição / 2026","Página ou regulamento consultado","confirmado na edição atual","confirmado","2026-10-04","2026-10-04","localização | atividade | categorias | duração | elegibilidade territorial | produção/conclusão | estreia | exibição online | pessoa autorizada a inscrever | taxas | abertura | encerramento | realização | relevância","Confirma programa, datas e espaços."
"edição","festival-estranhos-research-2026","festival-estranhos","festival-estranhos-source-2","2º Estranhos Encontros — regras e taxas","https://filmfreeway.com/estranhosencontros","plataforma de inscrição","2ª edição / 2026","Página ou regulamento consultado","confirmado na edição atual","confirmado","2026-10-04","2026-10-04","localização | atividade | categorias | duração | elegibilidade territorial | produção/conclusão | estreia | exibição online | pessoa autorizada a inscrever | taxas | abertura | encerramento | realização | relevância","Regras, lotes e taxas integralmente lidos."
"edição","festival-cinedoscampos-research-2025","festival-cinedoscampos","festival-cinedoscampos-source-1","2º Cine dos Campos — inscrições","https://www.cinedoscampos.com.br/inscri%C3%A7%C3%B5es","oficial","2ª edição / 2025","Página ou regulamento consultado","confirmado em edição anterior","edição anterior","2026-10-04","2026-10-04","localização | atividade | categorias | duração | elegibilidade territorial | produção/conclusão | estreia | exibição online | pessoa autorizada a inscrever | taxas | abertura | encerramento | realização | relevância","Página oficial integralmente lida; nenhuma edição de 2026 localizada."
"edição","festival-idfa-research-2026","festival-idfa","festival-idfa-source-1","IDFA 2026 — Festival Entry Regulations","https://professionals.idfa.nl/program/festival-entries/festival-entry-regulations/","oficial","39ª edição / 2026","Página ou regulamento consultado","confirmado na edição atual","confirmado","2026-10-04","2026-10-04","localização | atividade | categorias | duração | elegibilidade territorial | produção/conclusão | estreia | exibição online | pessoa autorizada a inscrever | taxas | abertura | encerramento | realização | relevância","Regulamento oficial integralmente lido."
"edição","festival-iffr-research-2026","festival-iffr","festival-iffr-source-1","IFFR 2027 — Film Entry","https://iffr.com/en/iffr-pro-submissions/film-entry","oficial","56ª edição / 2027","Página ou regulamento consultado","confirmado na edição atual","confirmado","2026-10-04","2026-10-04","localização | atividade | categorias | duração | elegibilidade territorial | produção/conclusão | estreia | exibição online | pessoa autorizada a inscrever | taxas | abertura | encerramento | realização | relevância","Página oficial de regras, prazos e taxas integralmente lida."
"edição","festival-cphdox-research-2027","festival-cphdox","festival-cphdox-source-1","CPH:DOX 2027 — Rules and Regulations","https://cphdox.dk/rules-and-regulations/","oficial","edição 2027","Página ou regulamento consultado","confirmado na edição atual","confirmado","2026-10-04","2026-10-04","localização | atividade | categorias | duração | elegibilidade territorial | produção/conclusão | estreia | exibição online | pessoa autorizada a inscrever | taxas | abertura | encerramento | realização | relevância","Regulamento oficial integralmente lido."
"edição","festival-oberhausen-research-2027","festival-oberhausen","festival-oberhausen-source-1","Oberhausen 2027 — Submission","https://www.kurzfilmtage.de/en/festival/submission/","oficial","73ª edição / 2027","Página ou regulamento consultado","confirmado na edição atual","confirmado","2026-10-04","2026-10-04","localização | atividade | categorias | duração | elegibilidade territorial | produção/conclusão | estreia | exibição online | pessoa autorizada a inscrever | taxas | abertura | encerramento | realização | relevância","Página oficial de prazos e categorias integralmente lida."
"edição","festival-oberhausen-research-2027","festival-oberhausen","festival-oberhausen-source-2","Oberhausen 2027 — Regulations","https://www.kurzfilmtage.de/en/festival/regulations/","oficial","73ª edição / 2027","Página ou regulamento consultado","confirmado na edição atual","confirmado","2026-10-04","2026-10-04","localização | atividade | categorias | duração | elegibilidade territorial | produção/conclusão | estreia | exibição online | pessoa autorizada a inscrever | taxas | abertura | encerramento | realização | relevância","Regulamento oficial integralmente lido."
"edição","festival-clermont-research-2027","festival-clermont","festival-clermont-source-1","Clermont-Ferrand 2027 — Submit a Film","https://www.lecourt-clermont.org/en/pros/submit-a-film/","oficial","49ª edição / 2027","Página ou regulamento consultado","confirmado na edição atual","confirmado","2026-10-04","2026-10-04","localização | atividade | categorias | duração | elegibilidade territorial | produção/conclusão | estreia | exibição online | pessoa autorizada a inscrever | taxas | abertura | encerramento | realização | relevância","Página oficial de categorias, prazos e taxas integralmente lida."
"edição","festival-clermont-research-2027","festival-clermont","festival-clermont-source-2","Clermont-Ferrand 2027 — página oficial","https://www.lecourt-clermont.org/en/","oficial","49ª edição / 2027","Página ou regulamento consultado","confirmado na edição atual","confirmado","2026-10-04","2026-10-04","localização | atividade | categorias | duração | elegibilidade territorial | produção/conclusão | estreia | exibição online | pessoa autorizada a inscrever | taxas | abertura | encerramento | realização | relevância","Confirma datas do festival e do mercado."
"edição","festival-visions-research-2026","festival-visions","festival-visions-source-1","Visions du Réel 2027 — Call for Films","https://www.visionsdureel.ch/en/call-for-entries/","oficial","58ª edição / 2027","Página ou regulamento consultado","confirmado na edição atual","confirmado","2026-10-04","2026-10-04","localização | atividade | categorias | duração | elegibilidade territorial | produção/conclusão | estreia | exibição online | pessoa autorizada a inscrever | taxas | abertura | encerramento | realização | relevância","Página oficial de prazos e taxas integralmente lida."
"edição","festival-visions-research-2026","festival-visions","festival-visions-source-2","Visions du Réel 2027 — Regulations","https://www.visionsdureel.ch/wp-content/uploads/2026/09/VdR27_Regulations_EN-1.pdf","oficial","58ª edição / 2027","Página ou regulamento consultado","confirmado na edição atual","confirmado","2026-10-04","2026-10-04","localização | atividade | categorias | duração | elegibilidade territorial | produção/conclusão | estreia | exibição online | pessoa autorizada a inscrever | taxas | abertura | encerramento | realização | relevância","PDF oficial de dez páginas integralmente lido."
"edição","festival-fid-research-2026","festival-fid","festival-fid-source-1","FIDMarseille 2026 — Call for Films and Regulations","https://fidmarseille.org/en/festivals/festival-37/appel-a-films","oficial","37ª edição / 2026","Página ou regulamento consultado","confirmado na edição atual","confirmado","2026-10-04","2026-10-04","localização | atividade | categorias | duração | elegibilidade territorial | produção/conclusão | estreia | exibição online | pessoa autorizada a inscrever | taxas | abertura | encerramento | realização | relevância","Página oficial com regulamento integralmente lida."
"edição","festival-dokleipzig-research-2026","festival-dokleipzig","festival-dokleipzig-source-1","DOK Leipzig 2026 — Film Submission Regulations","https://www.dok-leipzig.de/en/film-submission-regulations","oficial","69ª edição / 2026","Página ou regulamento consultado","confirmado na edição atual","confirmado","2026-10-04","2026-10-04","localização | atividade | categorias | duração | elegibilidade territorial | produção/conclusão | estreia | exibição online | pessoa autorizada a inscrever | taxas | abertura | encerramento | realização | relevância","Regulamento oficial integralmente lido."
"edição","festival-dokleipzig-research-2026","festival-dokleipzig","festival-dokleipzig-source-2","DOK Leipzig 2026 — Submission FAQ","https://www.dok-leipzig.de/en/faq-submission","oficial","69ª edição / 2026","Página ou regulamento consultado","confirmado na edição atual","confirmado","2026-10-04","2026-10-04","localização | atividade | categorias | duração | elegibilidade territorial | produção/conclusão | estreia | exibição online | pessoa autorizada a inscrever | taxas | abertura | encerramento | realização | relevância","FAQ oficial integralmente lida; confirma taxas e isenção para produções exclusivamente brasileiras."
"edição","festival-hotdocs-research-2026","festival-hotdocs","festival-hotdocs-source-1","Hot Docs 2027 — Submit a Film","https://hotdocs.ca/industry/submit/submit-a-film","oficial","edição 2027","Página ou regulamento consultado","confirmado na edição atual","confirmado","2026-10-04","2026-10-04","localização | atividade | categorias | duração | elegibilidade territorial | produção/conclusão | estreia | exibição online | pessoa autorizada a inscrever | taxas | abertura | encerramento | realização | relevância","Página oficial de regras, prazos, taxas e categorias integralmente lida."
"edição","festival-sheffield-research-2027","festival-sheffield","festival-sheffield-source-1","Sheffield DocFest 2026 — Film Entries","https://cdn.sheffdocfest.com/news/2026-film-entries","oficial","33ª edição / 2026","Página ou regulamento consultado","confirmado na edição atual","parcial","2026-10-04","2026-10-04","localização | atividade | categorias | duração | elegibilidade territorial | produção/conclusão | estreia | exibição online | pessoa autorizada a inscrever | taxas | abertura | encerramento | realização | relevância","Página oficial de resumo lida; contém prazos e taxas."
"edição","festival-sheffield-research-2027","festival-sheffield","festival-sheffield-source-2","Sheffield 2026 — Film Programme Entry Guidelines","https://drive.google.com/file/d/1Y0KcAX2SUIubFHwfXp3WcIteDwg5SJmI/view?usp=sharing","oficial","33ª edição / 2026","Página ou regulamento consultado","não localizado","parcial","2026-10-04","2026-10-04","localização | atividade | categorias | duração | elegibilidade territorial | produção/conclusão | estreia | exibição online | pessoa autorizada a inscrever | taxas | abertura | encerramento | realização | relevância","PDF oficial vinculado pelo festival, mas o proprietário desabilitou download; tentativa em 4/10/2026 devolveu acesso somente ao proprietário/editores."
"edição","festival-docsbarcelona-research-2027","festival-docsbarcelona","festival-docsbarcelona-source-1","DocsBarcelona 2027 — Festival Submissions","https://docsbarcelona.com/en/inscripcions-festival/","oficial","30ª edição / 2027","Página ou regulamento consultado","confirmado na edição atual","confirmado","2026-10-04","2026-10-04","localização | atividade | categorias | duração | elegibilidade territorial | produção/conclusão | estreia | exibição online | pessoa autorizada a inscrever | taxas | abertura | encerramento | realização | relevância","Página oficial de chamada integralmente lida."
"edição","festival-docsbarcelona-research-2027","festival-docsbarcelona","festival-docsbarcelona-source-2","DocsBarcelona 2027 — Rules and Regulations","https://drive.google.com/file/d/1iBAYvBLkBm0wn30aI5HLU6Mr1X4k6w5B/view","oficial","30ª edição / 2027","Página ou regulamento consultado","confirmado na edição atual","confirmado","2026-10-04","2026-10-04","localização | atividade | categorias | duração | elegibilidade territorial | produção/conclusão | estreia | exibição online | pessoa autorizada a inscrever | taxas | abertura | encerramento | realização | relevância","PDF oficial de seis páginas baixado e integralmente lido em 4/10/2026."
"edição","festival-jihlava-research-2026","festival-jihlava","festival-jihlava-source-1","Ji.hlava 2026 — Film Submissions","https://www.ji-hlava.com/prihlaseni-filmu","oficial","30ª edição / 2026","Página ou regulamento consultado","confirmado na edição atual","confirmado","2026-10-04","2026-10-04","localização | atividade | categorias | duração | elegibilidade territorial | produção/conclusão | estreia | exibição online | pessoa autorizada a inscrever | taxas | abertura | encerramento | realização | relevância","Página oficial de chamada integralmente lida."
"edição","festival-jihlava-research-2026","festival-jihlava","festival-jihlava-source-2","Ji.hlava 2026 — Guidelines and Conditions","https://www.ji-hlava.com/media/editor/soubory/downloads/2026/submissions/Guidelines-and-Conditions-Ji.hlava%20idff%202026.pdf","oficial","30ª edição / 2026","Página ou regulamento consultado","confirmado na edição atual","confirmado","2026-10-04","2026-10-04","localização | atividade | categorias | duração | elegibilidade territorial | produção/conclusão | estreia | exibição online | pessoa autorizada a inscrever | taxas | abertura | encerramento | realização | relevância","PDF oficial de oito páginas integralmente lido."
"edição","festival-curtaspt-research-2027","festival-curtaspt","festival-curtaspt-source-1","Curtas Vila do Conde 2027 — Call for Entries","https://www.festival.curtas.pt/info/call-for-entries/","oficial","35ª edição / 2027","Página ou regulamento consultado","confirmado na edição atual","parcial","2026-10-04","2026-10-04","localização | atividade | categorias | duração | elegibilidade territorial | produção/conclusão | estreia | exibição online | pessoa autorizada a inscrever | taxas | abertura | encerramento | realização | relevância","Página oficial atual lida integralmente; confirma categorias gerais, datas e taxas."
"edição","festival-curtaspt-research-2027","festival-curtaspt","festival-curtaspt-source-2","Curtas Vila do Conde 2027 — regulamento","https://app.box.com/folder/415051902634","oficial","35ª edição / 2027","Página ou regulamento consultado","não localizado","parcial","2026-10-04","2026-10-04","localização | atividade | categorias | duração | elegibilidade territorial | produção/conclusão | estreia | exibição online | pessoa autorizada a inscrever | taxas | abertura | encerramento | realização | relevância","O link oficial do regulamento redireciona para login do Box e não permitiu leitura em 4/10/2026."
"edição","festival-tampere-research-2027","festival-tampere","festival-tampere-source-1","Tampere 2027 — Competitions","https://tamperefilmfestival.fi/en/industry/competitions/","oficial","57ª edição / 2027","Página ou regulamento consultado","confirmado na edição atual","confirmado","2026-10-04","2026-10-04","localização | atividade | categorias | duração | elegibilidade territorial | produção/conclusão | estreia | exibição online | pessoa autorizada a inscrever | taxas | abertura | encerramento | realização | relevância","Página oficial de competições e links de regras lida."
"edição","festival-tampere-research-2027","festival-tampere","festival-tampere-source-2","Tampere 2027 — International Competition Regulations","https://tamperefilmfestival.fi/en/industry/competitions/regulations-international-competition-2027/","oficial","57ª edição / 2027","Página ou regulamento consultado","confirmado na edição atual","confirmado","2026-10-04","2026-10-04","localização | atividade | categorias | duração | elegibilidade territorial | produção/conclusão | estreia | exibição online | pessoa autorizada a inscrever | taxas | abertura | encerramento | realização | relevância","Regulamento oficial integralmente lido."
"edição","festival-tampere-research-2027","festival-tampere","festival-tampere-source-3","Tampere 2027 — National Competition Regulations","https://tamperefilmfestival.fi/en/industry/competitions/regulations-national-competition-2027/","oficial","57ª edição / 2027","Página ou regulamento consultado","confirmado na edição atual","confirmado","2026-10-04","2026-10-04","localização | atividade | categorias | duração | elegibilidade territorial | produção/conclusão | estreia | exibição online | pessoa autorizada a inscrever | taxas | abertura | encerramento | realização | relevância","Regulamento oficial integralmente lido."
"edição","festival-tampere-research-2027","festival-tampere","festival-tampere-source-4","Tampere 2027 — Genre Competition Regulations","https://tamperefilmfestival.fi/en/industry/competitions/regulations-genre-competition-2027/","oficial","57ª edição / 2027","Página ou regulamento consultado","confirmado na edição atual","confirmado","2026-10-04","2026-10-04","localização | atividade | categorias | duração | elegibilidade territorial | produção/conclusão | estreia | exibição online | pessoa autorizada a inscrever | taxas | abertura | encerramento | realização | relevância","Regulamento oficial integralmente lido."
"edição","festival-uppsala-research-2026","festival-uppsala","festival-uppsala-source-1","Uppsala 2026 — Enter Your Film","https://shortfilmfestival.com/en/anmala-film/","oficial","edição 2026","Página ou regulamento consultado","confirmado na edição atual","parcial","2026-10-04","2026-10-04","localização | atividade | categorias | duração | elegibilidade territorial | produção/conclusão | estreia | exibição online | pessoa autorizada a inscrever | taxas | abertura | encerramento | realização | relevância","Página oficial de categorias, prazos e taxas lida integralmente; chama a edição de 45ª."
"edição","festival-uppsala-research-2026","festival-uppsala","festival-uppsala-source-2","Uppsala 2026 — About the Festival","https://shortfilmfestival.com/en/about-the-festival/","oficial","edição 2026","Página ou regulamento consultado","confirmado na edição atual","parcial","2026-10-04","2026-10-04","localização | atividade | categorias | duração | elegibilidade territorial | produção/conclusão | estreia | exibição online | pessoa autorizada a inscrever | taxas | abertura | encerramento | realização | relevância","Página oficial confirma 19–25/10/2026, histórico e qualificações; chama a edição de 44ª."
"edição","festival-encounters-research-2026","festival-encounters","festival-encounters-source-1","Encounters 2027 — Submissions","https://www.encounters.film/submissions","oficial","edição 2027","Página ou regulamento consultado","confirmado na edição atual","confirmado","2026-10-04","2026-10-04","localização | atividade | categorias | duração | elegibilidade territorial | produção/conclusão | estreia | exibição online | pessoa autorizada a inscrever | taxas | abertura | encerramento | realização | relevância","Página oficial de submissões integralmente lida."
"edição","festival-encounters-research-2026","festival-encounters","festival-encounters-source-2","Encounters 2027 — FilmFreeway","https://filmfreeway.com/EncountersFilmFestival","plataforma de inscrição","edição 2027","Página ou regulamento consultado","confirmado na edição atual","confirmado","2026-10-04","2026-10-04","localização | atividade | categorias | duração | elegibilidade territorial | produção/conclusão | estreia | exibição online | pessoa autorizada a inscrever | taxas | abertura | encerramento | realização | relevância","Regras, categorias, prazos e taxas integralmente lidos."
"edição","festival-winterthur-research-2026","festival-winterthur","festival-winterthur-source-1","Winterthur 2026 — Competition Rules and Regulations","https://www.kurzfilmtage.ch/-downloads-/document/3973/ikw26_Competitons_Rules_and_Regulations_260121.pdf","oficial","30ª edição / 2026","Página ou regulamento consultado","confirmado na edição atual","confirmado","2026-10-04","2026-10-04","localização | atividade | categorias | duração | elegibilidade territorial | produção/conclusão | estreia | exibição online | pessoa autorizada a inscrever | taxas | abertura | encerramento | realização | relevância","PDF oficial integralmente lido."
"edição","festival-krakow-research-2026","festival-krakow","festival-krakow-source-1","Krakow Film Festival 2026 — regulamento","https://www.krakowfilmfestival.pl/66-kff/regulamin-66-kff/","oficial","66ª edição / 2026","Página ou regulamento consultado","confirmado na edição atual","confirmado","2026-10-04","2026-10-04","localização | atividade | categorias | duração | elegibilidade territorial | produção/conclusão | estreia | exibição online | pessoa autorizada a inscrever | taxas | abertura | encerramento | realização | relevância","Regulamento oficial integralmente lido; prevalece sobre comunicado em inglês com anos residuais."
"edição","festival-goshort-research-2026","festival-goshort","festival-goshort-source-1","Go Short 2027 — Call for Entry","https://www.goshort.nl/en/news-overview/call-for-entry-go-short-2027","oficial","19ª edição / 2027","Página ou regulamento consultado","confirmado na edição atual","confirmado","2026-10-04","2026-10-04","localização | atividade | categorias | duração | elegibilidade territorial | produção/conclusão | estreia | exibição online | pessoa autorizada a inscrever | taxas | abertura | encerramento | realização | relevância","Página oficial de prazos e taxas integralmente lida."
"edição","festival-goshort-research-2026","festival-goshort","festival-goshort-source-2","Go Short 2027 — Short Film Competition Regulations","https://www.goshort.nl/media/sghjttzm/regulations-go-short-2027-short-film-competition.pdf?v=1","oficial","19ª edição / 2027","Página ou regulamento consultado","confirmado na edição atual","parcial","2026-10-04","2026-10-04","localização | atividade | categorias | duração | elegibilidade territorial | produção/conclusão | estreia | exibição online | pessoa autorizada a inscrever | taxas | abertura | encerramento | realização | relevância","PDF integralmente lido; contém referências residuais à 18ª edição e a prazo de cópia de 2026."
"edição","festival-goshort-research-2026","festival-goshort","festival-goshort-source-3","Go Short 2027 — VR/XR Regulations","https://www.goshort.nl/media/lb0mcmxp/go-short-video-game-vr-xr-performances-installations-regulations-2027.pdf","oficial","19ª edição / 2027","Página ou regulamento consultado","confirmado na edição atual","confirmado","2026-10-04","2026-10-04","localização | atividade | categorias | duração | elegibilidade territorial | produção/conclusão | estreia | exibição online | pessoa autorizada a inscrever | taxas | abertura | encerramento | realização | relevância","PDF oficial integralmente lido."
"edição","festival-goshort-research-2026","festival-goshort","festival-goshort-source-4","Go Short 2027 — Music Video Regulations","https://www.goshort.nl/media/qdagmo5b/go-short-music-video-competition-regulations-2027.pdf","oficial","19ª edição / 2027","Página ou regulamento consultado","confirmado na edição atual","confirmado","2026-10-04","2026-10-04","localização | atividade | categorias | duração | elegibilidade territorial | produção/conclusão | estreia | exibição online | pessoa autorizada a inscrever | taxas | abertura | encerramento | realização | relevância","PDF oficial integralmente lido."
"edição","festival-viennashorts-research-2026","festival-viennashorts","festival-viennashorts-source-1","Vienna Shorts 2027 — Submissions","https://www.viennashorts.com/en/submissions","oficial","24ª edição / 2027","Página ou regulamento consultado","confirmado na edição atual","confirmado","2026-10-04","2026-10-04","localização | atividade | categorias | duração | elegibilidade territorial | produção/conclusão | estreia | exibição online | pessoa autorizada a inscrever | taxas | abertura | encerramento | realização | relevância","Página oficial integralmente lida."
"edição","festival-viennashorts-research-2026","festival-viennashorts","festival-viennashorts-source-2","Vienna Shorts 2027 — Submission Terms","https://www.viennashorts.com/assets/media/SubmissionTerms_ViennaShorts2027.pdf","oficial","24ª edição / 2027","Página ou regulamento consultado","confirmado na edição atual","confirmado","2026-10-04","2026-10-04","localização | atividade | categorias | duração | elegibilidade territorial | produção/conclusão | estreia | exibição online | pessoa autorizada a inscrever | taxas | abertura | encerramento | realização | relevância","PDF oficial de cinco páginas integralmente lido."
"edição","festival-palmsprings-research-2027","festival-palmsprings","festival-palmsprings-source-1","Palm Springs International ShortFest 2027 — FilmFreeway","https://filmfreeway.com/PalmSpringsInternationalShortFest","plataforma de inscrição","edição 2027","Página ou regulamento consultado","confirmado na edição atual","confirmado","2026-10-04","2026-10-04","localização | atividade | categorias | duração | elegibilidade territorial | produção/conclusão | estreia | exibição online | pessoa autorizada a inscrever | taxas | abertura | encerramento | realização | relevância","Página oficial de inscrição e regras integralmente lida."
"edição","festival-aspen-research-2027","festival-aspen","festival-aspen-source-1","Aspen Shortsfest 2027 — FilmFreeway","https://filmfreeway.com/AspenShortsfest","plataforma de inscrição","edição 2027","Página ou regulamento consultado","confirmado na edição atual","confirmado","2026-10-04","2026-10-04","localização | atividade | categorias | duração | elegibilidade territorial | produção/conclusão | estreia | exibição online | pessoa autorizada a inscrever | taxas | abertura | encerramento | realização | relevância","Página oficial de inscrição e regras integralmente lida."
"edição","festival-cannes-research-2026","festival-cannes","festival-cannes-source-1","Cannes 2026 — Short Films in Competition Regulations","https://www.festival-cannes.com/en/take-part/submit-a-film/regulations-for-short-films-in-competition/","oficial","79ª edição / 2026","Página ou regulamento consultado","confirmado na edição atual","confirmado","2026-10-04","2026-10-04","localização | atividade | categorias | duração | elegibilidade territorial | produção/conclusão | estreia | exibição online | pessoa autorizada a inscrever | taxas | abertura | encerramento | realização | relevância","Regulamento oficial integralmente lido."
"edição","festival-cannes-research-2026","festival-cannes","festival-cannes-source-2","Cannes 2026 — Submit a Film","https://www.festival-cannes.com/en/take-part/submit-a-film/","oficial","79ª edição / 2026","Página ou regulamento consultado","confirmado na edição atual","confirmado","2026-10-04","2026-10-04","localização | atividade | categorias | duração | elegibilidade territorial | produção/conclusão | estreia | exibição online | pessoa autorizada a inscrever | taxas | abertura | encerramento | realização | relevância","Página oficial de categorias, prazos e envio integralmente lida."
"edição","festival-berlinale-research-2026","festival-berlinale","festival-berlinale-source-1","Berlinale 2027 — Film Entry Guidelines","https://www.berlinale.de/en/film-entry/guidelines.html","oficial","77ª edição / 2027","Página ou regulamento consultado","não localizado","parcial","2026-10-04","2026-10-04","atividade | categorias | duração | produção/conclusão | estreia | taxas | encerramento","Endpoint oficial retornou indisponibilidade/503 nas tentativas de 4/10/2026; texto integral não recuperado."
"edição","festival-berlinale-research-2026","festival-berlinale","festival-berlinale-source-2","Berlinale 2027 — comunicado oficial de abertura","https://www.linkedin.com/posts/berlinale_berlinale77-filmentry-activity-7364255737140535297-N2kd","oficial","77ª edição / 2027","Página ou regulamento consultado","confirmado na edição atual","parcial","2026-10-04","2026-10-04","atividade | abertura | encerramento | realização","Comunicado oficial confirma submissões e datas; não substitui o regulamento."
"edição","festival-berlinale-research-2026","festival-berlinale","festival-berlinale-source-3","Catalan Films — Berlinale 2027","https://catalanfilms.cat/ca/alertes/tramesa-berlinale-2027","fonte secundária","77ª edição / 2027","Página ou regulamento consultado","confirmado na edição atual","parcial","2026-10-04","2026-10-04","categorias | duração | produção/conclusão | estreia | taxas","Agência pública parceira resume limites, estreias e taxas; mantidos como parciais enquanto a fonte normativa está inacessível."
"edição","festival-locarno-research-2027","festival-locarno","festival-locarno-source-1","Locarno 2026 — Film Submission","https://www.locarnofestival.ch/Film-Submission.html","oficial","79ª edição / 2026","Página ou regulamento consultado","não localizado","parcial","2026-10-04","2026-10-04","categorias | duração | estreia | taxas | encerramento","Página normativa oficial retornou bloqueio HTTP 402 nas tentativas de 4/10/2026."
"edição","festival-locarno-research-2027","festival-locarno","festival-locarno-source-2","Locarno Film Festival — submission hub","https://www.locarnofestival.ch/en/festival/film-submission","oficial","79ª edição / 2026","Página ou regulamento consultado","confirmado na edição atual","parcial","2026-10-04","2026-10-04","atividade | categorias","Hub oficial localizado, mas regras integrais não foram recuperadas."
"edição","festival-locarno-research-2027","festival-locarno","festival-locarno-source-3","Czech Film Center — Locarno 2026 open call","https://filmcenter.cz/en/news/2164-open-call-locarno-film-festival-2026","fonte secundária","79ª edição / 2026","Página ou regulamento consultado","confirmado na edição atual","parcial","2026-10-04","2026-10-04","categorias | duração | taxas | encerramento | realização","Agência cinematográfica pública resume a chamada; dados não promovidos a confirmação integral."
"edição","festival-venezia-research-2026","festival-venezia","festival-venezia-source-1","Venice 2026 — 83rd Festival Regulations","https://static.labiennale.org/files/cinema/2026/Documenti/regulations-83.pdf","oficial","83ª edição / 2026","Página ou regulamento consultado","confirmado na edição atual","confirmado","2026-10-04","2026-10-04","localização | atividade | categorias | duração | elegibilidade territorial | produção/conclusão | estreia | exibição online | pessoa autorizada a inscrever | taxas | abertura | encerramento | realização | relevância","PDF oficial integralmente lido."
"edição","festival-venezia-research-2026","festival-venezia","festival-venezia-source-2","Venice 2026 — Film Submission","https://web9.labiennale.org/Selezione26/One?culture=en","oficial","83ª edição / 2026","Página ou regulamento consultado","confirmado na edição atual","confirmado","2026-10-04","2026-10-04","localização | atividade | categorias | duração | elegibilidade territorial | produção/conclusão | estreia | exibição online | pessoa autorizada a inscrever | taxas | abertura | encerramento | realização | relevância","Formulário oficial de inscrição consultado."
"edição","festival-venezia-research-2026","festival-venezia","festival-venezia-source-3","Venice 2026 — Information","https://www.labiennale.org/en/cinema/2026/information","oficial","83ª edição / 2026","Página ou regulamento consultado","confirmado na edição atual","confirmado","2026-10-04","2026-10-04","localização | atividade | categorias | duração | elegibilidade territorial | produção/conclusão | estreia | exibição online | pessoa autorizada a inscrever | taxas | abertura | encerramento | realização | relevância","Página oficial de datas e informações consultada."
"edição","festival-sansebastian-research-2026","festival-sansebastian","festival-sansebastian-source-1","San Sebastián 2026 — General Rules","https://www.sansebastianfestival.com/2026/film_registration/rules_and_regulations/1/23002/in","oficial","74ª edição / 2026","Página ou regulamento consultado","confirmado na edição atual","confirmado","2026-10-04","2026-10-04","localização | atividade | categorias | duração | elegibilidade territorial | produção/conclusão | estreia | exibição online | pessoa autorizada a inscrever | taxas | abertura | encerramento | realização | relevância","Regras gerais integralmente lidas."
"edição","festival-sansebastian-research-2026","festival-sansebastian","festival-sansebastian-source-2","San Sebastián 2026 — Official Selection","https://www.sansebastianfestival.com/2026/film_registration/rules_and_regulations/1/23003/in","oficial","74ª edição / 2026","Página ou regulamento consultado","confirmado na edição atual","confirmado","2026-10-04","2026-10-04","localização | atividade | categorias | duração | elegibilidade territorial | produção/conclusão | estreia | exibição online | pessoa autorizada a inscrever | taxas | abertura | encerramento | realização | relevância","Regulamento da Seleção Oficial integralmente lido."
"edição","festival-sansebastian-research-2026","festival-sansebastian","festival-sansebastian-source-3","San Sebastián 2026 — New Directors","https://www.sansebastianfestival.com/2026/film_registration/rules_and_regulations/1/23004/in","oficial","74ª edição / 2026","Página ou regulamento consultado","confirmado na edição atual","confirmado","2026-10-04","2026-10-04","localização | atividade | categorias | duração | elegibilidade territorial | produção/conclusão | estreia | exibição online | pessoa autorizada a inscrever | taxas | abertura | encerramento | realização | relevância","Regulamento integralmente lido."
"edição","festival-sansebastian-research-2026","festival-sansebastian","festival-sansebastian-source-4","San Sebastián 2026 — Horizontes Latinos","https://www.sansebastianfestival.com/2026/film_registration/rules_and_regulations/1/23005/in","oficial","74ª edição / 2026","Página ou regulamento consultado","confirmado na edição atual","confirmado","2026-10-04","2026-10-04","localização | atividade | categorias | duração | elegibilidade territorial | produção/conclusão | estreia | exibição online | pessoa autorizada a inscrever | taxas | abertura | encerramento | realização | relevância","Regulamento integralmente lido."
"edição","festival-tiff-research-2026","festival-tiff","festival-tiff-source-1","Toronto International Film Festival 2026 — FilmFreeway","https://filmfreeway.com/TIFF","plataforma de inscrição","51ª edição / 2026","Página ou regulamento consultado","confirmado na edição atual","confirmado","2026-10-04","2026-10-04","localização | atividade | categorias | duração | elegibilidade territorial | produção/conclusão | estreia | exibição online | pessoa autorizada a inscrever | taxas | abertura | encerramento | realização | relevância","Termos, categorias, taxas e calendário oficiais integralmente lidos."
"edição","festival-tribeca-research-2027","festival-tribeca","festival-tribeca-source-1","Tribeca 2027 — Entry Rules & Regulations v2","https://d13jj08vfqimqg.cloudfront.net/uploads/document/document/1918/2027_Tribeca_Festival_Entry_Rules___Regulations_v2.pdf","oficial","26ª edição / 2027","Página ou regulamento consultado","confirmado na edição atual","confirmado","2026-10-04","2026-10-04","localização | atividade | categorias | duração | elegibilidade territorial | produção/conclusão | estreia | exibição online | pessoa autorizada a inscrever | taxas | abertura | encerramento | realização | relevância","PDF oficial de 14 páginas integralmente lido."
"edição","festival-tribeca-research-2027","festival-tribeca","festival-tribeca-source-2","Tribeca Festival 2027 — FilmFreeway","https://filmfreeway.com/TribecaFestival","plataforma de inscrição","26ª edição / 2027","Página ou regulamento consultado","confirmado na edição atual","confirmado","2026-10-04","2026-10-04","localização | atividade | categorias | duração | elegibilidade territorial | produção/conclusão | estreia | exibição online | pessoa autorizada a inscrever | taxas | abertura | encerramento | realização | relevância","Página oficial de inscrição consultada; eventual texto residual não prevalece sobre o PDF normativo."
"edição","festival-sxsw-research-2027","festival-sxsw","festival-sxsw-source-1","SXSW 2027 — Film & TV Submissions","https://sxsw.com/film-submissions/","oficial","edição 2027","Página ou regulamento consultado","confirmado na edição atual","confirmado","2026-10-04","2026-10-04","localização | atividade | categorias | duração | elegibilidade territorial | produção/conclusão | estreia | exibição online | pessoa autorizada a inscrever | taxas | abertura | encerramento | realização | relevância","Página oficial de categorias e calendário integralmente lida."
"edição","festival-sxsw-research-2027","festival-sxsw","festival-sxsw-source-2","SXSW 2027 — Submission Fees","https://support.sxsw.com/hc/en-us/articles/206421075-What-are-the-submission-fees-for-the-SXSW-Film-TV-Festival","oficial","edição 2027","Página ou regulamento consultado","confirmado na edição atual","confirmado","2026-10-04","2026-10-04","localização | atividade | categorias | duração | elegibilidade territorial | produção/conclusão | estreia | exibição online | pessoa autorizada a inscrever | taxas | abertura | encerramento | realização | relevância","Página oficial de taxas integralmente lida."
"edição","festival-sxsw-research-2027","festival-sxsw","festival-sxsw-source-3","SXSW — Premiere and Eligibility","https://support.sxsw.com/hc/en-us/articles/115003368603-What-are-the-SXSW-Film-TV-Festival-premiere-and-eligibility-policies","oficial","edição 2027","Página ou regulamento consultado","confirmado na edição atual","confirmado","2026-10-04","2026-10-04","localização | atividade | categorias | duração | elegibilidade territorial | produção/conclusão | estreia | exibição online | pessoa autorizada a inscrever | taxas | abertura | encerramento | realização | relevância","Política oficial de elegibilidade integralmente lida."
"edição","festival-sxsw-research-2027","festival-sxsw","festival-sxsw-source-4","SXSW — Runtimes","https://support.sxsw.com/hc/en-us/articles/206421145-What-are-the-runtimes-for-all-submission-categories","oficial","edição 2027","Página ou regulamento consultado","confirmado na edição atual","confirmado","2026-10-04","2026-10-04","localização | atividade | categorias | duração | elegibilidade territorial | produção/conclusão | estreia | exibição online | pessoa autorizada a inscrever | taxas | abertura | encerramento | realização | relevância","FAQ oficial de durações lida; preservado conflito com os formulários atuais."
"edição","festival-gent-research-2026","festival-gent","festival-gent-source-1","Film Fest Gent 2026 — Submit a Film","https://www.filmfestival.be/en/press-industry/film-indienen","oficial","53ª edição / 2026","Página ou regulamento consultado","confirmado na edição atual","confirmado","2026-10-04","2026-10-04","localização | atividade | categorias | duração | elegibilidade territorial | produção/conclusão | estreia | exibição online | pessoa autorizada a inscrever | taxas | abertura | encerramento | realização | relevância","Página oficial de prazos e taxas integralmente lida."
"edição","festival-gent-research-2026","festival-gent","festival-gent-source-2","Film Fest Gent 2026 — General Rules","https://www.filmfestival.be/volumes/general/PDFs/01.-General-rules-2026.pdf?v=1767609765","oficial","53ª edição / 2026","Página ou regulamento consultado","confirmado na edição atual","confirmado","2026-10-04","2026-10-04","localização | atividade | categorias | duração | elegibilidade territorial | produção/conclusão | estreia | exibição online | pessoa autorizada a inscrever | taxas | abertura | encerramento | realização | relevância","PDF oficial integralmente lido; contém ordinal residual no cabeçalho."
"edição","festival-gent-research-2026","festival-gent","festival-gent-source-3","Film Fest Gent 2026 — International Shorts","https://www.filmfestival.be/volumes/general/PDFs/02.-Competition-International-shorts-2026.pdf?v=1767609766","oficial","53ª edição / 2026","Página ou regulamento consultado","confirmado na edição atual","confirmado","2026-10-04","2026-10-04","localização | atividade | categorias | duração | elegibilidade territorial | produção/conclusão | estreia | exibição online | pessoa autorizada a inscrever | taxas | abertura | encerramento | realização | relevância","PDF oficial integralmente lido."
"edição","festival-leuven-research-2026","festival-leuven","festival-leuven-source-1","Leuven International Short Film Festival 2026 — FilmFreeway","https://filmfreeway.com/LeuvenInternationalShortFilmFestival","plataforma de inscrição","edição 2026","Página ou regulamento consultado","confirmado na edição atual","confirmado","2026-10-04","2026-10-04","localização | atividade | categorias | duração | elegibilidade territorial | produção/conclusão | estreia | exibição online | pessoa autorizada a inscrever | taxas | abertura | encerramento | realização | relevância","Página oficial de regras, categorias, prazos e taxas integralmente lida."
"edição","festival-leuven-research-2026","festival-leuven","festival-leuven-source-2","Leuven Shorts 2026 — site oficial","https://www.kortfilmfestival.be/en/homepage/","oficial","edição 2026","Página ou regulamento consultado","confirmado na edição atual","confirmado","2026-10-04","2026-10-04","localização | atividade | categorias | duração | elegibilidade territorial | produção/conclusão | estreia | exibição online | pessoa autorizada a inscrever | taxas | abertura | encerramento | realização | relevância","Site oficial confirmou identidade e realização."
"edição","festival-courtsdevant-research-2026","festival-courtsdevant","festival-courtsdevant-source-1","Paris Courts Devant — règlement appel à films","https://www.courtsdevant.com/2025/05/06/reglement-appel-a-films-2025/","oficial","20ª edição / 2026","Página ou regulamento consultado","confirmado na edição atual","parcial","2026-10-04","2026-10-04","localização | atividade | categorias | duração | elegibilidade territorial | produção/conclusão | estreia | exibição online | pessoa autorizada a inscrever | taxas | abertura | encerramento | realização | relevância","Regulamento integralmente lido; cabeçalho diz janeiro de 2025, mas cláusulas operacionais exigem acesso até 17/1/2026."
"edição","festival-courtsdevant-research-2026","festival-courtsdevant","festival-courtsdevant-source-2","Paris Courts Devant 2026 — infos et tarifs","https://www.courtsdevant.com/2026-infos-et-tarifs/","oficial","20ª edição / 2026","Página ou regulamento consultado","confirmado na edição atual","parcial","2026-10-04","2026-10-04","atividade | realização","Página oficial confirma a realização em janeiro de 2026."
"edição","festival-brive-research-2026","festival-brive","festival-brive-source-1","Brive 2026 — règlement de la compétition","https://festivalcinemabrive.fr/wp-content/uploads/2025/06/NEW-Compet_reglement_2026.pdf","oficial","23ª edição / 2026","Página ou regulamento consultado","confirmado na edição atual","confirmado","2026-10-04","2026-10-04","localização | atividade | categorias | duração | elegibilidade territorial | produção/conclusão | estreia | exibição online | pessoa autorizada a inscrever | taxas | abertura | encerramento | realização | relevância","PDF oficial multilíngue de nove páginas integralmente lido; divergência de taxa entre versões registrada."
"edição","festival-beldocs-research-2027","festival-beldocs","festival-beldocs-source-1","Beldocs 2027 — Submit","https://www.beldocs.rs/en/festival-en/submit/","oficial","20ª edição / 2027","Página ou regulamento consultado","confirmado na edição atual","confirmado","2026-10-04","2026-10-04","localização | atividade | categorias | duração | elegibilidade territorial | produção/conclusão | estreia | exibição online | pessoa autorizada a inscrever | taxas | abertura | encerramento | realização | relevância","Página oficial de categorias e chamada integralmente lida."
"edição","festival-beldocs-research-2027","festival-beldocs","festival-beldocs-source-2","Beldocs 2027 — FilmFreeway","https://filmfreeway.com/BeldocsInternationalDocumentaryFilmFestival","plataforma de inscrição","20ª edição / 2027","Página ou regulamento consultado","confirmado na edição atual","confirmado","2026-10-04","2026-10-04","localização | atividade | categorias | duração | elegibilidade territorial | produção/conclusão | estreia | exibição online | pessoa autorizada a inscrever | taxas | abertura | encerramento | realização | relevância","Regras, datas e taxas oficiais integralmente lidas."
"edição","festival-docudays-research-2026","festival-docudays","festival-docudays-source-1","Docudays UA 2027 — Regulations","https://docudays.ua/eng/regulations/","oficial","24ª edição / 2027","Página ou regulamento consultado","confirmado na edição atual","confirmado","2026-10-04","2026-10-04","localização | atividade | categorias | duração | elegibilidade territorial | produção/conclusão | estreia | exibição online | pessoa autorizada a inscrever | taxas | abertura | encerramento | realização | relevância","Regulamento oficial integralmente lido em 4/10/2026."
"edição","festival-oneworld-research-2027","festival-oneworld","festival-oneworld-source-1","One World 2027 — Film Submission","https://my.oneworld.cz/film-submission/","oficial","29ª edição / 2027","Página ou regulamento consultado","confirmado na edição atual","confirmado","2026-10-04","2026-10-04","localização | atividade | categorias | duração | elegibilidade territorial | produção/conclusão | estreia | exibição online | pessoa autorizada a inscrever | taxas | abertura | encerramento | realização | relevância","Página oficial de regras, prazos e taxas integralmente lida."
"edição","festival-valdivia-research-2026","festival-valdivia","festival-valdivia-source-1","FICValdivia 2026 — convocatoria","https://ficvaldivia.cl/33-ficvaldivia-abre-su-convocatoria-2026-y-anuncia-an-incomplete-calendar-como-su-film-de-apertura/","oficial","33ª edição / 2026","Página ou regulamento consultado","confirmado na edição atual","parcial","2026-10-04","2026-10-04","localização | atividade | categorias | duração | elegibilidade territorial | produção/conclusão | estreia | exibição online | pessoa autorizada a inscrever | taxas | abertura | encerramento | realização | relevância","Comunicado oficial integralmente lido; contém data residual de 2025 em um parágrafo, enquanto site e demais trechos confirmam 2026."
"edição","festival-guadalajara-research-2027","festival-guadalajara","festival-guadalajara-source-1","FICG 42 — Reglamento para participantes","https://ficg.mx/reglamento-ficg/","oficial","42ª edição / 2027","Página ou regulamento consultado","confirmado na edição atual","confirmado","2026-10-04","2026-10-04","localização | atividade | categorias | duração | elegibilidade territorial | produção/conclusão | estreia | exibição online | pessoa autorizada a inscrever | taxas | abertura | encerramento | realização | relevância","Regulamento oficial integralmente lido."
"edição","festival-guadalajara-research-2027","festival-guadalajara","festival-guadalajara-source-2","FICG 42 — Convocatoria","https://ficg.mx/convocatoria-ficg-42/","oficial","42ª edição / 2027","Página ou regulamento consultado","confirmado na edição atual","confirmado","2026-10-04","2026-10-04","localização | atividade | categorias | duração | elegibilidade territorial | produção/conclusão | estreia | exibição online | pessoa autorizada a inscrever | taxas | abertura | encerramento | realização | relevância","Página oficial de categorias, prazos e taxas integralmente lida."
"edição","festival-morelia-research-2026","festival-morelia","festival-morelia-source-1","Morelia 2026 — Convocatoria Selección Oficial","https://moreliafilmfest.com/en/node/103863","oficial","24ª edição / 2026","Página ou regulamento consultado","confirmado na edição atual","confirmado","2026-10-04","2026-10-04","localização | atividade | categorias | duração | elegibilidade territorial | produção/conclusão | estreia | exibição online | pessoa autorizada a inscrever | taxas | abertura | encerramento | realização | relevância","Convocatória oficial e regulamento incorporado integralmente lidos."
"edição","festival-guanajuato-research-2026","festival-guanajuato","festival-guanajuato-source-1","GIFF 2026 — site oficial","https://giff.mx/","oficial","29ª edição / 2026","Página ou regulamento consultado","confirmado na edição atual","parcial","2026-10-04","2026-10-04","localização | atividade | realização | relevância","Site e edição atual consultados; regulamento/chamada de filmes não foram localizados integralmente."
"edição","festival-ambulante-research-2026","festival-ambulante","festival-ambulante-source-1","Ambulante 2026 — site oficial","https://ambulante.org/","oficial","edição 2026","Página ou regulamento consultado","confirmado na edição atual","parcial","2026-10-04","2026-10-04","atividade | localização | realização | relevância","Programação e continuidade consultadas; nenhuma chamada pública de filmes foi localizada."
"edição","festival-ficunam-research-2026","festival-ficunam","festival-ficunam-source-1","FICUNAM 16 — Convocatorias","https://ficunam.unam.mx/convocatorias-ficunam-16/","oficial","16ª edição / 2026","Página ou regulamento consultado","confirmado na edição atual","parcial","2026-10-04","2026-10-04","localização | atividade | categorias | duração | elegibilidade territorial | produção/conclusão | estreia | exibição online | pessoa autorizada a inscrever | taxas | abertura | encerramento | realização | relevância","Página oficial de categorias e edição integralmente lida; regulamentos próprios de cada seção não foram todos recuperados."
"edição","festival-bafici-research-2026","festival-bafici","festival-bafici-source-1","BAFICI 2027 — convocatoria abierta","https://bafici.org/","oficial","28ª edição / 2027","Página ou regulamento consultado","confirmado na edição atual","parcial","2026-10-04","2026-10-04","localização | atividade | categorias | duração | elegibilidade territorial | produção/conclusão | estreia | exibição online | pessoa autorizada a inscrever | taxas | abertura | encerramento | realização | relevância","Site oficial confirma 28ª edição e realização; link do regulamento 2027 não foi recuperado integralmente."
"edição","festival-lima-research-2026","festival-lima","festival-lima-source-1","Festival de Lima 2026 — convocatoria largometrajes","https://festivaldelima.com/2025/convocatorialargometrajes.htm","oficial","30ª edição / 2026","Página ou regulamento consultado","confirmado na edição atual","parcial","2026-10-04","2026-10-04","localização | atividade | categorias | duração | elegibilidade territorial | produção/conclusão | estreia | exibição online | pessoa autorizada a inscrever | taxas | abertura | encerramento | realização | relevância","Página oficial da convocatória de longas lida; URL residual /2025 e demais bases não recuperadas integralmente."
"edição","festival-vina-research-2026","festival-vina","festival-vina-source-1","FICViña 2026 — convocatoria 38ª edición","https://cinevina.cl/ficvina-2026-abre-convocatoria-para-su-38-edicion-rumbo-a-sus-60-anos-como-primer-festival-latinoamericano/","oficial","38ª edição / 2026","Página ou regulamento consultado","confirmado na edição atual","parcial","2026-10-04","2026-10-04","localização | atividade | categorias | duração | elegibilidade territorial | produção/conclusão | estreia | exibição online | pessoa autorizada a inscrever | taxas | abertura | encerramento | realização | relevância","Comunicado oficial atual localizado; bases integrais não recuperadas pelo índice."
"edição","festival-cartagena-research-2026","festival-cartagena","festival-cartagena-source-1","FICCI 66 — convocatoria oficial","https://www.ficcifestival.com/articulos/ficci-66-abre-su-convocatoria-oficial-para-peliculas-de-colombia-iberoamerica-y-el-mundo","oficial","66ª edição / 2027","Página ou regulamento consultado","confirmado na edição atual","parcial","2026-10-04","2026-10-04","localização | atividade | categorias | duração | elegibilidade territorial | produção/conclusão | estreia | exibição online | pessoa autorizada a inscrever | taxas | abertura | encerramento | realização | relevância","Comunicado oficial integralmente lido; regulamento e tabela de taxas por seção não foram recuperados."
"edição","festival-habana-research-2025","festival-habana","festival-habana-source-1","Festival de La Habana 2025 — convocatoria","https://www.imcine.gob.mx/media/2025/7/la_habana_2025.pdf","fonte secundária","46ª edição / 2025","Página ou regulamento consultado","confirmado em edição anterior","parcial","2026-10-04","2026-10-04","localização | atividade | categorias | duração | elegibilidade territorial | produção/conclusão | estreia | exibição online | pessoa autorizada a inscrever | taxas | abertura | encerramento | realização | relevância","Último regulamento localizado; nenhuma convocatória 2026 foi recuperada até 4/10/2026."
"edição","festival-mardelplata-research-2026","festival-mardelplata","festival-mardelplata-source-1","Mar del Plata 2026 — Reglamento","https://mardelplatafilmfest.com/41/es/reglamento/","oficial","41ª edição / 2026","Página ou regulamento consultado","confirmado na edição atual","confirmado","2026-10-04","2026-10-04","localização | atividade | categorias | duração | elegibilidade territorial | produção/conclusão | estreia | exibição online | pessoa autorizada a inscrever | taxas | abertura | encerramento | realização | relevância","Regulamento oficial integralmente lido."
"edição","festival-mardelplata-research-2026","festival-mardelplata","festival-mardelplata-source-2","Mar del Plata 2026 — Inscripciones","https://mardelplatafilmfest.com/41/es/inscripciones/","oficial","41ª edição / 2026","Página ou regulamento consultado","confirmado na edição atual","confirmado","2026-10-04","2026-10-04","localização | atividade | categorias | duração | elegibilidade territorial | produção/conclusão | estreia | exibição online | pessoa autorizada a inscrever | taxas | abertura | encerramento | realização | relevância","Página oficial confirma prorrogação para 15/7/2026."
"edição","festival-docsmx-research-2026","festival-docsmx","festival-docsmx-source-1","DocsMX 2026 — site oficial","https://www.docsmx.org/","oficial","21ª edição / 2026","Página ou regulamento consultado","confirmado na edição atual","parcial","2026-10-04","2026-10-04","atividade | localização | realização | relevância","Edição e programação atuais consultadas; regulamento de submissão não recuperado."
"edição","festival-cali-research-2026","festival-cali","festival-cali-source-1","FICCALI 2026 — anúncio oficial","https://ficcali.com/ficcali-presenta-la-imagen-oficial-de-su-xviii-edicion-cine-para-encontrarnos/","oficial","18ª edição / 2026","Página ou regulamento consultado","confirmado na edição atual","parcial","2026-10-04","2026-10-04","atividade | localização | realização | relevância","Anúncio e programação atuais lidos; chamada pública não localizada."
"edição","festival-fest-research-2027","festival-fest","festival-fest-source-1","FEST 2027 — Rules and Regulations","https://site.fest.pt/en/submissions/film-submissions/rules-and-regulations/","oficial","23ª edição / 2027","Página ou regulamento consultado","confirmado na edição atual","confirmado","2026-10-04","2026-10-04","localização | atividade | categorias | duração | elegibilidade territorial | produção/conclusão | estreia | exibição online | pessoa autorizada a inscrever | taxas | abertura | encerramento | realização | relevância","Regulamento oficial integralmente lido."
"edição","festival-doccoimbra-research-2026","festival-doccoimbra","festival-doccoimbra-source-1","DOC.Coimbra 2026 — site oficial","https://doccoimbra.com/","oficial","edição 2026","Página ou regulamento consultado","confirmado na edição atual","parcial","2026-10-04","2026-10-04","atividade | localização | realização | relevância","Site oficial atual consultado; regulamento e chamada integral não foram recuperados."
"edição","festival-curtocircuito-research-2026","festival-curtocircuito","festival-curtocircuito-source-1","Curtocircuíto 2026 — site oficial","https://curtocircuito.org/","oficial","edição 2026","Página ou regulamento consultado","confirmado na edição atual","parcial","2026-10-04","2026-10-04","atividade | localização | realização | relevância","Site oficial atual consultado; regulamento e chamada integral não foram recuperados."
"edição","festival-filmadrid-research-2026","festival-filmadrid","festival-filmadrid-source-1","FILMADRID 2026 — site oficial","https://filmadrid.com/en/","oficial","edição 2026","Página ou regulamento consultado","confirmado na edição atual","parcial","2026-10-04","2026-10-04","atividade | localização | realização | relevância","Site oficial atual consultado; regulamento e chamada integral não foram recuperados."
"edição","festival-seminci-research-2026","festival-seminci","festival-seminci-source-1","SEMINCI 2026 — Regulations","https://www.seminci.com/wp-content/uploads/2026/04/71S-REGULATIONS_2026.pdf","oficial","71ª edição / 2026","Página ou regulamento consultado","confirmado na edição atual","confirmado","2026-10-04","2026-10-04","localização | atividade | categorias | duração | elegibilidade territorial | produção/conclusão | estreia | exibição online | pessoa autorizada a inscrever | taxas | abertura | encerramento | realização | relevância","Regulamento oficial de 11 páginas integralmente consultado."
"edição","festival-seminci-research-2026","festival-seminci","festival-seminci-source-2","SEMINCI 2026 — inscrição","https://www.seminci.com/reglamento/","oficial","71ª edição / 2026","Página ou regulamento consultado","confirmado na edição atual","confirmado","2026-10-04","2026-10-04","localização | atividade | categorias | duração | elegibilidade territorial | produção/conclusão | estreia | exibição online | pessoa autorizada a inscrever | taxas | abertura | encerramento | realização | relevância","Página oficial confirma Eventival e prazo final."
"edição","festival-zinebi-research-2026","festival-zinebi","festival-zinebi-source-1","ZINEBI 68 — Regulations","https://zinebi.eus/assets/media/Z68-SFIC-Regulations-ENG.pdf","oficial","68ª edição / 2026","Página ou regulamento consultado","confirmado na edição atual","confirmado","2026-10-04","2026-10-04","localização | atividade | categorias | duração | elegibilidade territorial | produção/conclusão | estreia | exibição online | pessoa autorizada a inscrever | taxas | abertura | encerramento | realização | relevância","Regulamento oficial de 10 páginas integralmente consultado; conserva um erro residual '67th' na cláusula 38."
"edição","festival-zinebi-research-2026","festival-zinebi","festival-zinebi-source-2","ZINEBI 68 — chamada oficial","https://zinebi.eus/en/","oficial","68ª edição / 2026","Página ou regulamento consultado","confirmado na edição atual","confirmado","2026-10-04","2026-10-04","localização | atividade | categorias | duração | elegibilidade territorial | produção/conclusão | estreia | exibição online | pessoa autorizada a inscrever | taxas | abertura | encerramento | realização | relevância","Página oficial confirma datas, perfil e prioridade de estreia."
"edição","festival-puntovista-research-2027","festival-puntovista","festival-puntovista-source-1","Punto de Vista 2027 — Sección Oficial","https://puntodevistafestival.com/es/edicion-2027/seccion-oficial","oficial","21ª edição / 2027","Página ou regulamento consultado","confirmado na edição atual","confirmado","2026-10-04","2026-10-04","localização | atividade | categorias | duração | elegibilidade territorial | produção/conclusão | estreia | exibição online | pessoa autorizada a inscrever | taxas | abertura | encerramento | realização | relevância","Página oficial e bases completas vinculadas consultadas."
"edição","festival-puntovista-research-2027","festival-puntovista","festival-puntovista-source-2","Punto de Vista 2027 — call for entries","https://puntodevistafestival.com/en/news/2026/call-for-entries-punto-de-vista-2027","oficial","21ª edição / 2027","Página ou regulamento consultado","confirmado na edição atual","confirmado","2026-10-04","2026-10-04","localização | atividade | categorias | duração | elegibilidade territorial | produção/conclusão | estreia | exibição online | pessoa autorizada a inscrever | taxas | abertura | encerramento | realização | relevância","Comunicado oficial confirma abertura, taxa e prazo."
"edição","festival-documentamadrid-research-2026","festival-documentamadrid","festival-documentamadrid-source-1","Documenta Madrid 2026 — bases","https://www.documentamadrid.com/download-bases","oficial","23ª edição / 2026","Página ou regulamento consultado","confirmado na edição atual","confirmado","2026-10-04","2026-10-04","localização | atividade | categorias | duração | elegibilidade territorial | produção/conclusão | estreia | exibição online | pessoa autorizada a inscrever | taxas | abertura | encerramento | realização | relevância","Regulamento oficial de 9 páginas integralmente consultado; fixa 16/2 como prazo."
"edição","festival-documentamadrid-research-2026","festival-documentamadrid","festival-documentamadrid-source-2","Documenta Madrid 2026 — chamada","https://www.documentamadrid.com/actualidad/abierta-la-convocatoria-de-peliculas-competicion-para-documenta-madrid-2026","oficial","23ª edição / 2026","Página ou regulamento consultado","confirmado na edição atual","parcial","2026-10-04","2026-10-04","localização | atividade | categorias | duração | elegibilidade territorial | produção/conclusão | estreia | exibição online | pessoa autorizada a inscrever | taxas | abertura | encerramento | realização | relevância","Página oficial da chamada diz 20/2, em conflito com o PDF normativo."
"edição","festival-malaga-research-2027","festival-malaga","festival-malaga-source-1","Festival de Málaga 30 — bases","https://festivaldemalaga.com/Content/source/pdf/documentos/080e2b5eb0c7722729ffb0814e8b8b70.pdf","oficial","30ª edição / 2027","Página ou regulamento consultado","confirmado na edição atual","confirmado","2026-10-04","2026-10-04","localização | atividade | categorias | duração | elegibilidade territorial | produção/conclusão | estreia | exibição online | pessoa autorizada a inscrever | taxas | abertura | encerramento | realização | relevância","Regulamento oficial de 11 páginas integralmente consultado."
"edição","festival-malaga-research-2027","festival-malaga","festival-malaga-source-2","Festival de Málaga 2027 — abertura","https://festivaldemalaga.com/actualidad/ver-noticia/?id=2823","oficial","30ª edição / 2027","Página ou regulamento consultado","confirmado na edição atual","confirmado","2026-10-04","2026-10-04","localização | atividade | categorias | duração | elegibilidade territorial | produção/conclusão | estreia | exibição online | pessoa autorizada a inscrever | taxas | abertura | encerramento | realização | relevância","Comunicado oficial confirma abertura e calendário."
"edição","festival-alternativa-research-2026","festival-alternativa","festival-alternativa-source-1","L'Alternativa 2026 — Festival Regulations","https://alternativa.cccb.org/2026/en/festival/information/festival-regulations","oficial","33ª edição / 2026","Página ou regulamento consultado","confirmado na edição atual","confirmado","2026-10-04","2026-10-04","localização | atividade | categorias | duração | elegibilidade territorial | produção/conclusão | estreia | exibição online | pessoa autorizada a inscrever | taxas | abertura | encerramento | realização | relevância","Regulamento oficial integralmente consultado."
"edição","festival-alternativa-research-2026","festival-alternativa","festival-alternativa-source-2","L'Alternativa 2026 — Film Submissions","https://alternativa.cccb.org/2026/en/film-submissions","oficial","33ª edição / 2026","Página ou regulamento consultado","confirmado na edição atual","confirmado","2026-10-04","2026-10-04","localização | atividade | categorias | duração | elegibilidade territorial | produção/conclusão | estreia | exibição online | pessoa autorizada a inscrever | taxas | abertura | encerramento | realização | relevância","Formulário oficial consultado."
"edição","festival-playdoc-research-2027","festival-playdoc","festival-playdoc-source-1","Play-Doc 2027 — bases","https://www.play-doc.com/bases-de-participacion/","oficial","23ª edição / 2027","Página ou regulamento consultado","confirmado na edição atual","confirmado","2026-10-04","2026-10-04","localização | atividade | categorias | duração | elegibilidade territorial | produção/conclusão | estreia | exibição online | pessoa autorizada a inscrever | taxas | abertura | encerramento | realização | relevância","Bases oficiais integralmente consultadas."
"edição","festival-playdoc-research-2027","festival-playdoc","festival-playdoc-source-2","Play-Doc 2027 — formulário","https://www.play-doc.com/convocatoria/","oficial","23ª edição / 2027","Página ou regulamento consultado","confirmado na edição atual","confirmado","2026-10-04","2026-10-04","localização | atividade | categorias | duração | elegibilidade territorial | produção/conclusão | estreia | exibição online | pessoa autorizada a inscrever | taxas | abertura | encerramento | realização | relevância","Página de inscrição e formulário consultados."
"edição","festival-ficx-research-2026","festival-ficx","festival-ficx-source-1","FICX 2026 — convocatorias","https://ficx.tv/convocatorias-2026/","oficial","64ª edição / 2026","Página ou regulamento consultado","confirmado na edição atual","parcial","2026-10-04","2026-10-04","atividade | localização | realização | categorias | relevância","Página oficial atual consultada; lista chamadas de júri e indústria, mas não uma chamada pública de filmes."
"edição","festival-slamdance-research-2027","festival-slamdance","festival-slamdance-source-1","Slamdance 2027 — Festival Submit","https://slamdance.com/festival-submit/","oficial","edição 2027","Página ou regulamento consultado","confirmado na edição atual","confirmado","2026-10-04","2026-10-04","localização | atividade | categorias | duração | elegibilidade territorial | produção/conclusão | estreia | exibição online | pessoa autorizada a inscrever | taxas | abertura | encerramento | realização | relevância","Página oficial de regras, categorias, prazos e taxas integralmente consultada."
"edição","festival-siff-research-2026","festival-siff","festival-siff-source-1","SIFF 2027 — Call for Entries","https://www.siff.net/media/news/pr-festival-2027-call-for-entries","oficial","53ª edição / 2027","Página ou regulamento consultado","confirmado na edição atual","confirmado","2026-10-04","2026-10-04","localização | atividade | categorias | duração | elegibilidade territorial | produção/conclusão | estreia | exibição online | pessoa autorizada a inscrever | taxas | abertura | encerramento | realização | relevância","Comunicado oficial atual consultado."
"edição","festival-siff-research-2026","festival-siff","festival-siff-source-2","SIFF 2027 — FilmFreeway","https://filmfreeway.com/SIFF","plataforma de inscrição","53ª edição / 2027","Página ou regulamento consultado","confirmado na edição atual","confirmado","2026-10-04","2026-10-04","localização | atividade | categorias | duração | elegibilidade territorial | produção/conclusão | estreia | exibição online | pessoa autorizada a inscrever | taxas | abertura | encerramento | realização | relevância","Regras, categorias, taxas e prazos atuais integralmente consultados."
"edição","festival-sffilm-research-2027","festival-sffilm","festival-sffilm-source-1","SFFILM 2027 — FAQ","https://sffilm.org/yr-faq/","oficial","70ª edição / 2027","Página ou regulamento consultado","confirmado na edição atual","confirmado","2026-10-04","2026-10-04","localização | atividade | categorias | duração | elegibilidade territorial | produção/conclusão | estreia | exibição online | pessoa autorizada a inscrever | taxas | abertura | encerramento | realização | relevância","FAQ oficial confirma 70ª edição, datas e chamada aberta."
"edição","festival-sffilm-research-2027","festival-sffilm","festival-sffilm-source-2","SFFILM 2027 — FilmFreeway","https://filmfreeway.com/SFFILMFestival","plataforma de inscrição","70ª edição / 2027","Página ou regulamento consultado","confirmado na edição atual","confirmado","2026-10-04","2026-10-04","localização | atividade | categorias | duração | elegibilidade territorial | produção/conclusão | estreia | exibição online | pessoa autorizada a inscrever | taxas | abertura | encerramento | realização | relevância","Prazos, categorias e taxas atuais consultados."
"edição","festival-sffilm-research-2027","festival-sffilm","festival-sffilm-source-3","SFFILM — Entry Info","https://sffilm.org/entry-info/","oficial","70ª edição / 2027","Página ou regulamento consultado","confirmado na edição atual","parcial","2026-10-04","2026-10-04","localização | atividade | categorias | duração | elegibilidade territorial | produção/conclusão | estreia | exibição online | pessoa autorizada a inscrever | taxas | abertura | encerramento | realização | relevância","Página oficial ainda exibe regras e datas da 69ª/2026; usada somente para documentar a defasagem, não para promover regras como 2027."
"edição","festival-frameline-research-2026","festival-frameline","festival-frameline-source-1","Frameline51 — festival","https://www.frameline.org/festival","oficial","51ª edição / 2027","Página ou regulamento consultado","confirmado na edição atual","parcial","2026-10-04","2026-10-04","localização | atividade | categorias | duração | elegibilidade territorial | produção/conclusão | estreia | exibição online | pessoa autorizada a inscrever | taxas | abertura | encerramento | realização | relevância","Página oficial confirma evento, cidades e calendário futuro; chamada abrirá em 21/10/2026, após a data desta pesquisa."
"edição","festival-newfest-research-2026","festival-newfest","festival-newfest-source-1","NewFest38 — FilmFreeway","https://filmfreeway.com/NewFest","plataforma de inscrição","38ª edição / 2026","Página ou regulamento consultado","confirmado na edição atual","confirmado","2026-10-04","2026-10-04","localização | atividade | categorias | duração | elegibilidade territorial | produção/conclusão | estreia | exibição online | pessoa autorizada a inscrever | taxas | abertura | encerramento | realização | relevância","Regras, categorias, prazos e taxas da edição atual consultados."
"edição","festival-newfest-research-2026","festival-newfest","festival-newfest-source-2","NewFest38 — página oficial","https://newfest.org/festival-2026/","oficial","38ª edição / 2026","Página ou regulamento consultado","confirmado na edição atual","confirmado","2026-10-04","2026-10-04","localização | atividade | categorias | duração | elegibilidade territorial | produção/conclusão | estreia | exibição online | pessoa autorizada a inscrever | taxas | abertura | encerramento | realização | relevância","Página oficial confirma edição, datas e formato híbrido."
"edição","festival-insideout-research-2026","festival-insideout","festival-insideout-source-1","Inside Out 2027 — Submissions","https://insideout.ca/home/submissions/","oficial","37ª edição / 2027","Página ou regulamento consultado","confirmado na edição atual","confirmado","2026-10-04","2026-10-04","localização | atividade | categorias | duração | elegibilidade territorial | produção/conclusão | estreia | exibição online | pessoa autorizada a inscrever | taxas | abertura | encerramento | realização | relevância","Página oficial de regras e prazos integralmente consultada."
"edição","festival-insideout-research-2026","festival-insideout","festival-insideout-source-2","Inside Out 2027 — FilmFreeway","https://filmfreeway.com/InsideOut2SLGBTQ","plataforma de inscrição","37ª edição / 2027","Página ou regulamento consultado","confirmado na edição atual","confirmado","2026-10-04","2026-10-04","localização | atividade | categorias | duração | elegibilidade territorial | produção/conclusão | estreia | exibição online | pessoa autorizada a inscrever | taxas | abertura | encerramento | realização | relevância","Categorias e taxas atuais consultadas."
"edição","festival-bfiflare-research-2026","festival-bfiflare","festival-bfiflare-source-1","BFI Flare 2026 — balanço oficial","https://www.bfi.org.uk/news/40th-edition-bfi-flare-london-lgbtqia-film-festival-wraps","oficial","40ª edição / 2026","Página ou regulamento consultado","confirmado em edição anterior","parcial","2026-10-04","2026-10-04","atividade | localização | realização | categorias | relevância","Última edição documental localizada; nenhuma chamada ou data 2027 foi publicada até 4/10/2026."
"edição","festival-nashville-research-2026","festival-nashville","festival-nashville-source-1","Nashville Film Festival 2026 — entries","https://nashvillefilmfestival.org/2026-festival-entries/","oficial","57ª edição / 2026","Página ou regulamento consultado","confirmado em edição anterior","confirmado","2026-10-04","2026-10-04","localização | atividade | categorias | duração | elegibilidade territorial | produção/conclusão | estreia | exibição online | pessoa autorizada a inscrever | taxas | abertura | encerramento | realização | relevância","Última chamada oficial localizada; nenhuma inscrição 2027 foi publicada até 4/10/2026."
"edição","festival-nashville-research-2026","festival-nashville","festival-nashville-source-2","NashFilm 2026 — FilmFreeway","https://filmfreeway.com/NashFilm","plataforma de inscrição","57ª edição / 2026","Página ou regulamento consultado","confirmado em edição anterior","confirmado","2026-10-04","2026-10-04","localização | atividade | categorias | duração | elegibilidade territorial | produção/conclusão | estreia | exibição online | pessoa autorizada a inscrever | taxas | abertura | encerramento | realização | relevância","Regras, taxas e categorias da última edição consultadas."
"edição","festival-bogoshorts-research-2026","festival-bogoshorts","festival-bogoshorts-source-1","BOGOSHORTS 24 — Reglamento","https://info.bogoshorts.com/sccs/prensa/2026/docs_2026/Reglamento_24BS_ESP.pdf","oficial","24ª edição / 2026","Página ou regulamento consultado","confirmado na edição atual","confirmado","2026-10-04","2026-10-04","localização | atividade | categorias | duração | elegibilidade territorial | produção/conclusão | estreia | exibição online | pessoa autorizada a inscrever | taxas | abertura | encerramento | realização | relevância","Regulamento oficial de 10 páginas integralmente consultado."
"edição","festival-bogoshorts-research-2026","festival-bogoshorts","festival-bogoshorts-source-2","BOGOSHORTS 2026 — convocatoria","https://info.bogoshorts.com/sccs/prensa/2026/24bsff/002_conv_24bsff_10bfm.html","oficial","24ª edição / 2026","Página ou regulamento consultado","confirmado na edição atual","confirmado","2026-10-04","2026-10-04","localização | atividade | categorias | duração | elegibilidade territorial | produção/conclusão | estreia | exibição online | pessoa autorizada a inscrever | taxas | abertura | encerramento | realização | relevância","Comunicado oficial confirma abertura, encerramento, estreia e categorias."
"edição","festival-blackqueer-research-2026","festival-blackqueer","festival-blackqueer-source-1","Black Queer Festival 2026 — site oficial","https://www.blackqueerfestival.com/","oficial","2ª edição / 2026","Página ou regulamento consultado","confirmado na edição atual","confirmado","2026-10-04","2026-10-04","localização | atividade | categorias | duração | elegibilidade territorial | produção/conclusão | estreia | exibição online | pessoa autorizada a inscrever | taxas | abertura | encerramento | realização | relevância","Confirma cidades, espaços e período geral."
"edição","festival-blackqueer-research-2026","festival-blackqueer","festival-blackqueer-source-2","Black Queer Festival — regras, lotes e taxas","https://filmfreeway.com/BlackQueerFestival","plataforma de inscrição","2ª edição / 2026","Página ou regulamento consultado","confirmado na edição atual","confirmado","2026-10-04","2026-10-04","localização | atividade | categorias | duração | elegibilidade territorial | produção/conclusão | estreia | exibição online | pessoa autorizada a inscrever | taxas | abertura | encerramento | realização | relevância","Regras integralmente lidas; o corpo e os campos da plataforma contêm conflitos de edição, ano e prazo."
"edição","festival-macacucine-research-2026","festival-macacucine","festival-macacucine-source-1","18º MacacuCine — inscrições","https://www.macacucine.com.br/inscricao","oficial","18ª edição / 2026","Página ou regulamento consultado","confirmado na edição atual","confirmado","2026-10-04","2026-10-04","localização | atividade | categorias | duração | elegibilidade territorial | produção/conclusão | estreia | exibição online | pessoa autorizada a inscrever | taxas | abertura | encerramento | realização | relevância","Página oficial com os seis regulamentos atuais."
"edição","festival-macacucine-research-2026","festival-macacucine","festival-macacucine-source-2","Regulamento Mostra Livre 2026","https://drive.google.com/file/d/18tTUm3WhQlPOVOYYdt-Cck-jwK2OdrgL/view","oficial","18ª edição / 2026","Página ou regulamento consultado","confirmado na edição atual","confirmado","2026-10-04","2026-10-04","localização | atividade | categorias | duração | elegibilidade territorial | produção/conclusão | estreia | exibição online | pessoa autorizada a inscrever | taxas | abertura | encerramento | realização | relevância","PDF oficial integralmente lido."
"edição","festival-macacucine-research-2026","festival-macacucine","festival-macacucine-source-3","Regulamento Curtas Escolares Brasil 2026","https://drive.google.com/file/d/1exE8qNeoe5RThkSleqWP80WLs7gg90Om/view","oficial","18ª edição / 2026","Página ou regulamento consultado","confirmado na edição atual","confirmado","2026-10-04","2026-10-04","localização | atividade | categorias | duração | elegibilidade territorial | produção/conclusão | estreia | exibição online | pessoa autorizada a inscrever | taxas | abertura | encerramento | realização | relevância","PDF oficial integralmente lido."
"edição","festival-macacucine-research-2026","festival-macacucine","festival-macacucine-source-4","Regulamento Curtas Universitários Brasil 2026","https://drive.google.com/file/d/1GrQ8MYIwevBi84lpF2QMBQOELT__OWB2/view","oficial","18ª edição / 2026","Página ou regulamento consultado","confirmado na edição atual","confirmado","2026-10-04","2026-10-04","localização | atividade | categorias | duração | elegibilidade territorial | produção/conclusão | estreia | exibição online | pessoa autorizada a inscrever | taxas | abertura | encerramento | realização | relevância","PDF oficial integralmente lido."
"edição","festival-macacucine-research-2026","festival-macacucine","festival-macacucine-source-5","Regulamento Micrometragens 2026","https://drive.google.com/file/d/1ACoCKiYQb0zn9xNys52b8DRgh_af_Cb2/view","oficial","18ª edição / 2026","Página ou regulamento consultado","confirmado na edição atual","confirmado","2026-10-04","2026-10-04","localização | atividade | categorias | duração | elegibilidade territorial | produção/conclusão | estreia | exibição online | pessoa autorizada a inscrever | taxas | abertura | encerramento | realização | relevância","PDF oficial integralmente lido."
"edição","festival-macacucine-research-2026","festival-macacucine","festival-macacucine-source-6","Regulamento Curtas Escolares Internacional 2026","https://drive.google.com/file/d/1oOYzV0dKalFatxRBsFIYTI4hN5tCRnMd/view","oficial","18ª edição / 2026","Página ou regulamento consultado","confirmado na edição atual","confirmado","2026-10-04","2026-10-04","localização | atividade | categorias | duração | elegibilidade territorial | produção/conclusão | estreia | exibição online | pessoa autorizada a inscrever | taxas | abertura | encerramento | realização | relevância","PDF oficial integralmente lido."
"edição","festival-macacucine-research-2026","festival-macacucine","festival-macacucine-source-7","Regulamento Curtas Universitários Internacional 2026","https://drive.google.com/file/d/1W4jnplVNhYJPI3XrIN-b-jgbGQdZueb-/view","oficial","18ª edição / 2026","Página ou regulamento consultado","confirmado na edição atual","confirmado","2026-10-04","2026-10-04","localização | atividade | categorias | duração | elegibilidade territorial | produção/conclusão | estreia | exibição online | pessoa autorizada a inscrever | taxas | abertura | encerramento | realização | relevância","PDF oficial integralmente lido."
"edição","festival-fiacafi-research-2026","festival-fiacafi","festival-fiacafi-source-1","FIACAFI — programação remarcada","https://www.fiacafi.com.br/","oficial","FIACAFI 2026 / realização remarcada para 2027","Página ou regulamento consultado","confirmado na edição atual","confirmado","2026-10-04","2026-10-04","localização | atividade | categorias | duração | elegibilidade territorial | produção/conclusão | estreia | exibição online | pessoa autorizada a inscrever | taxas | abertura | encerramento | realização | relevância","Página oficial remarca a programação para 21–28/3/2027."
"edição","festival-fiacafi-research-2026","festival-fiacafi","festival-fiacafi-source-2","Regulamento Mostra Imagem","https://www.fiacafi.com.br/regulamento-oficial","oficial","FIACAFI 2026 / realização remarcada para 2027","Página ou regulamento consultado","confirmado na edição atual","confirmado","2026-10-04","2026-10-04","localização | atividade | categorias | duração | elegibilidade territorial | produção/conclusão | estreia | exibição online | pessoa autorizada a inscrever | taxas | abertura | encerramento | realização | relevância","Regulamento atual integralmente lido; mantém uma data de premiação residual de 2026."
"edição","festival-fiacafi-research-2026","festival-fiacafi","festival-fiacafi-source-3","Regulamento Mostra Francofonia","https://www.fiacafi.com.br/regulamento","oficial","FIACAFI 2026 / realização remarcada para 2027","Página ou regulamento consultado","confirmado na edição atual","confirmado","2026-10-04","2026-10-04","localização | atividade | categorias | duração | elegibilidade territorial | produção/conclusão | estreia | exibição online | pessoa autorizada a inscrever | taxas | abertura | encerramento | realização | relevância","Regulamento integralmente lido; calendário de agosto/2026 ficou desatualizado após a remarcação geral."
"edição","festival-recanto-research-2026","festival-recanto","festival-recanto-source-1","IFB — 5º Recanto do Cinema","https://www.ifb.edu.br/recantodasemas/48432-5-edicao-do-festival-recanto-do-cinema-audiovisual-na-periferia-edital-2","oficial","5ª edição / 2026 — chamada interna","Página ou regulamento consultado","confirmado na edição atual","confirmado","2026-10-04","2026-10-04","localização | atividade | categorias | duração | elegibilidade territorial | produção/conclusão | estreia | exibição online | pessoa autorizada a inscrever | taxas | abertura | encerramento | realização | relevância","Página oficial da chamada interna."
"edição","festival-recanto-research-2026","festival-recanto","festival-recanto-source-2","Edital interno do 5º Recanto do Cinema","https://www.ifb.edu.br/attachments/article/48432/Edital_interno_RecantodoCinema.pdf","oficial","5ª edição / 2026 — chamada interna","Página ou regulamento consultado","confirmado na edição atual","confirmado","2026-10-04","2026-10-04","localização | atividade | categorias | duração | elegibilidade territorial | produção/conclusão | estreia | exibição online | pessoa autorizada a inscrever | taxas | abertura | encerramento | realização | relevância","PDF oficial integralmente lido."
"edição","festival-sururu-research-2026","festival-sururu","festival-sururu-source-1","17ª Mostra Sururu — site oficial","https://mostrasururu.com.br/","oficial","17ª edição / 2026","Página ou regulamento consultado","confirmado na edição atual","confirmado","2026-10-04","2026-10-04","localização | atividade | categorias | duração | elegibilidade territorial | produção/conclusão | estreia | exibição online | pessoa autorizada a inscrever | taxas | abertura | encerramento | realização | relevância","Confirma edição e chamadas."
"edição","festival-sururu-research-2026","festival-sururu","festival-sururu-source-2","Regulamento de curtas 2026","https://mostrasururu.com.br/wp-content/uploads/2026/09/REGULAMENTO-DA-MOSTRA-DE-CURTA-METRAGENS-2026-final.pdf","oficial","17ª edição / 2026","Página ou regulamento consultado","confirmado na edição atual","confirmado","2026-10-04","2026-10-04","localização | atividade | categorias | duração | elegibilidade territorial | produção/conclusão | estreia | exibição online | pessoa autorizada a inscrever | taxas | abertura | encerramento | realização | relevância","PDF oficial integralmente lido."
"edição","festival-sururu-research-2026","festival-sururu","festival-sururu-source-3","Regulamento de videoclipes 2026","https://mostrasururu.com.br/wp-content/uploads/2026/09/REGULAMENTO-DA-MOSTRA-DE-VIDEOCLIPES-2026-final.pdf","oficial","17ª edição / 2026","Página ou regulamento consultado","confirmado na edição atual","confirmado","2026-10-04","2026-10-04","localização | atividade | categorias | duração | elegibilidade territorial | produção/conclusão | estreia | exibição online | pessoa autorizada a inscrever | taxas | abertura | encerramento | realização | relevância","PDF oficial integralmente lido."
"edição","festival-sururu-research-2026","festival-sururu","festival-sururu-source-4","Mostra Sururu — datas e local","https://revistaalagoana.com/17a-mostra-sururu-de-cinema-alagoano-abre-inscricoes-para-curtas-metragens-e-videoclipes/","fonte secundária","17ª edição / 2026","Página ou regulamento consultado","confirmado na edição atual","confirmado","2026-10-04","2026-10-04","localização | atividade | categorias | duração | elegibilidade territorial | produção/conclusão | estreia | exibição online | pessoa autorizada a inscrever | taxas | abertura | encerramento | realização | relevância","Usada para período e espaço da realização."
"edição","festival-cineop-research-2026","festival-cineop","festival-cineop-source-1","21ª CineOP — site oficial","https://cineop.com.br/","oficial","21ª edição / 2026","Página ou regulamento consultado","confirmado na edição atual","confirmado","2026-10-04","2026-10-04","localização | atividade | categorias | duração | elegibilidade territorial | produção/conclusão | estreia | exibição online | pessoa autorizada a inscrever | taxas | abertura | encerramento | realização | relevância","Página oficial confirma edição, programação, datas e escopo."
"edição","festival-cineop-research-2026","festival-cineop","festival-cineop-source-2","21ª CineOP — inscrições para encontros","https://cineop.com.br/n/21a-cineop-recebe-inscricoes-para-encontro-de-arquivos-e-acervos-audiovisuais-e-encontro-da-educacao/","oficial","21ª edição / 2026","Página ou regulamento consultado","confirmado na edição atual","confirmado","2026-10-04","2026-10-04","localização | atividade | categorias | duração | elegibilidade territorial | produção/conclusão | estreia | exibição online | pessoa autorizada a inscrever | taxas | abertura | encerramento | realização | relevância","A inscrição é de participantes dos encontros, não uma chamada de filmes."
"edição","festival-cineverao-research-2025","festival-cineverao","festival-cineverao-source-1","Cine Verão encerra inscrições da 6ª edição","https://magalzine.substack.com/p/cine-verao-encerra-inscricoes-nesta","fonte secundária","6ª edição / 2025","Página ou regulamento consultado","confirmado em edição anterior","edição anterior","2026-10-04","2026-10-04","localização | atividade | categorias | duração | elegibilidade territorial | produção/conclusão | estreia | exibição online | pessoa autorizada a inscrever | taxas | abertura | encerramento | realização | relevância","Fonte detalha a chamada; site oficial cineverao.art não estava acessível/indexado."
"edição","festival-cineverao-research-2025","festival-cineverao","festival-cineverao-source-2","6º Cine Verão — programação e balanço","https://magalzine.substack.com/p/cine-verao-incentiva-a-profissionalizacao","fonte secundária","6ª edição / 2025","Página ou regulamento consultado","confirmado em edição anterior","edição anterior","2026-10-04","2026-10-04","localização | atividade | categorias | duração | elegibilidade territorial | produção/conclusão | estreia | exibição online | pessoa autorizada a inscrever | taxas | abertura | encerramento | realização | relevância","Confirma realização, local e mais de 600 inscrições."
"edição","festival-mataatlantica-research-2026","festival-mataatlantica","festival-mataatlantica-source-1","Mata Atlântica Film Festival 2026 — chamada oficial","https://filmfreeway.com/mataatlanticafilmfestival","plataforma de inscrição","5ª edição / 2026","Página ou regulamento consultado","confirmado na edição atual","confirmado","2026-10-04","2026-10-04","localização | atividade | categorias | duração | elegibilidade territorial | produção/conclusão | estreia | exibição online | pessoa autorizada a inscrever | taxas | abertura | encerramento | realização | relevância","Página integralmente lida em 4/10/2026."
"chamada","festival-001-edition-2026-1-call-general","festival-001","festival-001-call-source-regulation-2026","Regulamentos e inscrições do 59º Festival de Brasília","https://festcinebrasilia.com.br/inscricoes/","oficial","59ª edição / 2026","Regulamento da seleção e edital do 28º Troféu Câmara Legislativa","confirmado na edição atual","confirmado","2026-10-04","2026-10-04","location | activity | formats | languages | duration | productionYear | countries | regions | pf | pj | premiere | opening | deadlines | eventDates | resubmission","A página reúne duas chamadas distintas. Há um lapso textual que menciona a 58ª edição no passo de inscrição, mas datas, título, contexto e demais itens identificam a 59ª edição de 2026."
"chamada","festival-001-edition-2026-1-call-national-long","festival-001","festival-001-call-source-regulation-2026","Regulamentos e inscrições do 59º Festival de Brasília","https://festcinebrasilia.com.br/inscricoes/","oficial","59ª edição / 2026","Regulamento da seleção e edital do 28º Troféu Câmara Legislativa","confirmado na edição atual","confirmado","2026-10-04","2026-10-04","location | activity | formats | languages | duration | productionYear | countries | regions | pf | pj | premiere | opening | deadlines | eventDates | resubmission","A página reúne duas chamadas distintas. Há um lapso textual que menciona a 58ª edição no passo de inscrição, mas datas, título, contexto e demais itens identificam a 59ª edição de 2026."
"chamada","festival-001-edition-2026-1-call-brasilia-short","festival-001","festival-001-call-source-regulation-2026","Regulamentos e inscrições do 59º Festival de Brasília","https://festcinebrasilia.com.br/inscricoes/","oficial","59ª edição / 2026","Regulamento da seleção e edital do 28º Troféu Câmara Legislativa","confirmado na edição atual","confirmado","2026-10-04","2026-10-04","location | activity | formats | languages | duration | productionYear | countries | regions | pf | pj | premiere | opening | deadlines | eventDates | resubmission","A página reúne duas chamadas distintas. Há um lapso textual que menciona a 58ª edição no passo de inscrição, mas datas, título, contexto e demais itens identificam a 59ª edição de 2026."
"chamada","festival-001-edition-2026-1-call-brasilia-long","festival-001","festival-001-call-source-regulation-2026","Regulamentos e inscrições do 59º Festival de Brasília","https://festcinebrasilia.com.br/inscricoes/","oficial","59ª edição / 2026","Regulamento da seleção e edital do 28º Troféu Câmara Legislativa","confirmado na edição atual","confirmado","2026-10-04","2026-10-04","location | activity | formats | languages | duration | productionYear | countries | regions | pf | pj | premiere | opening | deadlines | eventDates | resubmission","A página reúne duas chamadas distintas. Há um lapso textual que menciona a 58ª edição no passo de inscrição, mas datas, título, contexto e demais itens identificam a 59ª edição de 2026."
"chamada","festival-003-edition-2026-1-call-general","festival-003","festival-003-call-source-regulation-2026","Regulamento do 37º Curta Kinoforum","https://2026.kinoforum.org/sobre-o-festival/regulamento","oficial","37ª edição / 2026","Regulamento integral","confirmado na edição atual","confirmado","2026-10-04","2026-10-04","location | activity | formats | languages | duration | creditsIncluded | productionYear | countries | premiere | online | deadlines | eventDates | resubmission | materials",""
"chamada","festival-003-edition-2026-1-call-international-2026","festival-003","festival-003-call-source-regulation-2026","Regulamento do 37º Curta Kinoforum","https://2026.kinoforum.org/sobre-o-festival/regulamento","oficial","37ª edição / 2026","Regulamento integral","confirmado na edição atual","confirmado","2026-10-04","2026-10-04","location | activity | formats | languages | duration | creditsIncluded | productionYear | countries | premiere | online | deadlines | eventDates | resubmission | materials",""
"chamada","festival-003-edition-2026-1-call-latin-brazil-2026","festival-003","festival-003-call-source-regulation-2026","Regulamento do 37º Curta Kinoforum","https://2026.kinoforum.org/sobre-o-festival/regulamento","oficial","37ª edição / 2026","Regulamento integral","confirmado na edição atual","confirmado","2026-10-04","2026-10-04","location | activity | formats | languages | duration | creditsIncluded | productionYear | countries | premiere | online | deadlines | eventDates | resubmission | materials",""
"chamada","festival-004-edition-2027-1-call-general","festival-004","festival-004-call-source-regulation-2027","Regulamento nacional da 36ª edição do Curta Cinema","https://curtacinema.com.br/regulamento-nacional-35-edicao/","oficial","36ª edição / 2027","Regulamento integral","confirmado na edição atual","confirmado","2026-10-04","2026-10-04","location | activity | formats | duration | productionYear | countries | premiere | opening | deadlines | fees | eventDates | selectionType | online","Apesar do slug mencionar a 35ª edição, o conteúdo identifica expressamente a 36ª edição, de 17 a 24/03/2027."
"chamada","festival-004-edition-2027-1-call-international","festival-004","festival-004-call-source-regulation-2027","Regulamento nacional da 36ª edição do Curta Cinema","https://curtacinema.com.br/regulamento-nacional-35-edicao/","oficial","36ª edição / 2027","Regulamento integral","confirmado na edição atual","confirmado","2026-10-04","2026-10-04","location | activity | formats | duration | productionYear | countries | premiere | opening | deadlines | fees | eventDates | selectionType | online","Apesar do slug mencionar a 35ª edição, o conteúdo identifica expressamente a 36ª edição, de 17 a 24/03/2027."
"chamada","festival-005-edition-2026-1-call-general","festival-005","festival-005-call-source-regulation-2026","Regulamento do 31º É Tudo Verdade","https://etudoverdade.com.br/inscricao_2026_/Regulamento-E-Tudo-Verdade-2026.pdf","oficial","31ª edição / 2026","Regulamento integral","confirmado na edição atual","confirmado","2026-10-04","2026-10-04","location | activity | formats | languages | duration | productionYear | countries | premiere | online | pf | pj | fees | opening | deadlines | eventDates | resubmission | materials | relevance","O edital foi lido integralmente. Restrições de estreia e histórico online variam entre as categorias brasileiras; o documento não declara equivalentes para as competições internacionais."
"chamada","festival-005-edition-2026-1-call-brazil-short","festival-005","festival-005-call-source-regulation-2026","Regulamento do 31º É Tudo Verdade","https://etudoverdade.com.br/inscricao_2026_/Regulamento-E-Tudo-Verdade-2026.pdf","oficial","31ª edição / 2026","Regulamento integral","confirmado na edição atual","confirmado","2026-10-04","2026-10-04","location | activity | formats | languages | duration | productionYear | countries | premiere | online | pf | pj | fees | opening | deadlines | eventDates | resubmission | materials | relevance","O edital foi lido integralmente. Restrições de estreia e histórico online variam entre as categorias brasileiras; o documento não declara equivalentes para as competições internacionais."
"chamada","festival-005-edition-2026-1-call-international-long","festival-005","festival-005-call-source-regulation-2026","Regulamento do 31º É Tudo Verdade","https://etudoverdade.com.br/inscricao_2026_/Regulamento-E-Tudo-Verdade-2026.pdf","oficial","31ª edição / 2026","Regulamento integral","confirmado na edição atual","confirmado","2026-10-04","2026-10-04","location | activity | formats | languages | duration | productionYear | countries | premiere | online | pf | pj | fees | opening | deadlines | eventDates | resubmission | materials | relevance","O edital foi lido integralmente. Restrições de estreia e histórico online variam entre as categorias brasileiras; o documento não declara equivalentes para as competições internacionais."
"chamada","festival-005-edition-2026-1-call-international-short","festival-005","festival-005-call-source-regulation-2026","Regulamento do 31º É Tudo Verdade","https://etudoverdade.com.br/inscricao_2026_/Regulamento-E-Tudo-Verdade-2026.pdf","oficial","31ª edição / 2026","Regulamento integral","confirmado na edição atual","confirmado","2026-10-04","2026-10-04","location | activity | formats | languages | duration | productionYear | countries | premiere | online | pf | pj | fees | opening | deadlines | eventDates | resubmission | materials | relevance","O edital foi lido integralmente. Restrições de estreia e histórico online variam entre as categorias brasileiras; o documento não declara equivalentes para as competições internacionais."
"chamada","festival-009-edition-2026-1-call-general","festival-009","festival-009-call-source-regulation-2026","Edital 03/2026 — 28º FestCurtasBH","https://fcs.mg.gov.br/wp-content/uploads/2026/03/Edital_Regulation_28oFestCurtasBH_2026.FINAL_.pdf","oficial","28ª edição / 2026","Edital e anexos integrais","confirmado na edição atual","confirmado","2026-10-04","2026-10-04","location | activity | formats | languages | duration | productionYear | countries | pf | pj | fees | opening | deadlines | eventDates | online | materials | awards","O edital em português e inglês foi lido integralmente. A versão inglesa do cronograma diverge em um dia para o resultado; foi preservida a data de 21/09 repetida no corpo e no cronograma em português."
"chamada","festival-009-edition-2026-1-call-brazil","festival-009","festival-009-call-source-regulation-2026","Edital 03/2026 — 28º FestCurtasBH","https://fcs.mg.gov.br/wp-content/uploads/2026/03/Edital_Regulation_28oFestCurtasBH_2026.FINAL_.pdf","oficial","28ª edição / 2026","Edital e anexos integrais","confirmado na edição atual","confirmado","2026-10-04","2026-10-04","location | activity | formats | languages | duration | productionYear | countries | pf | pj | fees | opening | deadlines | eventDates | online | materials | awards","O edital em português e inglês foi lido integralmente. A versão inglesa do cronograma diverge em um dia para o resultado; foi preservida a data de 21/09 repetida no corpo e no cronograma em português."
"chamada","festival-009-edition-2026-1-call-international","festival-009","festival-009-call-source-regulation-2026","Edital 03/2026 — 28º FestCurtasBH","https://fcs.mg.gov.br/wp-content/uploads/2026/03/Edital_Regulation_28oFestCurtasBH_2026.FINAL_.pdf","oficial","28ª edição / 2026","Edital e anexos integrais","confirmado na edição atual","confirmado","2026-10-04","2026-10-04","location | activity | formats | languages | duration | productionYear | countries | pf | pj | fees | opening | deadlines | eventDates | online | materials | awards","O edital em português e inglês foi lido integralmente. A versão inglesa do cronograma diverge em um dia para o resultado; foi preservida a data de 21/09 repetida no corpo e no cronograma em português."
"chamada","festival-002-edition-2026-1-call-general","festival-002","festival-002-source-regulation-2026","Regulamento das mostras brasileiras do 54º Festival de Cinema de Gramado","https://inscricoescinema.com.br/wp-content/themes/inscricoes-festival/images/docs/Regulamento-LMB-LMDB-CMB-54o-Festival-de-Cinema-de-Gramado.pdf","oficial","54ª edição / 2026","Regulamento integral — longas de ficção, longas documentais e curtas brasileiros","confirmado na edição atual","confirmado","2026-10-04","2026-10-04","location | activity | formats | languages | duration | productionYear | countries | premiere | online | pf | pj | opening | deadlines | eventDates | materials","Lido integralmente (18 páginas). O próprio documento remete as mostras gaúchas a regulamentos separados, não localizados na pesquisa deste lote."
"chamada","festival-002-edition-2026-1-call-longa-documentario-br","festival-002","festival-002-source-regulation-2026","Regulamento das mostras brasileiras do 54º Festival de Cinema de Gramado","https://inscricoescinema.com.br/wp-content/themes/inscricoes-festival/images/docs/Regulamento-LMB-LMDB-CMB-54o-Festival-de-Cinema-de-Gramado.pdf","oficial","54ª edição / 2026","Regulamento integral — longas de ficção, longas documentais e curtas brasileiros","confirmado na edição atual","confirmado","2026-10-04","2026-10-04","location | activity | formats | languages | duration | productionYear | countries | premiere | online | pf | pj | opening | deadlines | eventDates | materials","Lido integralmente (18 páginas). O próprio documento remete as mostras gaúchas a regulamentos separados, não localizados na pesquisa deste lote."
"chamada","festival-002-edition-2026-1-call-curta-br","festival-002","festival-002-source-regulation-2026","Regulamento das mostras brasileiras do 54º Festival de Cinema de Gramado","https://inscricoescinema.com.br/wp-content/themes/inscricoes-festival/images/docs/Regulamento-LMB-LMDB-CMB-54o-Festival-de-Cinema-de-Gramado.pdf","oficial","54ª edição / 2026","Regulamento integral — longas de ficção, longas documentais e curtas brasileiros","confirmado na edição atual","confirmado","2026-10-04","2026-10-04","location | activity | formats | languages | duration | productionYear | countries | premiere | online | pf | pj | opening | deadlines | eventDates | materials","Lido integralmente (18 páginas). O próprio documento remete as mostras gaúchas a regulamentos separados, não localizados na pesquisa deste lote."
"chamada","festival-006-edition-2027-1-call-general","festival-006","festival-006-source-call-2027","Chamada oficial para filmes da 30ª Mostra de Cinema de Tiradentes","https://mostratiradentes.com.br/2026/n/30a-mostra-de-cinema-de-tiradentes-abre-inscricoes-para-filmes-brasileiros-e-o-seu-filme-pode-fazer-parte-desta-edicao-historica/","oficial","30ª edição / 2027","Página oficial da chamada","confirmado na edição atual","parcial","2026-10-04","2026-10-04","location | activity | formats | duration | productionYear | premiere | fees | opening | deadlines | eventDates | categories","A página oficial foi lida integralmente e resume as categorias; o PDF integral referido no portal de inscrições não foi extraído diretamente."
"chamada","festival-006-edition-2027-1-call-olhos-livres","festival-006","festival-006-source-call-2027","Chamada oficial para filmes da 30ª Mostra de Cinema de Tiradentes","https://mostratiradentes.com.br/2026/n/30a-mostra-de-cinema-de-tiradentes-abre-inscricoes-para-filmes-brasileiros-e-o-seu-filme-pode-fazer-parte-desta-edicao-historica/","oficial","30ª edição / 2027","Página oficial da chamada","confirmado na edição atual","parcial","2026-10-04","2026-10-04","location | activity | formats | duration | productionYear | premiere | fees | opening | deadlines | eventDates | categories","A página oficial foi lida integralmente e resume as categorias; o PDF integral referido no portal de inscrições não foi extraído diretamente."
"chamada","festival-006-edition-2027-1-call-foco","festival-006","festival-006-source-call-2027","Chamada oficial para filmes da 30ª Mostra de Cinema de Tiradentes","https://mostratiradentes.com.br/2026/n/30a-mostra-de-cinema-de-tiradentes-abre-inscricoes-para-filmes-brasileiros-e-o-seu-filme-pode-fazer-parte-desta-edicao-historica/","oficial","30ª edição / 2027","Página oficial da chamada","confirmado na edição atual","parcial","2026-10-04","2026-10-04","location | activity | formats | duration | productionYear | premiere | fees | opening | deadlines | eventDates | categories","A página oficial foi lida integralmente e resume as categorias; o PDF integral referido no portal de inscrições não foi extraído diretamente."
"chamada","festival-006-edition-2027-1-call-formacao","festival-006","festival-006-source-call-2027","Chamada oficial para filmes da 30ª Mostra de Cinema de Tiradentes","https://mostratiradentes.com.br/2026/n/30a-mostra-de-cinema-de-tiradentes-abre-inscricoes-para-filmes-brasileiros-e-o-seu-filme-pode-fazer-parte-desta-edicao-historica/","oficial","30ª edição / 2027","Página oficial da chamada","confirmado na edição atual","parcial","2026-10-04","2026-10-04","location | activity | formats | duration | productionYear | premiere | fees | opening | deadlines | eventDates | categories","A página oficial foi lida integralmente e resume as categorias; o PDF integral referido no portal de inscrições não foi extraído diretamente."
"chamada","festival-007-edition-2026-1-call-general","festival-007","festival-007-source-regulation-2026","Regulamento Première Brasil 2026","https://festivaldorio.s3.us-east-1.amazonaws.com/2026/regulamento-premiere-brasil-2026/regulamento-premiere-brasil-2026.pdf","oficial","28ª edição / 2026","Regulamento integral","confirmado na edição atual","confirmado","2026-10-04","2026-10-04","location | formats | languages | duration | productionYear | countries | premiere | online | pf | pj | opening | deadlines | eventDates | materials",""
"chamada","festival-007-edition-2026-1-call-general","festival-007","festival-007-source-extension-2026","Prorrogação das inscrições da Première Brasil 2026","https://www.festivaldorio.com.br/br/noticias/festival-do-rio-2026-inscricoes-prorrogadas-para-a-premiere-brasil","oficial","28ª edição / 2026","Retificação de prazo e perguntas frequentes","confirmado na edição atual","confirmado","2026-10-04","2026-10-04","fees | deadlines | pf | pj | relevance",""
"chamada","festival-007-edition-2026-1-call-premiere-brasil-curtas","festival-007","festival-007-source-regulation-2026","Regulamento Première Brasil 2026","https://festivaldorio.s3.us-east-1.amazonaws.com/2026/regulamento-premiere-brasil-2026/regulamento-premiere-brasil-2026.pdf","oficial","28ª edição / 2026","Regulamento integral","confirmado na edição atual","confirmado","2026-10-04","2026-10-04","location | formats | languages | duration | productionYear | countries | premiere | online | pf | pj | opening | deadlines | eventDates | materials",""
"chamada","festival-007-edition-2026-1-call-premiere-brasil-curtas","festival-007","festival-007-source-extension-2026","Prorrogação das inscrições da Première Brasil 2026","https://www.festivaldorio.com.br/br/noticias/festival-do-rio-2026-inscricoes-prorrogadas-para-a-premiere-brasil","oficial","28ª edição / 2026","Retificação de prazo e perguntas frequentes","confirmado na edição atual","confirmado","2026-10-04","2026-10-04","fees | deadlines | pf | pj | relevance",""
"chamada","festival-008-edition-2026-1-call-general","festival-008","festival-008-source-regulation-attempt-2026","Regulamento de filmes do 15º Olhar de Cinema","https://olhardecinema.com.br/regulamento/filme?lang=pt","oficial","15ª edição / 2026","Tentativa de acesso ao regulamento oficial","não localizado","não verificado","2026-10-04","2026-10-04","categories | duration | countries | premiere | fees | deadlines","A URL oficial foi localizada, mas o conteúdo atual não pôde ser recuperado integralmente pela ferramenta de leitura."
"chamada","festival-008-edition-2026-1-call-general","festival-008","festival-008-source-call-secondary-2026","Call for Entry 2026 — Olhar de Cinema","https://asianfilmfestivals.com/2026/01/20/olhar-de-cinema-curitiba-international-film-festival-call-for-entry-2026/","fonte secundária","15ª edição / 2026","Resumo secundário da chamada","confirmado na edição atual","parcial","2026-10-04","2026-10-04","location | activity | formats | duration | productionYear | deadlines | eventDates | fees","Usada somente para campos explicitamente publicados; não substitui a leitura do regulamento oficial."
"chamada","festival-008-edition-2026-1-call-general","festival-008","festival-008-source-call-local-2026","Festival Internacional de Curitiba está com inscrições abertas","https://criptocultural.com.br/festival-internacional-de-curitiba-esta-com-inscricoes-abertas/","fonte secundária","15ª edição / 2026","Cobertura local da chamada","confirmado na edição atual","parcial","2026-10-04","2026-10-04","fees | deadlines | eventDates","Confirma gratuidade para filmes brasileiros e cobrança em euros para estrangeiros, sem substituir o edital."
"chamada","festival-008-edition-2026-1-call-internacional","festival-008","festival-008-source-regulation-attempt-2026","Regulamento de filmes do 15º Olhar de Cinema","https://olhardecinema.com.br/regulamento/filme?lang=pt","oficial","15ª edição / 2026","Tentativa de acesso ao regulamento oficial","não localizado","não verificado","2026-10-04","2026-10-04","categories | duration | countries | premiere | fees | deadlines","A URL oficial foi localizada, mas o conteúdo atual não pôde ser recuperado integralmente pela ferramenta de leitura."
"chamada","festival-008-edition-2026-1-call-internacional","festival-008","festival-008-source-call-secondary-2026","Call for Entry 2026 — Olhar de Cinema","https://asianfilmfestivals.com/2026/01/20/olhar-de-cinema-curitiba-international-film-festival-call-for-entry-2026/","fonte secundária","15ª edição / 2026","Resumo secundário da chamada","confirmado na edição atual","parcial","2026-10-04","2026-10-04","location | activity | formats | duration | productionYear | deadlines | eventDates | fees","Usada somente para campos explicitamente publicados; não substitui a leitura do regulamento oficial."
"chamada","festival-008-edition-2026-1-call-internacional","festival-008","festival-008-source-call-local-2026","Festival Internacional de Curitiba está com inscrições abertas","https://criptocultural.com.br/festival-internacional-de-curitiba-esta-com-inscricoes-abertas/","fonte secundária","15ª edição / 2026","Cobertura local da chamada","confirmado na edição atual","parcial","2026-10-04","2026-10-04","fees | deadlines | eventDates","Confirma gratuidade para filmes brasileiros e cobrança em euros para estrangeiros, sem substituir o edital."
"chamada","festival-010-edition-2025-1-call-general","festival-010","festival-010-source-site-attempt-2026","Site oficial do Janela Internacional de Cinema do Recife","https://janeladecinema.com.br/","oficial","site consultado em 2026","Página inicial desatualizada","não localizado","não verificado","2026-10-04","2026-10-04","location | activity | eventDates | categories","O site exibe conteúdo da 15ª edição sem ano e não publica regulamento ou chamada atual identificável."
"chamada","festival-010-edition-2025-1-call-general","festival-010","festival-010-source-event-2025","XVI Janela Internacional de Cinema do Recife","https://www.sympla.com.br/evento/xvi-janela-internacional-de-cinema-do-recife/3195400","fonte secundária","16ª edição / 2025","Página pública do evento","confirmado em edição anterior","parcial","2026-10-04","2026-10-04","location | activity | eventDates","Fonte secundária usada para documentar a última edição localizada; não confirma atividade ou chamada em 2026."
"chamada","festival-011-edition-2026-1-call-general","festival-011","festival-011-source-call-2026","Portal oficial de inscrições do 36º Cine Ceará","https://cineceara.com/inscricoes/es/home-es.html","oficial","36ª edição / 2026","Chamada e condições publicadas no portal oficial","confirmado na edição atual","parcial","2026-10-04","2026-10-04","location | activity | categories | formats | languages | duration | productionYear | countries | premiere | fees | opening | deadlines | eventDates | materials | relevance","O portal oficial atual foi localizado e indexado, mas seu tamanho impediu a leitura integral direta; as regras estruturadas são as explicitamente publicadas na página da chamada."
"chamada","festival-011-edition-2026-1-call-longa-ibero-americano","festival-011","festival-011-source-call-2026","Portal oficial de inscrições do 36º Cine Ceará","https://cineceara.com/inscricoes/es/home-es.html","oficial","36ª edição / 2026","Chamada e condições publicadas no portal oficial","confirmado na edição atual","parcial","2026-10-04","2026-10-04","location | activity | categories | formats | languages | duration | productionYear | countries | premiere | fees | opening | deadlines | eventDates | materials | relevance","O portal oficial atual foi localizado e indexado, mas seu tamanho impediu a leitura integral direta; as regras estruturadas são as explicitamente publicadas na página da chamada."
"chamada","festival-011-edition-2026-1-call-olhar-do-ceara","festival-011","festival-011-source-call-2026","Portal oficial de inscrições do 36º Cine Ceará","https://cineceara.com/inscricoes/es/home-es.html","oficial","36ª edição / 2026","Chamada e condições publicadas no portal oficial","confirmado na edição atual","parcial","2026-10-04","2026-10-04","location | activity | categories | formats | languages | duration | productionYear | countries | premiere | fees | opening | deadlines | eventDates | materials | relevance","O portal oficial atual foi localizado e indexado, mas seu tamanho impediu a leitura integral direta; as regras estruturadas são as explicitamente publicadas na página da chamada."
"chamada","festival-012-edition-2026-1-call-general","festival-012","festival-012-source-regulation-2026","Regulamento das Mostras Competitivas do Cine PE 2026","https://festivalcinepe.com.br/wp-content/uploads/2025/11/Regulamento.pdf","oficial","30ª edição / 2026","Regulamento integral (8 páginas)","confirmado na edição atual","confirmado","2026-10-04","2026-10-04","location | activity | categories | formats | languages | duration | countries | premiere | opening | deadlines | eventDates | materials | relevance","Lido integralmente. O documento não declara taxa de inscrição, ano de produção, histórico online ou natureza física/jurídica do responsável."
"chamada","festival-012-edition-2026-1-call-curtas-brasileiros","festival-012","festival-012-source-regulation-2026","Regulamento das Mostras Competitivas do Cine PE 2026","https://festivalcinepe.com.br/wp-content/uploads/2025/11/Regulamento.pdf","oficial","30ª edição / 2026","Regulamento integral (8 páginas)","confirmado na edição atual","confirmado","2026-10-04","2026-10-04","location | activity | categories | formats | languages | duration | countries | premiere | opening | deadlines | eventDates | materials | relevance","Lido integralmente. O documento não declara taxa de inscrição, ano de produção, histórico online ou natureza física/jurídica do responsável."
"chamada","festival-012-edition-2026-1-call-longas-brasileiros","festival-012","festival-012-source-regulation-2026","Regulamento das Mostras Competitivas do Cine PE 2026","https://festivalcinepe.com.br/wp-content/uploads/2025/11/Regulamento.pdf","oficial","30ª edição / 2026","Regulamento integral (8 páginas)","confirmado na edição atual","confirmado","2026-10-04","2026-10-04","location | activity | categories | formats | languages | duration | countries | premiere | opening | deadlines | eventDates | materials | relevance","Lido integralmente. O documento não declara taxa de inscrição, ano de produção, histórico online ou natureza física/jurídica do responsável."
"chamada","festival-013-edition-2026-1-call-general","festival-013","festival-013-source-regulation-2026","Regulamento do 33º Festival de Cinema de Vitória","https://festivaldevitoria.com.br/33fv/regulamento/","oficial","33ª edição / 2026","Regulamento integral","confirmado na edição atual","confirmado","2026-10-04","2026-10-04","location | activity | categories | formats | duration | productionYear | countries | premiere | pf | pj | fees | opening | deadlines | eventDates | resubmission | materials | relevance",""
"chamada","festival-013-edition-2026-1-call-longas-nacionais","festival-013","festival-013-source-regulation-2026","Regulamento do 33º Festival de Cinema de Vitória","https://festivaldevitoria.com.br/33fv/regulamento/","oficial","33ª edição / 2026","Regulamento integral","confirmado na edição atual","confirmado","2026-10-04","2026-10-04","location | activity | categories | formats | duration | productionYear | countries | premiere | pf | pj | fees | opening | deadlines | eventDates | resubmission | materials | relevance",""
"chamada","festival-014-edition-2027-1-call-general","festival-014","festival-014-source-regulation-2027","Regulamento / Rules and Terms Panorama 2027","https://panorama.coisadecinema.com.br/wp-content/uploads/2026/09/Regulamento_Rules-and-Terms_Panorama2027.pdf","oficial","22ª edição / 2027","Regulamento integral","confirmado na edição atual","confirmado","2026-10-04","2026-10-04","location | activity | categories | formats | languages | duration | productionYear | countries | premiere | online | pf | pj | fees | deadlines | eventDates | resubmission | materials | relevance","Lido integralmente. O documento não informa a data de abertura da chamada."
"chamada","festival-014-edition-2027-1-call-general","festival-014","festival-014-source-signup-2027","Página oficial de inscrições Panorama 2027","https://panorama.coisadecinema.com.br/inscricoes/","oficial","22ª edição / 2027","Inscrição e formulários","confirmado na edição atual","confirmado","2026-10-04","2026-10-04","activity | categories | fees | deadlines | eventDates",""
"chamada","festival-014-edition-2027-1-call-br-longa","festival-014","festival-014-source-regulation-2027","Regulamento / Rules and Terms Panorama 2027","https://panorama.coisadecinema.com.br/wp-content/uploads/2026/09/Regulamento_Rules-and-Terms_Panorama2027.pdf","oficial","22ª edição / 2027","Regulamento integral","confirmado na edição atual","confirmado","2026-10-04","2026-10-04","location | activity | categories | formats | languages | duration | productionYear | countries | premiere | online | pf | pj | fees | deadlines | eventDates | resubmission | materials | relevance","Lido integralmente. O documento não informa a data de abertura da chamada."
"chamada","festival-014-edition-2027-1-call-br-longa","festival-014","festival-014-source-signup-2027","Página oficial de inscrições Panorama 2027","https://panorama.coisadecinema.com.br/inscricoes/","oficial","22ª edição / 2027","Inscrição e formulários","confirmado na edição atual","confirmado","2026-10-04","2026-10-04","activity | categories | fees | deadlines | eventDates",""
"chamada","festival-014-edition-2027-1-call-ba-curta","festival-014","festival-014-source-regulation-2027","Regulamento / Rules and Terms Panorama 2027","https://panorama.coisadecinema.com.br/wp-content/uploads/2026/09/Regulamento_Rules-and-Terms_Panorama2027.pdf","oficial","22ª edição / 2027","Regulamento integral","confirmado na edição atual","confirmado","2026-10-04","2026-10-04","location | activity | categories | formats | languages | duration | productionYear | countries | premiere | online | pf | pj | fees | deadlines | eventDates | resubmission | materials | relevance","Lido integralmente. O documento não informa a data de abertura da chamada."
"chamada","festival-014-edition-2027-1-call-ba-curta","festival-014","festival-014-source-signup-2027","Página oficial de inscrições Panorama 2027","https://panorama.coisadecinema.com.br/inscricoes/","oficial","22ª edição / 2027","Inscrição e formulários","confirmado na edição atual","confirmado","2026-10-04","2026-10-04","activity | categories | fees | deadlines | eventDates",""
"chamada","festival-014-edition-2027-1-call-ba-longa","festival-014","festival-014-source-regulation-2027","Regulamento / Rules and Terms Panorama 2027","https://panorama.coisadecinema.com.br/wp-content/uploads/2026/09/Regulamento_Rules-and-Terms_Panorama2027.pdf","oficial","22ª edição / 2027","Regulamento integral","confirmado na edição atual","confirmado","2026-10-04","2026-10-04","location | activity | categories | formats | languages | duration | productionYear | countries | premiere | online | pf | pj | fees | deadlines | eventDates | resubmission | materials | relevance","Lido integralmente. O documento não informa a data de abertura da chamada."
"chamada","festival-014-edition-2027-1-call-ba-longa","festival-014","festival-014-source-signup-2027","Página oficial de inscrições Panorama 2027","https://panorama.coisadecinema.com.br/inscricoes/","oficial","22ª edição / 2027","Inscrição e formulários","confirmado na edição atual","confirmado","2026-10-04","2026-10-04","activity | categories | fees | deadlines | eventDates",""
"chamada","festival-014-edition-2027-1-call-intl-curta","festival-014","festival-014-source-regulation-2027","Regulamento / Rules and Terms Panorama 2027","https://panorama.coisadecinema.com.br/wp-content/uploads/2026/09/Regulamento_Rules-and-Terms_Panorama2027.pdf","oficial","22ª edição / 2027","Regulamento integral","confirmado na edição atual","confirmado","2026-10-04","2026-10-04","location | activity | categories | formats | languages | duration | productionYear | countries | premiere | online | pf | pj | fees | deadlines | eventDates | resubmission | materials | relevance","Lido integralmente. O documento não informa a data de abertura da chamada."
"chamada","festival-014-edition-2027-1-call-intl-curta","festival-014","festival-014-source-signup-2027","Página oficial de inscrições Panorama 2027","https://panorama.coisadecinema.com.br/inscricoes/","oficial","22ª edição / 2027","Inscrição e formulários","confirmado na edição atual","confirmado","2026-10-04","2026-10-04","activity | categories | fees | deadlines | eventDates",""
"chamada","festival-014-edition-2027-1-call-intl-longa","festival-014","festival-014-source-regulation-2027","Regulamento / Rules and Terms Panorama 2027","https://panorama.coisadecinema.com.br/wp-content/uploads/2026/09/Regulamento_Rules-and-Terms_Panorama2027.pdf","oficial","22ª edição / 2027","Regulamento integral","confirmado na edição atual","confirmado","2026-10-04","2026-10-04","location | activity | categories | formats | languages | duration | productionYear | countries | premiere | online | pf | pj | fees | deadlines | eventDates | resubmission | materials | relevance","Lido integralmente. O documento não informa a data de abertura da chamada."
"chamada","festival-014-edition-2027-1-call-intl-longa","festival-014","festival-014-source-signup-2027","Página oficial de inscrições Panorama 2027","https://panorama.coisadecinema.com.br/inscricoes/","oficial","22ª edição / 2027","Inscrição e formulários","confirmado na edição atual","confirmado","2026-10-04","2026-10-04","activity | categories | fees | deadlines | eventDates",""
"chamada","festival-015-edition-2026-1-call-general","festival-015","festival-015-source-filmfreeway-2026","Festival MixBrasil — regras e taxas no FilmFreeway","https://filmfreeway.com/FestivalMixBrasil","plataforma de inscrição","34ª edição / 2026","Página oficial de inscrição e regras","confirmado na edição atual","confirmado","2026-10-04","2026-10-04","categories | formats | languages | duration | productionYear | countries | premiere | pf | pj | fees | opening | deadlines | eventDates | materials | relevance",""
"chamada","festival-015-edition-2026-1-call-br-media-longa","festival-015","festival-015-source-filmfreeway-2026","Festival MixBrasil — regras e taxas no FilmFreeway","https://filmfreeway.com/FestivalMixBrasil","plataforma de inscrição","34ª edição / 2026","Página oficial de inscrição e regras","confirmado na edição atual","confirmado","2026-10-04","2026-10-04","categories | formats | languages | duration | productionYear | countries | premiere | pf | pj | fees | opening | deadlines | eventDates | materials | relevance",""
"chamada","festival-015-edition-2026-1-call-latam-curta","festival-015","festival-015-source-filmfreeway-2026","Festival MixBrasil — regras e taxas no FilmFreeway","https://filmfreeway.com/FestivalMixBrasil","plataforma de inscrição","34ª edição / 2026","Página oficial de inscrição e regras","confirmado na edição atual","confirmado","2026-10-04","2026-10-04","categories | formats | languages | duration | productionYear | countries | premiere | pf | pj | fees | opening | deadlines | eventDates | materials | relevance",""
"chamada","festival-015-edition-2026-1-call-latam-media-longa","festival-015","festival-015-source-filmfreeway-2026","Festival MixBrasil — regras e taxas no FilmFreeway","https://filmfreeway.com/FestivalMixBrasil","plataforma de inscrição","34ª edição / 2026","Página oficial de inscrição e regras","confirmado na edição atual","confirmado","2026-10-04","2026-10-04","categories | formats | languages | duration | productionYear | countries | premiere | pf | pj | fees | opening | deadlines | eventDates | materials | relevance",""
"chamada","festival-015-edition-2026-1-call-intl-curta","festival-015","festival-015-source-filmfreeway-2026","Festival MixBrasil — regras e taxas no FilmFreeway","https://filmfreeway.com/FestivalMixBrasil","plataforma de inscrição","34ª edição / 2026","Página oficial de inscrição e regras","confirmado na edição atual","confirmado","2026-10-04","2026-10-04","categories | formats | languages | duration | productionYear | countries | premiere | pf | pj | fees | opening | deadlines | eventDates | materials | relevance",""
"chamada","festival-015-edition-2026-1-call-intl-media-longa","festival-015","festival-015-source-filmfreeway-2026","Festival MixBrasil — regras e taxas no FilmFreeway","https://filmfreeway.com/FestivalMixBrasil","plataforma de inscrição","34ª edição / 2026","Página oficial de inscrição e regras","confirmado na edição atual","confirmado","2026-10-04","2026-10-04","categories | formats | languages | duration | productionYear | countries | premiere | pf | pj | fees | opening | deadlines | eventDates | materials | relevance",""
"chamada","festival-015-edition-2026-1-call-xr-ia","festival-015","festival-015-source-filmfreeway-2026","Festival MixBrasil — regras e taxas no FilmFreeway","https://filmfreeway.com/FestivalMixBrasil","plataforma de inscrição","34ª edição / 2026","Página oficial de inscrição e regras","confirmado na edição atual","confirmado","2026-10-04","2026-10-04","categories | formats | languages | duration | productionYear | countries | premiere | pf | pj | fees | opening | deadlines | eventDates | materials | relevance",""
"chamada","festival-016-edition-2027-1-call-general","festival-016","festival-016-source-filmfreeway-2027","Fantaspoa — regras e taxas 2027","https://filmfreeway.com/fantaspoa","plataforma de inscrição","23ª edição / 2027","Regras integrais e tabela de taxas no FilmFreeway","confirmado na edição atual","confirmado","2026-10-04","2026-10-04","categories | formats | languages | duration | productionYear | premiere | online | pf | pj | fees | opening | deadlines | eventDates | materials | relevance",""
"chamada","festival-016-edition-2027-1-call-br-longa","festival-016","festival-016-source-filmfreeway-2027","Fantaspoa — regras e taxas 2027","https://filmfreeway.com/fantaspoa","plataforma de inscrição","23ª edição / 2027","Regras integrais e tabela de taxas no FilmFreeway","confirmado na edição atual","confirmado","2026-10-04","2026-10-04","categories | formats | languages | duration | productionYear | premiere | online | pf | pj | fees | opening | deadlines | eventDates | materials | relevance",""
"chamada","festival-016-edition-2027-1-call-intl-curta-animacao","festival-016","festival-016-source-filmfreeway-2027","Fantaspoa — regras e taxas 2027","https://filmfreeway.com/fantaspoa","plataforma de inscrição","23ª edição / 2027","Regras integrais e tabela de taxas no FilmFreeway","confirmado na edição atual","confirmado","2026-10-04","2026-10-04","categories | formats | languages | duration | productionYear | premiere | online | pf | pj | fees | opening | deadlines | eventDates | materials | relevance",""
"chamada","festival-016-edition-2027-1-call-intl-curta-live-action","festival-016","festival-016-source-filmfreeway-2027","Fantaspoa — regras e taxas 2027","https://filmfreeway.com/fantaspoa","plataforma de inscrição","23ª edição / 2027","Regras integrais e tabela de taxas no FilmFreeway","confirmado na edição atual","confirmado","2026-10-04","2026-10-04","categories | formats | languages | duration | productionYear | premiere | online | pf | pj | fees | opening | deadlines | eventDates | materials | relevance",""
"chamada","festival-016-edition-2027-1-call-intl-longa","festival-016","festival-016-source-filmfreeway-2027","Fantaspoa — regras e taxas 2027","https://filmfreeway.com/fantaspoa","plataforma de inscrição","23ª edição / 2027","Regras integrais e tabela de taxas no FilmFreeway","confirmado na edição atual","confirmado","2026-10-04","2026-10-04","categories | formats | languages | duration | productionYear | premiere | online | pf | pj | fees | opening | deadlines | eventDates | materials | relevance",""
"chamada","festival-017-edition-2026-1-call-general","festival-017","festival-017-source-competitions-2026","Mostras competitivas FICA 2026","https://fica.go.gov.br/p/61398-mostras-competitivas-2026","oficial","27ª edição / 2026","Descrição das mostras","confirmado na edição atual","confirmado","2026-10-04","2026-10-04","categories | themes | relevance",""
"chamada","festival-017-edition-2026-1-call-general","festival-017","festival-017-source-platform-attempt-2026","Plataforma Plateia Editais — chamadas FICA 2026","https://web.ufg.br/plateia-editais/","oficial","27ª edição / 2026","Tentativa de leitura dos editais CP01, CP02, CP03 e CP04","não localizado","não verificado","2026-10-04","2026-10-04","duration | productionYear | countries | premiere | online | pf | pj | fees | opening | deadlines","A plataforma dinâmica confirmou referências às quatro chamadas, mas não expôs anexos/regulamentos integrais à ferramenta de leitura; regras ausentes não foram inferidas."
"chamada","festival-017-edition-2026-1-call-cinema-goiano","festival-017","festival-017-source-competitions-2026","Mostras competitivas FICA 2026","https://fica.go.gov.br/p/61398-mostras-competitivas-2026","oficial","27ª edição / 2026","Descrição das mostras","confirmado na edição atual","confirmado","2026-10-04","2026-10-04","categories | themes | relevance",""
"chamada","festival-017-edition-2026-1-call-cinema-goiano","festival-017","festival-017-source-platform-attempt-2026","Plataforma Plateia Editais — chamadas FICA 2026","https://web.ufg.br/plateia-editais/","oficial","27ª edição / 2026","Tentativa de leitura dos editais CP01, CP02, CP03 e CP04","não localizado","não verificado","2026-10-04","2026-10-04","duration | productionYear | countries | premiere | online | pf | pj | fees | opening | deadlines","A plataforma dinâmica confirmou referências às quatro chamadas, mas não expôs anexos/regulamentos integrais à ferramenta de leitura; regras ausentes não foram inferidas."
"chamada","festival-017-edition-2026-1-call-becos","festival-017","festival-017-source-competitions-2026","Mostras competitivas FICA 2026","https://fica.go.gov.br/p/61398-mostras-competitivas-2026","oficial","27ª edição / 2026","Descrição das mostras","confirmado na edição atual","confirmado","2026-10-04","2026-10-04","categories | themes | relevance",""
"chamada","festival-017-edition-2026-1-call-becos","festival-017","festival-017-source-platform-attempt-2026","Plataforma Plateia Editais — chamadas FICA 2026","https://web.ufg.br/plateia-editais/","oficial","27ª edição / 2026","Tentativa de leitura dos editais CP01, CP02, CP03 e CP04","não localizado","não verificado","2026-10-04","2026-10-04","duration | productionYear | countries | premiere | online | pf | pj | fees | opening | deadlines","A plataforma dinâmica confirmou referências às quatro chamadas, mas não expôs anexos/regulamentos integrais à ferramenta de leitura; regras ausentes não foram inferidas."
"chamada","festival-017-edition-2026-1-call-povos","festival-017","festival-017-source-competitions-2026","Mostras competitivas FICA 2026","https://fica.go.gov.br/p/61398-mostras-competitivas-2026","oficial","27ª edição / 2026","Descrição das mostras","confirmado na edição atual","confirmado","2026-10-04","2026-10-04","categories | themes | relevance",""
"chamada","festival-017-edition-2026-1-call-povos","festival-017","festival-017-source-platform-attempt-2026","Plataforma Plateia Editais — chamadas FICA 2026","https://web.ufg.br/plateia-editais/","oficial","27ª edição / 2026","Tentativa de leitura dos editais CP01, CP02, CP03 e CP04","não localizado","não verificado","2026-10-04","2026-10-04","duration | productionYear | countries | premiere | online | pf | pj | fees | opening | deadlines","A plataforma dinâmica confirmou referências às quatro chamadas, mas não expôs anexos/regulamentos integrais à ferramenta de leitura; regras ausentes não foram inferidas."
"chamada","festival-018-edition-2026-1-call-general","festival-018","festival-018-source-territories-2026","Regulamento Territórios e Memória 2026","https://ecofalante.org.br/competicao/territorios-2026","oficial","15ª edição / 2026","Regulamento integral da competição","confirmado na edição atual","confirmado","2026-10-04","2026-10-04","location | categories | formats | languages | productionYear | countries | premiere | pf | pj | fees | deadlines | eventDates | materials",""
"chamada","festival-018-edition-2026-1-call-general","festival-018","festival-018-source-opening-2026","Inscrições abertas para a Ecofalante 2026","https://ecofalante.org.br/blog/ecofalante-inscricoes-abertas-2026/","oficial","15ª edição / 2026","Abertura e gratuidade","confirmado na edição atual","confirmado","2026-10-04","2026-10-04","activity | fees | opening | deadlines",""
"chamada","festival-018-edition-2026-1-call-curta-estudantil","festival-018","festival-018-source-student-2026","Regulamento Curta Ecofalante 2026","https://ecofalante.org.br/competicao/curta-2026","oficial","15ª edição / 2026","Regulamento integral da competição estudantil","confirmado na edição atual","confirmado","2026-10-04","2026-10-04","categories | formats | duration | productionYear | countries | pf | pj | fees | deadlines | materials",""
"chamada","festival-018-edition-2026-1-call-curta-estudantil","festival-018","festival-018-source-opening-2026","Inscrições abertas para a Ecofalante 2026","https://ecofalante.org.br/blog/ecofalante-inscricoes-abertas-2026/","oficial","15ª edição / 2026","Abertura e gratuidade","confirmado na edição atual","confirmado","2026-10-04","2026-10-04","activity | fees | opening | deadlines",""
"chamada","festival-020-edition-2026-1-call-general","festival-020","festival-020-source-call-2026","Inscrições de filmes para a 20ª CineBH","https://universoproducao.com.br/news/inscricoes-de-filmes-para-a-20a-cinebh-mostra-internacional-de-cinema-de-belo-horizonte-estao-abertas-ate-24-de-abril/","oficial","20ª edição / 2026","Chamada oficial resumida","confirmado na edição atual","parcial","2026-10-04","2026-10-04","location | activity | categories | formats | productionYear | countries | fees | opening | deadlines","Página oficial da organizadora lida integralmente; o regulamento completo vinculado não permaneceu disponível na listagem atual de inscrições."
"chamada","festival-020-edition-2026-1-call-general","festival-020","festival-020-source-program-2026","20ª CineBH anuncia 102 filmes","https://cinebh.com.br/n/20a-cinebh-anuncia-102-filmes-homenagem-a-paz-encina-e-estreia-de-conceicao-evaristo-como-atriz/","oficial","20ª edição / 2026","Programação e alcance","confirmado na edição atual","confirmado","2026-10-04","2026-10-04","activity | categories | eventDates | relevance",""
"chamada","festival-020-edition-2026-1-call-general","festival-020","festival-020-source-history-2026","CineBH celebra 20 anos de trajetória","https://cinebh.com.br/n/cinebh-celebra-20-anos-de-uma-trajetoria-que-transformou-belo-horizonte-em-territorio-de-cinema/","oficial","20ª edição / 2026","Histórico e Brasil CineMundi","confirmado na edição atual","confirmado","2026-10-04","2026-10-04","activity | industry | relevance",""
"chamada","festival-020-edition-2026-1-call-latino-americana","festival-020","festival-020-source-call-2026","Inscrições de filmes para a 20ª CineBH","https://universoproducao.com.br/news/inscricoes-de-filmes-para-a-20a-cinebh-mostra-internacional-de-cinema-de-belo-horizonte-estao-abertas-ate-24-de-abril/","oficial","20ª edição / 2026","Chamada oficial resumida","confirmado na edição atual","parcial","2026-10-04","2026-10-04","location | activity | categories | formats | productionYear | countries | fees | opening | deadlines","Página oficial da organizadora lida integralmente; o regulamento completo vinculado não permaneceu disponível na listagem atual de inscrições."
"chamada","festival-020-edition-2026-1-call-latino-americana","festival-020","festival-020-source-program-2026","20ª CineBH anuncia 102 filmes","https://cinebh.com.br/n/20a-cinebh-anuncia-102-filmes-homenagem-a-paz-encina-e-estreia-de-conceicao-evaristo-como-atriz/","oficial","20ª edição / 2026","Programação e alcance","confirmado na edição atual","confirmado","2026-10-04","2026-10-04","activity | categories | eventDates | relevance",""
"chamada","festival-020-edition-2026-1-call-latino-americana","festival-020","festival-020-source-history-2026","CineBH celebra 20 anos de trajetória","https://cinebh.com.br/n/cinebh-celebra-20-anos-de-uma-trajetoria-que-transformou-belo-horizonte-em-territorio-de-cinema/","oficial","20ª edição / 2026","Histórico e Brasil CineMundi","confirmado na edição atual","confirmado","2026-10-04","2026-10-04","activity | industry | relevance",""
"chamada","festival-020-edition-2026-1-call-cidade-em-movimento","festival-020","festival-020-source-call-2026","Inscrições de filmes para a 20ª CineBH","https://universoproducao.com.br/news/inscricoes-de-filmes-para-a-20a-cinebh-mostra-internacional-de-cinema-de-belo-horizonte-estao-abertas-ate-24-de-abril/","oficial","20ª edição / 2026","Chamada oficial resumida","confirmado na edição atual","parcial","2026-10-04","2026-10-04","location | activity | categories | formats | productionYear | countries | fees | opening | deadlines","Página oficial da organizadora lida integralmente; o regulamento completo vinculado não permaneceu disponível na listagem atual de inscrições."
"chamada","festival-020-edition-2026-1-call-cidade-em-movimento","festival-020","festival-020-source-program-2026","20ª CineBH anuncia 102 filmes","https://cinebh.com.br/n/20a-cinebh-anuncia-102-filmes-homenagem-a-paz-encina-e-estreia-de-conceicao-evaristo-como-atriz/","oficial","20ª edição / 2026","Programação e alcance","confirmado na edição atual","confirmado","2026-10-04","2026-10-04","activity | categories | eventDates | relevance",""
"chamada","festival-020-edition-2026-1-call-cidade-em-movimento","festival-020","festival-020-source-history-2026","CineBH celebra 20 anos de trajetória","https://cinebh.com.br/n/cinebh-celebra-20-anos-de-uma-trajetoria-que-transformou-belo-horizonte-em-territorio-de-cinema/","oficial","20ª edição / 2026","Histórico e Brasil CineMundi","confirmado na edição atual","confirmado","2026-10-04","2026-10-04","activity | industry | relevance",""
"chamada","festival-021-edition-2026-1-call-general","festival-021","festival-021-source-regulation-2026","Regulamento de inscrições 2026 da Mostra de Cinema Infantil","https://www.mostradecinemainfantil.com.br/registration-2026/","oficial","25ª edição / 2026","Regulamento integral publicado no site","confirmado na edição atual","parcial","2026-10-04","2026-10-04","location | activity | categories | formats | duration | countries | premiere | pf | pj | fees | deadlines | eventDates | materials | relevance","A página foi lida integralmente, mas apresenta conflito: o título anuncia inscrição internacional e o item 3.1 descreve a Competição Nacional. O prazo também chama 24/5/2026 de segunda-feira, embora a data caia num domingo."
"chamada","festival-021-edition-2026-1-call-general","festival-021","festival-021-source-signup-2026","Página de inscrições da 25ª Mostra de Cinema Infantil","https://www.mostradecinemainfantil.com.br/inscricoes/","oficial","25ª edição / 2026","Inscrição e edição atual","confirmado na edição atual","parcial","2026-10-04","2026-10-04","activity | categories | deadlines | eventDates",""
"chamada","festival-022-edition-2026-1-call-general","festival-022","festival-022-source-call-2026","Inscrições forumdoc.bh 2026 (encerradas)","https://www.forumdoc.org.br/noticias/inscricoes-forumdoc-bh-2026","oficial","30ª edição / 2026","Página oficial da chamada encerrada","confirmado na edição atual","parcial","2026-10-04","2026-10-04","location | activity | categories | formats | productionYear | countries | eventDates","A página oficial atual foi lida integralmente, mas não publica regulamento, datas de inscrição, taxa, duração por faixa, estreia ou pessoa autorizada."
"chamada","festival-023-edition-2026-1-call-general","festival-023","festival-023-source-call-2026","Goiânia Mostra Curtas abre período de inscrições","https://agencia.go.gov.br/goiania-mostra-curtas-abre-periodo-de-inscricoes/","oficial","24ª edição / 2026","Comunicado oficial da chamada","confirmado na edição atual","parcial","2026-10-04","2026-10-04","location | activity | categories | formats | duration | productionYear | countries | deadlines | eventDates | relevance","Comunicado oficial lido; o site próprio/regulamento integral não ficou acessível. Taxa, estreia, online e pessoa autorizada não foram inferidos."
"chamada","festival-023-edition-2026-1-call-goias","festival-023","festival-023-source-call-2026","Goiânia Mostra Curtas abre período de inscrições","https://agencia.go.gov.br/goiania-mostra-curtas-abre-periodo-de-inscricoes/","oficial","24ª edição / 2026","Comunicado oficial da chamada","confirmado na edição atual","parcial","2026-10-04","2026-10-04","location | activity | categories | formats | duration | productionYear | countries | deadlines | eventDates | relevance","Comunicado oficial lido; o site próprio/regulamento integral não ficou acessível. Taxa, estreia, online e pessoa autorizada não foram inferidos."
"chamada","festival-023-edition-2026-1-call-origens","festival-023","festival-023-source-call-2026","Goiânia Mostra Curtas abre período de inscrições","https://agencia.go.gov.br/goiania-mostra-curtas-abre-periodo-de-inscricoes/","oficial","24ª edição / 2026","Comunicado oficial da chamada","confirmado na edição atual","parcial","2026-10-04","2026-10-04","location | activity | categories | formats | duration | productionYear | countries | deadlines | eventDates | relevance","Comunicado oficial lido; o site próprio/regulamento integral não ficou acessível. Taxa, estreia, online e pessoa autorizada não foram inferidos."
"chamada","festival-023-edition-2026-1-call-mostrinha","festival-023","festival-023-source-call-2026","Goiânia Mostra Curtas abre período de inscrições","https://agencia.go.gov.br/goiania-mostra-curtas-abre-periodo-de-inscricoes/","oficial","24ª edição / 2026","Comunicado oficial da chamada","confirmado na edição atual","parcial","2026-10-04","2026-10-04","location | activity | categories | formats | duration | productionYear | countries | deadlines | eventDates | relevance","Comunicado oficial lido; o site próprio/regulamento integral não ficou acessível. Taxa, estreia, online e pessoa autorizada não foram inferidos."
"chamada","festival-024-edition-2026-1-call-general","festival-024","festival-024-source-regulation-2026","Regulamento FAM 2026","https://drive.google.com/file/d/161OjVB49PRxfa5VO-Tpk_8VDf7-0qC1w/view?usp=sharing","oficial","30ª edição / 2026","Regulamento integral","confirmado na edição atual","confirmado","2026-10-04","2026-10-04","location | activity | categories | formats | languages | duration | productionYear | countries | premiere | online | pf | pj | opening | deadlines | eventDates | resubmission | materials | relevance","PDF oficial baixado e lido integralmente. Há um erro tipográfico no quadro de datas ('FAM20256'); as datas numéricas de 2026 foram preservadas. O documento não informa taxa de inscrição."
"chamada","festival-024-edition-2026-1-call-longas","festival-024","festival-024-source-regulation-2026","Regulamento FAM 2026","https://drive.google.com/file/d/161OjVB49PRxfa5VO-Tpk_8VDf7-0qC1w/view?usp=sharing","oficial","30ª edição / 2026","Regulamento integral","confirmado na edição atual","confirmado","2026-10-04","2026-10-04","location | activity | categories | formats | languages | duration | productionYear | countries | premiere | online | pf | pj | opening | deadlines | eventDates | resubmission | materials | relevance","PDF oficial baixado e lido integralmente. Há um erro tipográfico no quadro de datas ('FAM20256'); as datas numéricas de 2026 foram preservadas. O documento não informa taxa de inscrição."
"chamada","festival-024-edition-2026-1-call-videoclipe","festival-024","festival-024-source-regulation-2026","Regulamento FAM 2026","https://drive.google.com/file/d/161OjVB49PRxfa5VO-Tpk_8VDf7-0qC1w/view?usp=sharing","oficial","30ª edição / 2026","Regulamento integral","confirmado na edição atual","confirmado","2026-10-04","2026-10-04","location | activity | categories | formats | languages | duration | productionYear | countries | premiere | online | pf | pj | opening | deadlines | eventDates | resubmission | materials | relevance","PDF oficial baixado e lido integralmente. Há um erro tipográfico no quadro de datas ('FAM20256'); as datas numéricas de 2026 foram preservadas. O documento não informa taxa de inscrição."
"chamada","festival-024-edition-2026-1-call-infantojuvenil","festival-024","festival-024-source-regulation-2026","Regulamento FAM 2026","https://drive.google.com/file/d/161OjVB49PRxfa5VO-Tpk_8VDf7-0qC1w/view?usp=sharing","oficial","30ª edição / 2026","Regulamento integral","confirmado na edição atual","confirmado","2026-10-04","2026-10-04","location | activity | categories | formats | languages | duration | productionYear | countries | premiere | online | pf | pj | opening | deadlines | eventDates | resubmission | materials | relevance","PDF oficial baixado e lido integralmente. Há um erro tipográfico no quadro de datas ('FAM20256'); as datas numéricas de 2026 foram preservadas. O documento não informa taxa de inscrição."
"chamada","festival-024-edition-2026-1-call-online","festival-024","festival-024-source-regulation-2026","Regulamento FAM 2026","https://drive.google.com/file/d/161OjVB49PRxfa5VO-Tpk_8VDf7-0qC1w/view?usp=sharing","oficial","30ª edição / 2026","Regulamento integral","confirmado na edição atual","confirmado","2026-10-04","2026-10-04","location | activity | categories | formats | languages | duration | productionYear | countries | premiere | online | pf | pj | opening | deadlines | eventDates | resubmission | materials | relevance","PDF oficial baixado e lido integralmente. Há um erro tipográfico no quadro de datas ('FAM20256'); as datas numéricas de 2026 foram preservadas. O documento não informa taxa de inscrição."
"chamada","festival-024-edition-2026-1-call-catarinense","festival-024","festival-024-source-regulation-2026","Regulamento FAM 2026","https://drive.google.com/file/d/161OjVB49PRxfa5VO-Tpk_8VDf7-0qC1w/view?usp=sharing","oficial","30ª edição / 2026","Regulamento integral","confirmado na edição atual","confirmado","2026-10-04","2026-10-04","location | activity | categories | formats | languages | duration | productionYear | countries | premiere | online | pf | pj | opening | deadlines | eventDates | resubmission | materials | relevance","PDF oficial baixado e lido integralmente. Há um erro tipográfico no quadro de datas ('FAM20256'); as datas numéricas de 2026 foram preservadas. O documento não informa taxa de inscrição."
"chamada","festival-025-edition-2026-1-call-general","festival-025","festival-025-source-regulation-2026","Regulamento do 21º Fest Aruanda","https://festaruanda.com.br/sistema/uploads/arquivos/regulamento/regulamento-festaruanda.pdf","oficial","21ª edição / 2026","Regulamento oficial","confirmado na edição atual","parcial","2026-10-04","2026-10-04","location | activity | categories | formats | duration | productionYear | countries | fees | opening | deadlines | eventDates | materials","O PDF oficial atual foi indexado e seus itens de inscrição foram lidos; a ferramenta retornou erro ao abrir o arquivo completo, portanto estreia, online e disposições finais permanecem não localizadas."
"chamada","festival-025-edition-2026-1-call-general","festival-025","festival-025-source-call-2026","Fest Aruanda ano 21 abre inscrições","https://mail.festaruanda.com.br/noticias/fest-aruanda-ano-21-abre-inscricoes-para-curtas-e-longas-","oficial","21ª edição / 2026","Comunicado oficial da chamada","confirmado na edição atual","confirmado","2026-10-04","2026-10-04","activity | categories | formats | duration | fees | opening | deadlines | eventDates | relevance",""
"chamada","festival-025-edition-2026-1-call-longas-nacionais","festival-025","festival-025-source-regulation-2026","Regulamento do 21º Fest Aruanda","https://festaruanda.com.br/sistema/uploads/arquivos/regulamento/regulamento-festaruanda.pdf","oficial","21ª edição / 2026","Regulamento oficial","confirmado na edição atual","parcial","2026-10-04","2026-10-04","location | activity | categories | formats | duration | productionYear | countries | fees | opening | deadlines | eventDates | materials","O PDF oficial atual foi indexado e seus itens de inscrição foram lidos; a ferramenta retornou erro ao abrir o arquivo completo, portanto estreia, online e disposições finais permanecem não localizadas."
"chamada","festival-025-edition-2026-1-call-longas-nacionais","festival-025","festival-025-source-call-2026","Fest Aruanda ano 21 abre inscrições","https://mail.festaruanda.com.br/noticias/fest-aruanda-ano-21-abre-inscricoes-para-curtas-e-longas-","oficial","21ª edição / 2026","Comunicado oficial da chamada","confirmado na edição atual","confirmado","2026-10-04","2026-10-04","activity | categories | formats | duration | fees | opening | deadlines | eventDates | relevance",""
"chamada","festival-025-edition-2026-1-call-nordestino","festival-025","festival-025-source-regulation-2026","Regulamento do 21º Fest Aruanda","https://festaruanda.com.br/sistema/uploads/arquivos/regulamento/regulamento-festaruanda.pdf","oficial","21ª edição / 2026","Regulamento oficial","confirmado na edição atual","parcial","2026-10-04","2026-10-04","location | activity | categories | formats | duration | productionYear | countries | fees | opening | deadlines | eventDates | materials","O PDF oficial atual foi indexado e seus itens de inscrição foram lidos; a ferramenta retornou erro ao abrir o arquivo completo, portanto estreia, online e disposições finais permanecem não localizadas."
"chamada","festival-025-edition-2026-1-call-nordestino","festival-025","festival-025-source-call-2026","Fest Aruanda ano 21 abre inscrições","https://mail.festaruanda.com.br/noticias/fest-aruanda-ano-21-abre-inscricoes-para-curtas-e-longas-","oficial","21ª edição / 2026","Comunicado oficial da chamada","confirmado na edição atual","confirmado","2026-10-04","2026-10-04","activity | categories | formats | duration | fees | opening | deadlines | eventDates | relevance",""
"chamada","festival-025-edition-2026-1-call-tv-universitaria","festival-025","festival-025-source-regulation-2026","Regulamento do 21º Fest Aruanda","https://festaruanda.com.br/sistema/uploads/arquivos/regulamento/regulamento-festaruanda.pdf","oficial","21ª edição / 2026","Regulamento oficial","confirmado na edição atual","parcial","2026-10-04","2026-10-04","location | activity | categories | formats | duration | productionYear | countries | fees | opening | deadlines | eventDates | materials","O PDF oficial atual foi indexado e seus itens de inscrição foram lidos; a ferramenta retornou erro ao abrir o arquivo completo, portanto estreia, online e disposições finais permanecem não localizadas."
"chamada","festival-025-edition-2026-1-call-tv-universitaria","festival-025","festival-025-source-call-2026","Fest Aruanda ano 21 abre inscrições","https://mail.festaruanda.com.br/noticias/fest-aruanda-ano-21-abre-inscricoes-para-curtas-e-longas-","oficial","21ª edição / 2026","Comunicado oficial da chamada","confirmado na edição atual","confirmado","2026-10-04","2026-10-04","activity | categories | formats | duration | fees | opening | deadlines | eventDates | relevance",""
"chamada","festival-025-edition-2026-1-call-tcc-pb","festival-025","festival-025-source-regulation-2026","Regulamento do 21º Fest Aruanda","https://festaruanda.com.br/sistema/uploads/arquivos/regulamento/regulamento-festaruanda.pdf","oficial","21ª edição / 2026","Regulamento oficial","confirmado na edição atual","parcial","2026-10-04","2026-10-04","location | activity | categories | formats | duration | productionYear | countries | fees | opening | deadlines | eventDates | materials","O PDF oficial atual foi indexado e seus itens de inscrição foram lidos; a ferramenta retornou erro ao abrir o arquivo completo, portanto estreia, online e disposições finais permanecem não localizadas."
"chamada","festival-025-edition-2026-1-call-tcc-pb","festival-025","festival-025-source-call-2026","Fest Aruanda ano 21 abre inscrições","https://mail.festaruanda.com.br/noticias/fest-aruanda-ano-21-abre-inscricoes-para-curtas-e-longas-","oficial","21ª edição / 2026","Comunicado oficial da chamada","confirmado na edição atual","confirmado","2026-10-04","2026-10-04","activity | categories | formats | duration | fees | opening | deadlines | eventDates | relevance",""
"chamada","festival-025-edition-2026-1-call-videoclipe-pb","festival-025","festival-025-source-regulation-2026","Regulamento do 21º Fest Aruanda","https://festaruanda.com.br/sistema/uploads/arquivos/regulamento/regulamento-festaruanda.pdf","oficial","21ª edição / 2026","Regulamento oficial","confirmado na edição atual","parcial","2026-10-04","2026-10-04","location | activity | categories | formats | duration | productionYear | countries | fees | opening | deadlines | eventDates | materials","O PDF oficial atual foi indexado e seus itens de inscrição foram lidos; a ferramenta retornou erro ao abrir o arquivo completo, portanto estreia, online e disposições finais permanecem não localizadas."
"chamada","festival-025-edition-2026-1-call-videoclipe-pb","festival-025","festival-025-source-call-2026","Fest Aruanda ano 21 abre inscrições","https://mail.festaruanda.com.br/noticias/fest-aruanda-ano-21-abre-inscricoes-para-curtas-e-longas-","oficial","21ª edição / 2026","Comunicado oficial da chamada","confirmado na edição atual","confirmado","2026-10-04","2026-10-04","activity | categories | formats | duration | fees | opening | deadlines | eventDates | relevance",""
"chamada","festival-026-edition-2026-1-call-general","festival-026","festival-026-source-regulation-2026","Edital do 49º Guarnicê de Cinema","https://guarnice49.ufma.br/wp-content/uploads/2026/01/Edital_49-Guarnice-2026.pdf","oficial","49ª edição / 2026","Regulamento integral das mostras Nacional e Maranhão","confirmado na edição atual","confirmado","2026-10-04","2026-10-04","location | activity | categories | formats | languages | duration | productionYear | countries | premiere | online | pf | pj | fees | opening | deadlines | eventDates | resubmission | materials | relevance",""
"chamada","festival-026-edition-2026-1-call-general","festival-026","festival-026-source-page-2026","Editais e regulamentos do 49º Guarnicê","https://guarnice49.ufma.br/edital/","oficial","49ª edição / 2026","Página de documentos e edição","confirmado na edição atual","confirmado","2026-10-04","2026-10-04","activity | categories | eventDates | relevance",""
"chamada","festival-026-edition-2026-1-call-nacional-longa","festival-026","festival-026-source-regulation-2026","Edital do 49º Guarnicê de Cinema","https://guarnice49.ufma.br/wp-content/uploads/2026/01/Edital_49-Guarnice-2026.pdf","oficial","49ª edição / 2026","Regulamento integral das mostras Nacional e Maranhão","confirmado na edição atual","confirmado","2026-10-04","2026-10-04","location | activity | categories | formats | languages | duration | productionYear | countries | premiere | online | pf | pj | fees | opening | deadlines | eventDates | resubmission | materials | relevance",""
"chamada","festival-026-edition-2026-1-call-nacional-longa","festival-026","festival-026-source-page-2026","Editais e regulamentos do 49º Guarnicê","https://guarnice49.ufma.br/edital/","oficial","49ª edição / 2026","Página de documentos e edição","confirmado na edição atual","confirmado","2026-10-04","2026-10-04","activity | categories | eventDates | relevance",""
"chamada","festival-026-edition-2026-1-call-maranhao-curta","festival-026","festival-026-source-regulation-2026","Edital do 49º Guarnicê de Cinema","https://guarnice49.ufma.br/wp-content/uploads/2026/01/Edital_49-Guarnice-2026.pdf","oficial","49ª edição / 2026","Regulamento integral das mostras Nacional e Maranhão","confirmado na edição atual","confirmado","2026-10-04","2026-10-04","location | activity | categories | formats | languages | duration | productionYear | countries | premiere | online | pf | pj | fees | opening | deadlines | eventDates | resubmission | materials | relevance",""
"chamada","festival-026-edition-2026-1-call-maranhao-curta","festival-026","festival-026-source-page-2026","Editais e regulamentos do 49º Guarnicê","https://guarnice49.ufma.br/edital/","oficial","49ª edição / 2026","Página de documentos e edição","confirmado na edição atual","confirmado","2026-10-04","2026-10-04","activity | categories | eventDates | relevance",""
"chamada","festival-026-edition-2026-1-call-maranhao-longa","festival-026","festival-026-source-regulation-2026","Edital do 49º Guarnicê de Cinema","https://guarnice49.ufma.br/wp-content/uploads/2026/01/Edital_49-Guarnice-2026.pdf","oficial","49ª edição / 2026","Regulamento integral das mostras Nacional e Maranhão","confirmado na edição atual","confirmado","2026-10-04","2026-10-04","location | activity | categories | formats | languages | duration | productionYear | countries | premiere | online | pf | pj | fees | opening | deadlines | eventDates | resubmission | materials | relevance",""
"chamada","festival-026-edition-2026-1-call-maranhao-longa","festival-026","festival-026-source-page-2026","Editais e regulamentos do 49º Guarnicê","https://guarnice49.ufma.br/edital/","oficial","49ª edição / 2026","Página de documentos e edição","confirmado na edição atual","confirmado","2026-10-04","2026-10-04","activity | categories | eventDates | relevance",""
"chamada","festival-026-edition-2026-1-call-maranhao-videoclipe","festival-026","festival-026-source-regulation-2026","Edital do 49º Guarnicê de Cinema","https://guarnice49.ufma.br/wp-content/uploads/2026/01/Edital_49-Guarnice-2026.pdf","oficial","49ª edição / 2026","Regulamento integral das mostras Nacional e Maranhão","confirmado na edição atual","confirmado","2026-10-04","2026-10-04","location | activity | categories | formats | languages | duration | productionYear | countries | premiere | online | pf | pj | fees | opening | deadlines | eventDates | resubmission | materials | relevance",""
"chamada","festival-026-edition-2026-1-call-maranhao-videoclipe","festival-026","festival-026-source-page-2026","Editais e regulamentos do 49º Guarnicê","https://guarnice49.ufma.br/edital/","oficial","49ª edição / 2026","Página de documentos e edição","confirmado na edição atual","confirmado","2026-10-04","2026-10-04","activity | categories | eventDates | relevance",""
"chamada","festival-026-edition-2026-1-call-universitaria","festival-026","festival-026-source-university-2026","Regulamento da Mostra Universitária de Cinema","https://guarnice49.ufma.br/regulamento-mostra-universitaria-de-cinema/","oficial","49ª edição / 2026","Regulamento integral da chamada universitária","confirmado na edição atual","confirmado","2026-10-04","2026-10-04","categories | formats | duration | productionYear | countries | pf | fees | opening | deadlines | eventDates | materials",""
"chamada","festival-027-edition-2026-1-call-general","festival-027","festival-027-source-regulation-2026","Regulamento da 13ª Mostra de Cinema de Gostoso","https://www.mostradecinemadegostoso.com.br/regulamento","oficial","13ª edição / 2026","Página ou regulamento consultado","confirmado na edição atual","confirmado","2026-10-04","2026-10-04","localização | atividade | categorias | duração | elegibilidade territorial | produção/conclusão | estreia | exibição online | pessoa autorizada a inscrever | taxas | abertura | encerramento | realização | relevância","Regulamento oficial integralmente lido."
"chamada","festival-027-edition-2026-1-call-general","festival-027","festival-027-source-signup-2026","Inscrição da 13ª Mostra de Cinema de Gostoso","https://www.mostradecinemadegostoso.com.br/inscricao","oficial","13ª edição / 2026","Página ou regulamento consultado","confirmado na edição atual","confirmado","2026-10-04","2026-10-04","opening | deadlines | fees",""
"chamada","festival-027-edition-2026-1-call-general","festival-027","festival-027-source-home-2026","Página oficial — prazo prorrogado e realização","https://www.mostradecinemadegostoso.com.br/","oficial","13ª edição / 2026","Página ou regulamento consultado","confirmado na edição atual","confirmado","2026-10-04","2026-10-04","deadlines | eventDates | relevance",""
"chamada","festival-028-edition-2025-1-call-general","festival-028","festival-028-source-call-2025","Inscrições abertas — X CachoeiraDoc","https://xcachoeiradoc.com/blog/inscricoesabertas/","oficial","10ª edição / 2025","Página ou regulamento consultado","confirmado em edição anterior","edição anterior","2026-10-04","2026-10-04","location | activity | categories | duration | productionYear | countries | opening | deadlines | eventDates | relevance","Última chamada oficial localizada. Nenhuma edição 2026 foi encontrada até a data de acesso."
"chamada","festival-028-edition-2025-1-call-longas","festival-028","festival-028-source-call-2025","Inscrições abertas — X CachoeiraDoc","https://xcachoeiradoc.com/blog/inscricoesabertas/","oficial","10ª edição / 2025","Página ou regulamento consultado","confirmado em edição anterior","edição anterior","2026-10-04","2026-10-04","location | activity | categories | duration | productionYear | countries | opening | deadlines | eventDates | relevance","Última chamada oficial localizada. Nenhuma edição 2026 foi encontrada até a data de acesso."
"chamada","festival-029-edition-2026-1-call-general","festival-029","festival-029-source-call-2026","Convocatória da Mostra Competitiva Brasil — 16º Cine Esquema Novo","https://15cen.cineesquemanovo.org/cine-esquema-novo-arte-audiovisual-brasileira-confirma-sua-16a-edicao-e-abre-convocatoria-para-mostra-competitiva-brasil/","oficial","16ª edição / 2026","Página ou regulamento consultado","confirmado na edição atual","parcial","2026-10-04","2026-10-04","location | activity | categories | countries | opening | deadlines | eventDates | relevance","Página oficial detalhada localizada; regulamento integral vinculado não foi recuperado."
"chamada","festival-030-edition-2026-1-call-general","festival-030","festival-030-source-call-2026","Inscrições da 18ª edição do In-Edit Brasil","https://br.in-edit.org/in-edit-brasil-abre-as-inscricoes-para-a-sua-18a-edicao/","oficial","18ª edição / 2026","Página ou regulamento consultado","confirmado na edição atual","confirmado","2026-10-04","2026-10-04","activity | categories | duration | productionYear | countries | premiere | online | opening | deadlines | eventDates | relevance","Página oficial de chamada integralmente lida; o PDF vinculado não foi recuperado."
"chamada","festival-030-edition-2026-1-call-mostra-brasil","festival-030","festival-030-source-call-2026","Inscrições da 18ª edição do In-Edit Brasil","https://br.in-edit.org/in-edit-brasil-abre-as-inscricoes-para-a-sua-18a-edicao/","oficial","18ª edição / 2026","Página ou regulamento consultado","confirmado na edição atual","confirmado","2026-10-04","2026-10-04","activity | categories | duration | productionYear | countries | premiere | online | opening | deadlines | eventDates | relevance","Página oficial de chamada integralmente lida; o PDF vinculado não foi recuperado."
"chamada","festival-030-edition-2026-1-call-curta-um-som","festival-030","festival-030-source-call-2026","Inscrições da 18ª edição do In-Edit Brasil","https://br.in-edit.org/in-edit-brasil-abre-as-inscricoes-para-a-sua-18a-edicao/","oficial","18ª edição / 2026","Página ou regulamento consultado","confirmado na edição atual","confirmado","2026-10-04","2026-10-04","activity | categories | duration | productionYear | countries | premiere | online | opening | deadlines | eventDates | relevance","Página oficial de chamada integralmente lida; o PDF vinculado não foi recuperado."
"chamada","festival-031-edition-2025-1-call-general","festival-031","festival-031-source-call-2025","13º Curta Brasília abre inscrições","https://turismoemfoco.com.br/v1/2025/07/15/13o-curta-brasilia-festival-internacional-de-curta-metragem-abre-inscricoes-ate-o-dia-17-de-agosto/","fonte secundária","13ª edição / 2025","Página ou regulamento consultado","confirmado em edição anterior","edição anterior","2026-10-04","2026-10-04","activity | categories | duration | productionYear | countries | fees | opening | deadlines","Página oficial/regulamento não foram localizados. Há financiamento público para a 14ª edição, mas chamada e datas de 2026 não foram publicadas/localizadas."
"chamada","festival-032-edition-2026-1-call-general","festival-032","festival-032-source-regulation-2026","Regulamento e inscrições do 19º Curta Taquary","https://curtataquary.org/incricoes-19-curta-taquary/","oficial","19ª edição / 2026","Página ou regulamento consultado","confirmado na edição atual","confirmado","2026-10-04","2026-10-04","localização | atividade | categorias | duração | elegibilidade territorial | produção/conclusão | estreia | exibição online | pessoa autorizada a inscrever | taxas | abertura | encerramento | realização | relevância","Página oficial integralmente lida."
"chamada","festival-032-edition-2026-1-call-primeiros-passos","festival-032","festival-032-source-regulation-2026","Regulamento e inscrições do 19º Curta Taquary","https://curtataquary.org/incricoes-19-curta-taquary/","oficial","19ª edição / 2026","Página ou regulamento consultado","confirmado na edição atual","confirmado","2026-10-04","2026-10-04","localização | atividade | categorias | duração | elegibilidade territorial | produção/conclusão | estreia | exibição online | pessoa autorizada a inscrever | taxas | abertura | encerramento | realização | relevância","Página oficial integralmente lida."
"chamada","festival-032-edition-2026-1-call-dalia-serra","festival-032","festival-032-source-regulation-2026","Regulamento e inscrições do 19º Curta Taquary","https://curtataquary.org/incricoes-19-curta-taquary/","oficial","19ª edição / 2026","Página ou regulamento consultado","confirmado na edição atual","confirmado","2026-10-04","2026-10-04","localização | atividade | categorias | duração | elegibilidade territorial | produção/conclusão | estreia | exibição online | pessoa autorizada a inscrever | taxas | abertura | encerramento | realização | relevância","Página oficial integralmente lida."
"chamada","festival-032-edition-2026-1-call-universitaria","festival-032","festival-032-source-regulation-2026","Regulamento e inscrições do 19º Curta Taquary","https://curtataquary.org/incricoes-19-curta-taquary/","oficial","19ª edição / 2026","Página ou regulamento consultado","confirmado na edição atual","confirmado","2026-10-04","2026-10-04","localização | atividade | categorias | duração | elegibilidade territorial | produção/conclusão | estreia | exibição online | pessoa autorizada a inscrever | taxas | abertura | encerramento | realização | relevância","Página oficial integralmente lida."
"chamada","festival-032-edition-2026-1-call-diversidade","festival-032","festival-032-source-regulation-2026","Regulamento e inscrições do 19º Curta Taquary","https://curtataquary.org/incricoes-19-curta-taquary/","oficial","19ª edição / 2026","Página ou regulamento consultado","confirmado na edição atual","confirmado","2026-10-04","2026-10-04","localização | atividade | categorias | duração | elegibilidade territorial | produção/conclusão | estreia | exibição online | pessoa autorizada a inscrever | taxas | abertura | encerramento | realização | relevância","Página oficial integralmente lida."
"chamada","festival-032-edition-2026-1-call-fantastica","festival-032","festival-032-source-regulation-2026","Regulamento e inscrições do 19º Curta Taquary","https://curtataquary.org/incricoes-19-curta-taquary/","oficial","19ª edição / 2026","Página ou regulamento consultado","confirmado na edição atual","confirmado","2026-10-04","2026-10-04","localização | atividade | categorias | duração | elegibilidade territorial | produção/conclusão | estreia | exibição online | pessoa autorizada a inscrever | taxas | abertura | encerramento | realização | relevância","Página oficial integralmente lida."
"chamada","festival-032-edition-2026-1-call-criancine","festival-032","festival-032-source-regulation-2026","Regulamento e inscrições do 19º Curta Taquary","https://curtataquary.org/incricoes-19-curta-taquary/","oficial","19ª edição / 2026","Página ou regulamento consultado","confirmado na edição atual","confirmado","2026-10-04","2026-10-04","localização | atividade | categorias | duração | elegibilidade territorial | produção/conclusão | estreia | exibição online | pessoa autorizada a inscrever | taxas | abertura | encerramento | realização | relevância","Página oficial integralmente lida."
"chamada","festival-032-edition-2026-1-call-pernambuco","festival-032","festival-032-source-regulation-2026","Regulamento e inscrições do 19º Curta Taquary","https://curtataquary.org/incricoes-19-curta-taquary/","oficial","19ª edição / 2026","Página ou regulamento consultado","confirmado na edição atual","confirmado","2026-10-04","2026-10-04","localização | atividade | categorias | duração | elegibilidade territorial | produção/conclusão | estreia | exibição online | pessoa autorizada a inscrever | taxas | abertura | encerramento | realização | relevância","Página oficial integralmente lida."
"chamada","festival-032-edition-2026-1-call-agreste","festival-032","festival-032-source-regulation-2026","Regulamento e inscrições do 19º Curta Taquary","https://curtataquary.org/incricoes-19-curta-taquary/","oficial","19ª edição / 2026","Página ou regulamento consultado","confirmado na edição atual","confirmado","2026-10-04","2026-10-04","localização | atividade | categorias | duração | elegibilidade territorial | produção/conclusão | estreia | exibição online | pessoa autorizada a inscrever | taxas | abertura | encerramento | realização | relevância","Página oficial integralmente lida."
"chamada","festival-032-edition-2026-1-call-planeta-melhor","festival-032","festival-032-source-regulation-2026","Regulamento e inscrições do 19º Curta Taquary","https://curtataquary.org/incricoes-19-curta-taquary/","oficial","19ª edição / 2026","Página ou regulamento consultado","confirmado na edição atual","confirmado","2026-10-04","2026-10-04","localização | atividade | categorias | duração | elegibilidade territorial | produção/conclusão | estreia | exibição online | pessoa autorizada a inscrever | taxas | abertura | encerramento | realização | relevância","Página oficial integralmente lida."
"chamada","festival-033-edition-2026-1-call-general","festival-033","festival-033-source-site-2026","17º Festival Internacional de Cinema da Fronteira","https://www.festivaldafronteira.com.br/","oficial","17ª edição / 2026","Página ou regulamento consultado","confirmado na edição atual","parcial","2026-10-04","2026-10-04","location | activity | categories | eventDates | relevance","Site oficial consultado. Nenhum regulamento ou chamada pública de filmes foi localizado; oficinas e laboratório possuem fluxos próprios."
"chamada","festival-034-edition-2026-1-call-general","festival-034","festival-034-source-domestic-call-2026","Curta Santos abre inscrições para quatro mostras competitivas","https://www.cbnsantos.com.br/amp/noticias/cultura/festival-curta-santos-abre-inscricoes-gratuitas-para-edicao-de-2026-com-quatro-mostras-competitivas.html","fonte secundária","24ª edição / 2026","Página ou regulamento consultado","confirmado na edição atual","parcial","2026-10-04","2026-10-04","categories | duration | productionYear | countries | fees | deadlines | eventDates","Fonte jornalística local; regulamento doméstico oficial não foi localizado."
"chamada","festival-034-edition-2026-1-call-videoclipe-caicara","festival-034","festival-034-source-domestic-call-2026","Curta Santos abre inscrições para quatro mostras competitivas","https://www.cbnsantos.com.br/amp/noticias/cultura/festival-curta-santos-abre-inscricoes-gratuitas-para-edicao-de-2026-com-quatro-mostras-competitivas.html","fonte secundária","24ª edição / 2026","Página ou regulamento consultado","confirmado na edição atual","parcial","2026-10-04","2026-10-04","categories | duration | productionYear | countries | fees | deadlines | eventDates","Fonte jornalística local; regulamento doméstico oficial não foi localizado."
"chamada","festival-034-edition-2026-1-call-olhar-brasilis","festival-034","festival-034-source-domestic-call-2026","Curta Santos abre inscrições para quatro mostras competitivas","https://www.cbnsantos.com.br/amp/noticias/cultura/festival-curta-santos-abre-inscricoes-gratuitas-para-edicao-de-2026-com-quatro-mostras-competitivas.html","fonte secundária","24ª edição / 2026","Página ou regulamento consultado","confirmado na edição atual","parcial","2026-10-04","2026-10-04","categories | duration | productionYear | countries | fees | deadlines | eventDates","Fonte jornalística local; regulamento doméstico oficial não foi localizado."
"chamada","festival-034-edition-2026-1-call-vertical","festival-034","festival-034-source-domestic-call-2026","Curta Santos abre inscrições para quatro mostras competitivas","https://www.cbnsantos.com.br/amp/noticias/cultura/festival-curta-santos-abre-inscricoes-gratuitas-para-edicao-de-2026-com-quatro-mostras-competitivas.html","fonte secundária","24ª edição / 2026","Página ou regulamento consultado","confirmado na edição atual","parcial","2026-10-04","2026-10-04","categories | duration | productionYear | countries | fees | deadlines | eventDates","Fonte jornalística local; regulamento doméstico oficial não foi localizado."
"chamada","festival-034-edition-2026-1-call-internacional","festival-034","festival-034-source-festhome-2026","Curta Santos — Mostra Internacional no Festhome","https://filmmakers.festhome.com/pt/festival/curta-santos-festival-de-cinema-de-santos","plataforma de inscrição","24ª edição / 2026","Página ou regulamento consultado","confirmado na edição atual","confirmado","2026-10-04","2026-10-04","location | activity | categories | duration | countries | premiere | fees | deadlines | eventDates | pf | materials","Página integral da chamada internacional lida."
"chamada","festival-035-edition-2026-1-call-general","festival-035","festival-035-source-site-2026","28º Festival Kinoarte de Cinema","https://kinoarte.org/festival/schedule/","oficial","28ª edição / 2026","Página ou regulamento consultado","confirmado na edição atual","parcial","2026-10-04","2026-10-04","activity | categories | duration | productionYear | countries | deadlines | eventDates | relevance","Página oficial atual indexada, mas dependente de JavaScript. Regras atuais foram conferidas no conteúdo indexado; o arquivo PDF retornado pelo servidor mantém nome/cópia de 2025 e não foi usado como confirmação isolada."
"chamada","festival-035-edition-2026-1-call-general","festival-035","festival-035-source-city-2026","Festival Kinoarte segue com inscrições abertas","https://blog.londrina.pr.gov.br/?p=212985","fonte secundária","28ª edição / 2026","Página ou regulamento consultado","confirmado na edição atual","confirmado","2026-10-04","2026-10-04","location | activity | duration | productionYear | fees | deadlines | eventDates | relevance","Portal da Prefeitura de Londrina confirma prazo, gratuidade e realização."
"chamada","festival-035-edition-2026-1-call-nacional","festival-035","festival-035-source-site-2026","28º Festival Kinoarte de Cinema","https://kinoarte.org/festival/schedule/","oficial","28ª edição / 2026","Página ou regulamento consultado","confirmado na edição atual","parcial","2026-10-04","2026-10-04","activity | categories | duration | productionYear | countries | deadlines | eventDates | relevance","Página oficial atual indexada, mas dependente de JavaScript. Regras atuais foram conferidas no conteúdo indexado; o arquivo PDF retornado pelo servidor mantém nome/cópia de 2025 e não foi usado como confirmação isolada."
"chamada","festival-035-edition-2026-1-call-nacional","festival-035","festival-035-source-city-2026","Festival Kinoarte segue com inscrições abertas","https://blog.londrina.pr.gov.br/?p=212985","fonte secundária","28ª edição / 2026","Página ou regulamento consultado","confirmado na edição atual","confirmado","2026-10-04","2026-10-04","location | activity | duration | productionYear | fees | deadlines | eventDates | relevance","Portal da Prefeitura de Londrina confirma prazo, gratuidade e realização."
"chamada","festival-035-edition-2026-1-call-paranaense","festival-035","festival-035-source-site-2026","28º Festival Kinoarte de Cinema","https://kinoarte.org/festival/schedule/","oficial","28ª edição / 2026","Página ou regulamento consultado","confirmado na edição atual","parcial","2026-10-04","2026-10-04","activity | categories | duration | productionYear | countries | deadlines | eventDates | relevance","Página oficial atual indexada, mas dependente de JavaScript. Regras atuais foram conferidas no conteúdo indexado; o arquivo PDF retornado pelo servidor mantém nome/cópia de 2025 e não foi usado como confirmação isolada."
"chamada","festival-035-edition-2026-1-call-paranaense","festival-035","festival-035-source-city-2026","Festival Kinoarte segue com inscrições abertas","https://blog.londrina.pr.gov.br/?p=212985","fonte secundária","28ª edição / 2026","Página ou regulamento consultado","confirmado na edição atual","confirmado","2026-10-04","2026-10-04","location | activity | duration | productionYear | fees | deadlines | eventDates | relevance","Portal da Prefeitura de Londrina confirma prazo, gratuidade e realização."
"chamada","festival-035-edition-2026-1-call-londrinense","festival-035","festival-035-source-site-2026","28º Festival Kinoarte de Cinema","https://kinoarte.org/festival/schedule/","oficial","28ª edição / 2026","Página ou regulamento consultado","confirmado na edição atual","parcial","2026-10-04","2026-10-04","activity | categories | duration | productionYear | countries | deadlines | eventDates | relevance","Página oficial atual indexada, mas dependente de JavaScript. Regras atuais foram conferidas no conteúdo indexado; o arquivo PDF retornado pelo servidor mantém nome/cópia de 2025 e não foi usado como confirmação isolada."
"chamada","festival-035-edition-2026-1-call-londrinense","festival-035","festival-035-source-city-2026","Festival Kinoarte segue com inscrições abertas","https://blog.londrina.pr.gov.br/?p=212985","fonte secundária","28ª edição / 2026","Página ou regulamento consultado","confirmado na edição atual","confirmado","2026-10-04","2026-10-04","location | activity | duration | productionYear | fees | deadlines | eventDates | relevance","Portal da Prefeitura de Londrina confirma prazo, gratuidade e realização."
"chamada","festival-036-edition-2026-1-call-general","festival-036","festival-036-source-regulation-2026","Regulamento do Curta-SE 25","https://curtase.com.br/wp-content/uploads/2026/04/Regulamento_Curta-SE-25_PT.pdf","oficial","25ª edição / 2026","Página ou regulamento consultado","confirmado na edição atual","confirmado","2026-10-04","2026-10-04","localização | atividade | categorias | duração | elegibilidade territorial | produção/conclusão | estreia | exibição online | pessoa autorizada a inscrever | taxas | abertura | encerramento | realização | relevância","Regulamento oficial de seis páginas integralmente lido. Datas de realização nele impressas foram posteriormente alteradas pelo site oficial."
"chamada","festival-036-edition-2026-1-call-curta-se","festival-036","festival-036-source-regulation-2026","Regulamento do Curta-SE 25","https://curtase.com.br/wp-content/uploads/2026/04/Regulamento_Curta-SE-25_PT.pdf","oficial","25ª edição / 2026","Página ou regulamento consultado","confirmado na edição atual","confirmado","2026-10-04","2026-10-04","localização | atividade | categorias | duração | elegibilidade territorial | produção/conclusão | estreia | exibição online | pessoa autorizada a inscrever | taxas | abertura | encerramento | realização | relevância","Regulamento oficial de seis páginas integralmente lido. Datas de realização nele impressas foram posteriormente alteradas pelo site oficial."
"chamada","festival-036-edition-2026-1-call-longa","festival-036","festival-036-source-regulation-2026","Regulamento do Curta-SE 25","https://curtase.com.br/wp-content/uploads/2026/04/Regulamento_Curta-SE-25_PT.pdf","oficial","25ª edição / 2026","Página ou regulamento consultado","confirmado na edição atual","confirmado","2026-10-04","2026-10-04","localização | atividade | categorias | duração | elegibilidade territorial | produção/conclusão | estreia | exibição online | pessoa autorizada a inscrever | taxas | abertura | encerramento | realização | relevância","Regulamento oficial de seis páginas integralmente lido. Datas de realização nele impressas foram posteriormente alteradas pelo site oficial."
"chamada","festival-036-edition-2026-1-call-trailer","festival-036","festival-036-source-regulation-2026","Regulamento do Curta-SE 25","https://curtase.com.br/wp-content/uploads/2026/04/Regulamento_Curta-SE-25_PT.pdf","oficial","25ª edição / 2026","Página ou regulamento consultado","confirmado na edição atual","confirmado","2026-10-04","2026-10-04","localização | atividade | categorias | duração | elegibilidade territorial | produção/conclusão | estreia | exibição online | pessoa autorizada a inscrever | taxas | abertura | encerramento | realização | relevância","Regulamento oficial de seis páginas integralmente lido. Datas de realização nele impressas foram posteriormente alteradas pelo site oficial."
"chamada","festival-036-edition-2026-1-call-videoclipe","festival-036","festival-036-source-regulation-2026","Regulamento do Curta-SE 25","https://curtase.com.br/wp-content/uploads/2026/04/Regulamento_Curta-SE-25_PT.pdf","oficial","25ª edição / 2026","Página ou regulamento consultado","confirmado na edição atual","confirmado","2026-10-04","2026-10-04","localização | atividade | categorias | duração | elegibilidade territorial | produção/conclusão | estreia | exibição online | pessoa autorizada a inscrever | taxas | abertura | encerramento | realização | relevância","Regulamento oficial de seis páginas integralmente lido. Datas de realização nele impressas foram posteriormente alteradas pelo site oficial."
"chamada","festival-037-edition-2025-1-call-general","festival-037","festival-037-source-regulation-2025","Regulamento do 15º Curta Canoa","https://curtacanoa.com/wp-content/uploads/2025/04/Regulamento-Espanhol-Curta-Canoa.pdf","oficial","15ª edição / 2025","Página ou regulamento consultado","confirmado em edição anterior","edição anterior","2026-10-04","2026-10-04","localização | atividade | categorias | duração | elegibilidade territorial | produção/conclusão | estreia | exibição online | pessoa autorizada a inscrever | taxas | abertura | encerramento | realização | relevância","Regulamento oficial integralmente lido. Nenhuma chamada 2026 foi localizada."
"chamada","festival-038-edition-2026-1-call-general","festival-038","festival-038-source-mapacultural-2026","Edital do 17º Festival de Cinema de Triunfo","https://www.mapacultural.pe.gov.br/oportunidade/3402/#info","plataforma de inscrição","17ª edição / 2026","Página ou regulamento consultado","confirmado na edição atual","parcial","2026-10-04","2026-10-04","location | activity | categories | formats | productionYear | countries | pf | pj | fees | opening | deadlines | eventDates","Oportunidade oficial localizada, mas a plataforma dinâmica não permitiu leitura integral do edital neste acesso."
"chamada","festival-038-edition-2026-1-call-general","festival-038","festival-038-source-current-report-2026","Festival de Cinema de Triunfo abre inscrições para filmes nacionais e pernambucanos","https://jc.uol.com.br/cultura/2026/09/23/festival-de-cinema-de-triunfo-abre-inscricoes-para-filmes-nacionais-e-pernambucanos.html","fonte secundária","17ª edição / 2026","Página ou regulamento consultado","confirmado na edição atual","parcial","2026-10-04","2026-10-04","activity | categories | formats | productionYear | pf | pj | fees | opening | deadlines | eventDates | relevance","Fonte jornalística atual remete ao edital oficial e registra os principais critérios."
"chamada","festival-038-edition-2026-1-call-curta-media-nacional","festival-038","festival-038-source-mapacultural-2026","Edital do 17º Festival de Cinema de Triunfo","https://www.mapacultural.pe.gov.br/oportunidade/3402/#info","plataforma de inscrição","17ª edição / 2026","Página ou regulamento consultado","confirmado na edição atual","parcial","2026-10-04","2026-10-04","location | activity | categories | formats | productionYear | countries | pf | pj | fees | opening | deadlines | eventDates","Oportunidade oficial localizada, mas a plataforma dinâmica não permitiu leitura integral do edital neste acesso."
"chamada","festival-038-edition-2026-1-call-curta-media-nacional","festival-038","festival-038-source-current-report-2026","Festival de Cinema de Triunfo abre inscrições para filmes nacionais e pernambucanos","https://jc.uol.com.br/cultura/2026/09/23/festival-de-cinema-de-triunfo-abre-inscricoes-para-filmes-nacionais-e-pernambucanos.html","fonte secundária","17ª edição / 2026","Página ou regulamento consultado","confirmado na edição atual","parcial","2026-10-04","2026-10-04","activity | categories | formats | productionYear | pf | pj | fees | opening | deadlines | eventDates | relevance","Fonte jornalística atual remete ao edital oficial e registra os principais critérios."
"chamada","festival-038-edition-2026-1-call-curta-media-pe","festival-038","festival-038-source-mapacultural-2026","Edital do 17º Festival de Cinema de Triunfo","https://www.mapacultural.pe.gov.br/oportunidade/3402/#info","plataforma de inscrição","17ª edição / 2026","Página ou regulamento consultado","confirmado na edição atual","parcial","2026-10-04","2026-10-04","location | activity | categories | formats | productionYear | countries | pf | pj | fees | opening | deadlines | eventDates","Oportunidade oficial localizada, mas a plataforma dinâmica não permitiu leitura integral do edital neste acesso."
"chamada","festival-038-edition-2026-1-call-curta-media-pe","festival-038","festival-038-source-current-report-2026","Festival de Cinema de Triunfo abre inscrições para filmes nacionais e pernambucanos","https://jc.uol.com.br/cultura/2026/09/23/festival-de-cinema-de-triunfo-abre-inscricoes-para-filmes-nacionais-e-pernambucanos.html","fonte secundária","17ª edição / 2026","Página ou regulamento consultado","confirmado na edição atual","parcial","2026-10-04","2026-10-04","activity | categories | formats | productionYear | pf | pj | fees | opening | deadlines | eventDates | relevance","Fonte jornalística atual remete ao edital oficial e registra os principais critérios."
"chamada","festival-038-edition-2026-1-call-infantojuvenil","festival-038","festival-038-source-mapacultural-2026","Edital do 17º Festival de Cinema de Triunfo","https://www.mapacultural.pe.gov.br/oportunidade/3402/#info","plataforma de inscrição","17ª edição / 2026","Página ou regulamento consultado","confirmado na edição atual","parcial","2026-10-04","2026-10-04","location | activity | categories | formats | productionYear | countries | pf | pj | fees | opening | deadlines | eventDates","Oportunidade oficial localizada, mas a plataforma dinâmica não permitiu leitura integral do edital neste acesso."
"chamada","festival-038-edition-2026-1-call-infantojuvenil","festival-038","festival-038-source-current-report-2026","Festival de Cinema de Triunfo abre inscrições para filmes nacionais e pernambucanos","https://jc.uol.com.br/cultura/2026/09/23/festival-de-cinema-de-triunfo-abre-inscricoes-para-filmes-nacionais-e-pernambucanos.html","fonte secundária","17ª edição / 2026","Página ou regulamento consultado","confirmado na edição atual","parcial","2026-10-04","2026-10-04","activity | categories | formats | productionYear | pf | pj | fees | opening | deadlines | eventDates | relevance","Fonte jornalística atual remete ao edital oficial e registra os principais critérios."
"chamada","festival-038-edition-2026-1-call-sertoes","festival-038","festival-038-source-mapacultural-2026","Edital do 17º Festival de Cinema de Triunfo","https://www.mapacultural.pe.gov.br/oportunidade/3402/#info","plataforma de inscrição","17ª edição / 2026","Página ou regulamento consultado","confirmado na edição atual","parcial","2026-10-04","2026-10-04","location | activity | categories | formats | productionYear | countries | pf | pj | fees | opening | deadlines | eventDates","Oportunidade oficial localizada, mas a plataforma dinâmica não permitiu leitura integral do edital neste acesso."
"chamada","festival-038-edition-2026-1-call-sertoes","festival-038","festival-038-source-current-report-2026","Festival de Cinema de Triunfo abre inscrições para filmes nacionais e pernambucanos","https://jc.uol.com.br/cultura/2026/09/23/festival-de-cinema-de-triunfo-abre-inscricoes-para-filmes-nacionais-e-pernambucanos.html","fonte secundária","17ª edição / 2026","Página ou regulamento consultado","confirmado na edição atual","parcial","2026-10-04","2026-10-04","activity | categories | formats | productionYear | pf | pj | fees | opening | deadlines | eventDates | relevance","Fonte jornalística atual remete ao edital oficial e registra os principais critérios."
"chamada","festival-038-edition-2026-1-call-experimental","festival-038","festival-038-source-mapacultural-2026","Edital do 17º Festival de Cinema de Triunfo","https://www.mapacultural.pe.gov.br/oportunidade/3402/#info","plataforma de inscrição","17ª edição / 2026","Página ou regulamento consultado","confirmado na edição atual","parcial","2026-10-04","2026-10-04","location | activity | categories | formats | productionYear | countries | pf | pj | fees | opening | deadlines | eventDates","Oportunidade oficial localizada, mas a plataforma dinâmica não permitiu leitura integral do edital neste acesso."
"chamada","festival-038-edition-2026-1-call-experimental","festival-038","festival-038-source-current-report-2026","Festival de Cinema de Triunfo abre inscrições para filmes nacionais e pernambucanos","https://jc.uol.com.br/cultura/2026/09/23/festival-de-cinema-de-triunfo-abre-inscricoes-para-filmes-nacionais-e-pernambucanos.html","fonte secundária","17ª edição / 2026","Página ou regulamento consultado","confirmado na edição atual","parcial","2026-10-04","2026-10-04","activity | categories | formats | productionYear | pf | pj | fees | opening | deadlines | eventDates | relevance","Fonte jornalística atual remete ao edital oficial e registra os principais critérios."
"chamada","festival-039-edition-2026-1-call-general","festival-039","festival-039-source-program-2026","19º Festival Maranhão na Tela","https://difusoranews.com/evento/19a-festival-maranhao-na-tela-inicia/","fonte secundária","19ª edição / 2026","Página ou regulamento consultado","confirmado na edição atual","parcial","2026-10-04","2026-10-04","location | activity | categories | eventDates | relevance","Nenhuma página oficial de chamada ou regulamento foi localizada; a programação é confirmada por fonte jornalística local."
"chamada","festival-040-edition-2026-1-call-general","festival-040","festival-040-source-filmfreeway-2026","16º Circuito Penedo de Cinema — regras","https://filmfreeway.com/CircuitoPenedodeCinema","plataforma de inscrição","16ª edição / 2026","Página ou regulamento consultado","confirmado na edição atual","confirmado","2026-10-04","2026-10-04","localização | atividade | categorias | duração | elegibilidade territorial | produção/conclusão | estreia | exibição online | pessoa autorizada a inscrever | taxas | abertura | encerramento | realização | relevância","Página integral da chamada lida."
"chamada","festival-040-edition-2026-1-call-universitario","festival-040","festival-040-source-filmfreeway-2026","16º Circuito Penedo de Cinema — regras","https://filmfreeway.com/CircuitoPenedodeCinema","plataforma de inscrição","16ª edição / 2026","Página ou regulamento consultado","confirmado na edição atual","confirmado","2026-10-04","2026-10-04","localização | atividade | categorias | duração | elegibilidade territorial | produção/conclusão | estreia | exibição online | pessoa autorizada a inscrever | taxas | abertura | encerramento | realização | relevância","Página integral da chamada lida."
"chamada","festival-040-edition-2026-1-call-velho-chico","festival-040","festival-040-source-filmfreeway-2026","16º Circuito Penedo de Cinema — regras","https://filmfreeway.com/CircuitoPenedodeCinema","plataforma de inscrição","16ª edição / 2026","Página ou regulamento consultado","confirmado na edição atual","confirmado","2026-10-04","2026-10-04","localização | atividade | categorias | duração | elegibilidade territorial | produção/conclusão | estreia | exibição online | pessoa autorizada a inscrever | taxas | abertura | encerramento | realização | relevância","Página integral da chamada lida."
"chamada","festival-041-edition-2026-1-call-general","festival-041","festival-041-source-regulation-2026","Regulamento do 12º Santos Film Fest","https://santosfilmfest.wordpress.com/mostra-de-filmes-regulamento/","oficial","12ª edição / 2026","Página ou regulamento consultado","confirmado na edição atual","confirmado","2026-10-04","2026-10-04","localização | atividade | categorias | duração | elegibilidade territorial | produção/conclusão | estreia | exibição online | pessoa autorizada a inscrever | taxas | abertura | encerramento | realização | relevância","Página oficial integralmente lida."
"chamada","festival-041-edition-2026-1-call-longa-nacional","festival-041","festival-041-source-regulation-2026","Regulamento do 12º Santos Film Fest","https://santosfilmfest.wordpress.com/mostra-de-filmes-regulamento/","oficial","12ª edição / 2026","Página ou regulamento consultado","confirmado na edição atual","confirmado","2026-10-04","2026-10-04","localização | atividade | categorias | duração | elegibilidade territorial | produção/conclusão | estreia | exibição online | pessoa autorizada a inscrever | taxas | abertura | encerramento | realização | relevância","Página oficial integralmente lida."
"chamada","festival-041-edition-2026-1-call-curta-regional","festival-041","festival-041-source-regulation-2026","Regulamento do 12º Santos Film Fest","https://santosfilmfest.wordpress.com/mostra-de-filmes-regulamento/","oficial","12ª edição / 2026","Página ou regulamento consultado","confirmado na edição atual","confirmado","2026-10-04","2026-10-04","localização | atividade | categorias | duração | elegibilidade territorial | produção/conclusão | estreia | exibição online | pessoa autorizada a inscrever | taxas | abertura | encerramento | realização | relevância","Página oficial integralmente lida."
"chamada","festival-041-edition-2026-1-call-longa-regional","festival-041","festival-041-source-regulation-2026","Regulamento do 12º Santos Film Fest","https://santosfilmfest.wordpress.com/mostra-de-filmes-regulamento/","oficial","12ª edição / 2026","Página ou regulamento consultado","confirmado na edição atual","confirmado","2026-10-04","2026-10-04","localização | atividade | categorias | duração | elegibilidade territorial | produção/conclusão | estreia | exibição online | pessoa autorizada a inscrever | taxas | abertura | encerramento | realização | relevância","Página oficial integralmente lida."
"chamada","festival-041-edition-2026-1-call-universitario","festival-041","festival-041-source-regulation-2026","Regulamento do 12º Santos Film Fest","https://santosfilmfest.wordpress.com/mostra-de-filmes-regulamento/","oficial","12ª edição / 2026","Página ou regulamento consultado","confirmado na edição atual","confirmado","2026-10-04","2026-10-04","localização | atividade | categorias | duração | elegibilidade territorial | produção/conclusão | estreia | exibição online | pessoa autorizada a inscrever | taxas | abertura | encerramento | realização | relevância","Página oficial integralmente lida."
"chamada","festival-041-edition-2026-1-call-curta-internacional","festival-041","festival-041-source-regulation-2026","Regulamento do 12º Santos Film Fest","https://santosfilmfest.wordpress.com/mostra-de-filmes-regulamento/","oficial","12ª edição / 2026","Página ou regulamento consultado","confirmado na edição atual","confirmado","2026-10-04","2026-10-04","localização | atividade | categorias | duração | elegibilidade territorial | produção/conclusão | estreia | exibição online | pessoa autorizada a inscrever | taxas | abertura | encerramento | realização | relevância","Página oficial integralmente lida."
"chamada","festival-041-edition-2026-1-call-longa-internacional","festival-041","festival-041-source-regulation-2026","Regulamento do 12º Santos Film Fest","https://santosfilmfest.wordpress.com/mostra-de-filmes-regulamento/","oficial","12ª edição / 2026","Página ou regulamento consultado","confirmado na edição atual","confirmado","2026-10-04","2026-10-04","localização | atividade | categorias | duração | elegibilidade territorial | produção/conclusão | estreia | exibição online | pessoa autorizada a inscrever | taxas | abertura | encerramento | realização | relevância","Página oficial integralmente lida."
"chamada","festival-042-edition-2026-1-call-general","festival-042","festival-042-source-regulation-2026","Regulamento do 23º CINEMATO","https://festivalcinemato.com.br/wp-content/uploads/2026/02/REGULAMENTO_2026_01.pdf","oficial","23ª edição / 2026","Página ou regulamento consultado","confirmado na edição atual","confirmado","2026-10-04","2026-10-04","localização | atividade | categorias | duração | elegibilidade territorial | produção/conclusão | estreia | exibição online | pessoa autorizada a inscrever | taxas | abertura | encerramento | realização | relevância","Regulamento oficial integralmente lido."
"chamada","festival-042-edition-2026-1-call-general","festival-042","festival-042-source-revised-2026","Regulamento revisto do 23º CINEMATO","https://festivalcinemato.com.br/wp-content/uploads/2026/02/REGULAMENTO_2026_02_revisto.pdf","oficial","23ª edição / 2026","Página ou regulamento consultado","confirmado na edição atual","confirmado","2026-10-04","2026-10-04","localização | atividade | categorias | duração | elegibilidade territorial | produção/conclusão | estreia | exibição online | pessoa autorizada a inscrever | taxas | abertura | encerramento | realização | relevância","Retificação oficial integralmente lida; permanece divergência interna entre 4 e 5 de fevereiro para a abertura."
"chamada","festival-042-edition-2026-1-call-curta-br","festival-042","festival-042-source-regulation-2026","Regulamento do 23º CINEMATO","https://festivalcinemato.com.br/wp-content/uploads/2026/02/REGULAMENTO_2026_01.pdf","oficial","23ª edição / 2026","Página ou regulamento consultado","confirmado na edição atual","confirmado","2026-10-04","2026-10-04","localização | atividade | categorias | duração | elegibilidade territorial | produção/conclusão | estreia | exibição online | pessoa autorizada a inscrever | taxas | abertura | encerramento | realização | relevância","Regulamento oficial integralmente lido."
"chamada","festival-042-edition-2026-1-call-curta-br","festival-042","festival-042-source-revised-2026","Regulamento revisto do 23º CINEMATO","https://festivalcinemato.com.br/wp-content/uploads/2026/02/REGULAMENTO_2026_02_revisto.pdf","oficial","23ª edição / 2026","Página ou regulamento consultado","confirmado na edição atual","confirmado","2026-10-04","2026-10-04","localização | atividade | categorias | duração | elegibilidade territorial | produção/conclusão | estreia | exibição online | pessoa autorizada a inscrever | taxas | abertura | encerramento | realização | relevância","Retificação oficial integralmente lida; permanece divergência interna entre 4 e 5 de fevereiro para a abertura."
"chamada","festival-042-edition-2026-1-call-curta-mt","festival-042","festival-042-source-regulation-2026","Regulamento do 23º CINEMATO","https://festivalcinemato.com.br/wp-content/uploads/2026/02/REGULAMENTO_2026_01.pdf","oficial","23ª edição / 2026","Página ou regulamento consultado","confirmado na edição atual","confirmado","2026-10-04","2026-10-04","localização | atividade | categorias | duração | elegibilidade territorial | produção/conclusão | estreia | exibição online | pessoa autorizada a inscrever | taxas | abertura | encerramento | realização | relevância","Regulamento oficial integralmente lido."
"chamada","festival-042-edition-2026-1-call-curta-mt","festival-042","festival-042-source-revised-2026","Regulamento revisto do 23º CINEMATO","https://festivalcinemato.com.br/wp-content/uploads/2026/02/REGULAMENTO_2026_02_revisto.pdf","oficial","23ª edição / 2026","Página ou regulamento consultado","confirmado na edição atual","confirmado","2026-10-04","2026-10-04","localização | atividade | categorias | duração | elegibilidade territorial | produção/conclusão | estreia | exibição online | pessoa autorizada a inscrever | taxas | abertura | encerramento | realização | relevância","Retificação oficial integralmente lida; permanece divergência interna entre 4 e 5 de fevereiro para a abertura."
"chamada","festival-043-edition-2026-1-call-general","festival-043","festival-043-source-regulation-2026","Regulamento do 8º Olhar do Norte","https://festivalolhardonorte.com/regulamento-festival-olhar-do-norte-2026/","oficial","8ª edição / 2026","Página ou regulamento consultado","confirmado na edição atual","confirmado","2026-10-04","2026-10-04","localização | atividade | categorias | duração | elegibilidade territorial | produção/conclusão | estreia | exibição online | pessoa autorizada a inscrever | taxas | abertura | encerramento | realização | relevância","Regulamento oficial integralmente lido."
"chamada","festival-043-edition-2026-1-call-amazonia-curtas","festival-043","festival-043-source-regulation-2026","Regulamento do 8º Olhar do Norte","https://festivalolhardonorte.com/regulamento-festival-olhar-do-norte-2026/","oficial","8ª edição / 2026","Página ou regulamento consultado","confirmado na edição atual","confirmado","2026-10-04","2026-10-04","localização | atividade | categorias | duração | elegibilidade territorial | produção/conclusão | estreia | exibição online | pessoa autorizada a inscrever | taxas | abertura | encerramento | realização | relevância","Regulamento oficial integralmente lido."
"chamada","festival-043-edition-2026-1-call-outros-nortes","festival-043","festival-043-source-regulation-2026","Regulamento do 8º Olhar do Norte","https://festivalolhardonorte.com/regulamento-festival-olhar-do-norte-2026/","oficial","8ª edição / 2026","Página ou regulamento consultado","confirmado na edição atual","confirmado","2026-10-04","2026-10-04","localização | atividade | categorias | duração | elegibilidade territorial | produção/conclusão | estreia | exibição online | pessoa autorizada a inscrever | taxas | abertura | encerramento | realização | relevância","Regulamento oficial integralmente lido."
"chamada","festival-043-edition-2026-1-call-panoramico","festival-043","festival-043-source-regulation-2026","Regulamento do 8º Olhar do Norte","https://festivalolhardonorte.com/regulamento-festival-olhar-do-norte-2026/","oficial","8ª edição / 2026","Página ou regulamento consultado","confirmado na edição atual","confirmado","2026-10-04","2026-10-04","localização | atividade | categorias | duração | elegibilidade territorial | produção/conclusão | estreia | exibição online | pessoa autorizada a inscrever | taxas | abertura | encerramento | realização | relevância","Regulamento oficial integralmente lido."
"chamada","festival-043-edition-2026-1-call-olhinho","festival-043","festival-043-source-regulation-2026","Regulamento do 8º Olhar do Norte","https://festivalolhardonorte.com/regulamento-festival-olhar-do-norte-2026/","oficial","8ª edição / 2026","Página ou regulamento consultado","confirmado na edição atual","confirmado","2026-10-04","2026-10-04","localização | atividade | categorias | duração | elegibilidade territorial | produção/conclusão | estreia | exibição online | pessoa autorizada a inscrever | taxas | abertura | encerramento | realização | relevância","Regulamento oficial integralmente lido."
"chamada","festival-044-edition-2026-1-call-general","festival-044","festival-044-source-festhome-2026","17º Cinefantasy — regras e taxas","https://filmmakers.festhome.com/pt/festival/cinefantasy-international-fantastic-film-festival","plataforma de inscrição","17ª edição / 2026","Página ou regulamento consultado","confirmado na edição atual","confirmado","2026-10-04","2026-10-04","localização | atividade | categorias | duração | elegibilidade territorial | produção/conclusão | estreia | exibição online | pessoa autorizada a inscrever | taxas | abertura | encerramento | realização | relevância","Página integral de regras, categorias e taxas lida. O texto contém divergências internas de prazo e realização."
"chamada","festival-044-edition-2026-1-call-longas-int","festival-044","festival-044-source-festhome-2026","17º Cinefantasy — regras e taxas","https://filmmakers.festhome.com/pt/festival/cinefantasy-international-fantastic-film-festival","plataforma de inscrição","17ª edição / 2026","Página ou regulamento consultado","confirmado na edição atual","confirmado","2026-10-04","2026-10-04","localização | atividade | categorias | duração | elegibilidade territorial | produção/conclusão | estreia | exibição online | pessoa autorizada a inscrever | taxas | abertura | encerramento | realização | relevância","Página integral de regras, categorias e taxas lida. O texto contém divergências internas de prazo e realização."
"chamada","festival-044-edition-2026-1-call-curtas-br","festival-044","festival-044-source-festhome-2026","17º Cinefantasy — regras e taxas","https://filmmakers.festhome.com/pt/festival/cinefantasy-international-fantastic-film-festival","plataforma de inscrição","17ª edição / 2026","Página ou regulamento consultado","confirmado na edição atual","confirmado","2026-10-04","2026-10-04","localização | atividade | categorias | duração | elegibilidade territorial | produção/conclusão | estreia | exibição online | pessoa autorizada a inscrever | taxas | abertura | encerramento | realização | relevância","Página integral de regras, categorias e taxas lida. O texto contém divergências internas de prazo e realização."
"chamada","festival-044-edition-2026-1-call-longas-br","festival-044","festival-044-source-festhome-2026","17º Cinefantasy — regras e taxas","https://filmmakers.festhome.com/pt/festival/cinefantasy-international-fantastic-film-festival","plataforma de inscrição","17ª edição / 2026","Página ou regulamento consultado","confirmado na edição atual","confirmado","2026-10-04","2026-10-04","localização | atividade | categorias | duração | elegibilidade territorial | produção/conclusão | estreia | exibição online | pessoa autorizada a inscrever | taxas | abertura | encerramento | realização | relevância","Página integral de regras, categorias e taxas lida. O texto contém divergências internas de prazo e realização."
"chamada","festival-044-edition-2026-1-call-estudantil","festival-044","festival-044-source-festhome-2026","17º Cinefantasy — regras e taxas","https://filmmakers.festhome.com/pt/festival/cinefantasy-international-fantastic-film-festival","plataforma de inscrição","17ª edição / 2026","Página ou regulamento consultado","confirmado na edição atual","confirmado","2026-10-04","2026-10-04","localização | atividade | categorias | duração | elegibilidade territorial | produção/conclusão | estreia | exibição online | pessoa autorizada a inscrever | taxas | abertura | encerramento | realização | relevância","Página integral de regras, categorias e taxas lida. O texto contém divergências internas de prazo e realização."
"chamada","festival-045-edition-2026-1-call-general","festival-045","festival-045-source-regulation-2026","Regulamento do 15º RioLGBTQIA+","https://www.riolgbtqia.com.br/assets/files/Regulamento_2026-RioLGBTQIA.pdf","oficial","15ª edição / 2026","Página ou regulamento consultado","confirmado na edição atual","confirmado","2026-10-04","2026-10-04","localização | atividade | categorias | duração | elegibilidade territorial | produção/conclusão | estreia | exibição online | pessoa autorizada a inscrever | taxas | abertura | encerramento | realização | relevância","Regulamento oficial integralmente lido."
"chamada","festival-045-edition-2026-1-call-curta","festival-045","festival-045-source-regulation-2026","Regulamento do 15º RioLGBTQIA+","https://www.riolgbtqia.com.br/assets/files/Regulamento_2026-RioLGBTQIA.pdf","oficial","15ª edição / 2026","Página ou regulamento consultado","confirmado na edição atual","confirmado","2026-10-04","2026-10-04","localização | atividade | categorias | duração | elegibilidade territorial | produção/conclusão | estreia | exibição online | pessoa autorizada a inscrever | taxas | abertura | encerramento | realização | relevância","Regulamento oficial integralmente lido."
"chamada","festival-045-edition-2026-1-call-diva","festival-045","festival-045-source-regulation-2026","Regulamento do 15º RioLGBTQIA+","https://www.riolgbtqia.com.br/assets/files/Regulamento_2026-RioLGBTQIA.pdf","oficial","15ª edição / 2026","Página ou regulamento consultado","confirmado na edição atual","confirmado","2026-10-04","2026-10-04","localização | atividade | categorias | duração | elegibilidade territorial | produção/conclusão | estreia | exibição online | pessoa autorizada a inscrever | taxas | abertura | encerramento | realização | relevância","Regulamento oficial integralmente lido."
"chamada","festival-045-edition-2026-1-call-especial","festival-045","festival-045-source-regulation-2026","Regulamento do 15º RioLGBTQIA+","https://www.riolgbtqia.com.br/assets/files/Regulamento_2026-RioLGBTQIA.pdf","oficial","15ª edição / 2026","Página ou regulamento consultado","confirmado na edição atual","confirmado","2026-10-04","2026-10-04","localização | atividade | categorias | duração | elegibilidade territorial | produção/conclusão | estreia | exibição online | pessoa autorizada a inscrever | taxas | abertura | encerramento | realização | relevância","Regulamento oficial integralmente lido."
"chamada","festival-045-edition-2026-1-call-online","festival-045","festival-045-source-online-regulation-2026","Regulamento RioLGBTQIA+ Online 2026","https://riolgbtqia.com.br/assets/files/Regulation_2026-RioLGBTQIA-ON.pdf","oficial","15ª edição / 2026","Página ou regulamento consultado","confirmado na edição atual","parcial","2026-10-04","2026-10-04","categories | online | fees | deadlines | eventDates","Documento oficial localizado e campos operacionais indexados; leitura integral não foi recuperada neste lote."
"chamada","festival-046-edition-2024-1-call-general","festival-046","festival-046-source-ccjf-2026","19º Encontro de Cinema Negro Zózimo Bulbul","https://ccjf.trf2.jus.br/programacao/19deg-encontro-de-cinema-negro-zozimo-bulbul","fonte secundária","19ª edição / 2026","Página ou regulamento consultado","confirmado na edição atual","confirmado","2026-10-04","2026-10-04","location | activity | categories | eventDates | relevance","Página institucional do Centro Cultural Justiça Federal confirma edição, locais, datas e perfil curatorial."
"chamada","festival-046-edition-2024-1-call-general","festival-046","festival-046-source-organization","Centro Afro Carioca de Cinema","https://afrocariocadecinema.org.br","oficial","19ª edição / 2026","Página ou regulamento consultado","confirmado na edição atual","parcial","2026-10-04","2026-10-04","activity | relevance","Site institucional da organização; página específica de chamada 2026 não localizada."
"chamada","festival-047-edition-2025-1-call-general","festival-047","festival-047-source-1","Dobra — programação oficial no CCBB Rio","https://ccbb.com.br/rio-de-janeiro/programacao/dobra-festival-internacional-de-cinema-experimental/","oficial","10ª edição / 2025","Página ou regulamento consultado","confirmado em edição anterior","edição anterior","2026-10-04","2026-10-04","localização | atividade | categorias | duração | elegibilidade territorial | produção/conclusão | estreia | exibição online | pessoa autorizada a inscrever | taxas | abertura | encerramento | realização | relevância","Programação integral da edição mais recente localizada; não foi encontrada chamada pública."
"chamada","festival-047-edition-2025-1-call-general","festival-047","festival-047-source-2","Catálogo do 10º Dobra","https://static.ccbb.com.br/site-2025/2025/12/Dobra2025_Catalogo_Final.pdf","oficial","10ª edição / 2025","Página ou regulamento consultado","confirmado em edição anterior","edição anterior","2026-10-04","2026-10-04","localização | atividade | categorias | duração | elegibilidade territorial | produção/conclusão | estreia | exibição online | pessoa autorizada a inscrever | taxas | abertura | encerramento | realização | relevância",""
"chamada","festival-048-edition-2027-1-call-general","festival-048","festival-048-source-1","Edital de termos e condições do 11º Festival ECRÃ","https://www.festivalecra.com.br/_files/ugd/af0596_f5b4fade3a374d4aa18d1ee5da6aafb3.pdf","oficial","11ª edição / 2027","Página ou regulamento consultado","confirmado na edição atual","confirmado","2026-10-04","2026-10-04","localização | atividade | categorias | duração | elegibilidade territorial | produção/conclusão | estreia | exibição online | pessoa autorizada a inscrever | taxas | abertura | encerramento | realização | relevância","Documento de 34 páginas integralmente lido."
"chamada","festival-048-edition-2027-1-call-general","festival-048","festival-048-source-2","Página oficial de inscrições 2026–2027","https://www.festivalecra.com.br/inscricoes","oficial","11ª edição / 2027","Página ou regulamento consultado","confirmado na edição atual","confirmado","2026-10-04","2026-10-04","localização | atividade | categorias | duração | elegibilidade territorial | produção/conclusão | estreia | exibição online | pessoa autorizada a inscrever | taxas | abertura | encerramento | realização | relevância",""
"chamada","festival-048-edition-2027-1-call-curta-internacional","festival-048","festival-048-source-1","Edital de termos e condições do 11º Festival ECRÃ","https://www.festivalecra.com.br/_files/ugd/af0596_f5b4fade3a374d4aa18d1ee5da6aafb3.pdf","oficial","11ª edição / 2027","Página ou regulamento consultado","confirmado na edição atual","confirmado","2026-10-04","2026-10-04","localização | atividade | categorias | duração | elegibilidade territorial | produção/conclusão | estreia | exibição online | pessoa autorizada a inscrever | taxas | abertura | encerramento | realização | relevância","Documento de 34 páginas integralmente lido."
"chamada","festival-048-edition-2027-1-call-curta-internacional","festival-048","festival-048-source-2","Página oficial de inscrições 2026–2027","https://www.festivalecra.com.br/inscricoes","oficial","11ª edição / 2027","Página ou regulamento consultado","confirmado na edição atual","confirmado","2026-10-04","2026-10-04","localização | atividade | categorias | duração | elegibilidade territorial | produção/conclusão | estreia | exibição online | pessoa autorizada a inscrever | taxas | abertura | encerramento | realização | relevância",""
"chamada","festival-048-edition-2027-1-call-media-longa-brasil","festival-048","festival-048-source-1","Edital de termos e condições do 11º Festival ECRÃ","https://www.festivalecra.com.br/_files/ugd/af0596_f5b4fade3a374d4aa18d1ee5da6aafb3.pdf","oficial","11ª edição / 2027","Página ou regulamento consultado","confirmado na edição atual","confirmado","2026-10-04","2026-10-04","localização | atividade | categorias | duração | elegibilidade territorial | produção/conclusão | estreia | exibição online | pessoa autorizada a inscrever | taxas | abertura | encerramento | realização | relevância","Documento de 34 páginas integralmente lido."
"chamada","festival-048-edition-2027-1-call-media-longa-brasil","festival-048","festival-048-source-2","Página oficial de inscrições 2026–2027","https://www.festivalecra.com.br/inscricoes","oficial","11ª edição / 2027","Página ou regulamento consultado","confirmado na edição atual","confirmado","2026-10-04","2026-10-04","localização | atividade | categorias | duração | elegibilidade territorial | produção/conclusão | estreia | exibição online | pessoa autorizada a inscrever | taxas | abertura | encerramento | realização | relevância",""
"chamada","festival-048-edition-2027-1-call-media-longa-internacional","festival-048","festival-048-source-1","Edital de termos e condições do 11º Festival ECRÃ","https://www.festivalecra.com.br/_files/ugd/af0596_f5b4fade3a374d4aa18d1ee5da6aafb3.pdf","oficial","11ª edição / 2027","Página ou regulamento consultado","confirmado na edição atual","confirmado","2026-10-04","2026-10-04","localização | atividade | categorias | duração | elegibilidade territorial | produção/conclusão | estreia | exibição online | pessoa autorizada a inscrever | taxas | abertura | encerramento | realização | relevância","Documento de 34 páginas integralmente lido."
"chamada","festival-048-edition-2027-1-call-media-longa-internacional","festival-048","festival-048-source-2","Página oficial de inscrições 2026–2027","https://www.festivalecra.com.br/inscricoes","oficial","11ª edição / 2027","Página ou regulamento consultado","confirmado na edição atual","confirmado","2026-10-04","2026-10-04","localização | atividade | categorias | duração | elegibilidade territorial | produção/conclusão | estreia | exibição online | pessoa autorizada a inscrever | taxas | abertura | encerramento | realização | relevância",""
"chamada","festival-049-edition-2026-1-call-general","festival-049","festival-049-source-1","Regulamento da 9ª Mostra Sesc de Cinema","https://cdnsesc.azureedge.net/assets/2026/03/ANEXO-I-REGULAMENTO-9a-MOSTRA-SESC-DE-CINEMA.pdf","oficial","9ª edição / 2026","Página ou regulamento consultado","confirmado na edição atual","confirmado","2026-10-04","2026-10-04","localização | atividade | categorias | duração | elegibilidade territorial | produção/conclusão | estreia | exibição online | pessoa autorizada a inscrever | taxas | abertura | encerramento | realização | relevância","Documento oficial de oito páginas integralmente lido."
"chamada","festival-049-edition-2026-1-call-general","festival-049","festival-049-source-2","Página oficial da Mostra Sesc de Cinema","https://www.sesc.com.br/cultura/mostra-sesc-de-cinema/","oficial","9ª edição / 2026","Página ou regulamento consultado","confirmado na edição atual","confirmado","2026-10-04","2026-10-04","localização | atividade | categorias | duração | elegibilidade territorial | produção/conclusão | estreia | exibição online | pessoa autorizada a inscrever | taxas | abertura | encerramento | realização | relevância",""
"chamada","festival-049-edition-2026-1-call-media","festival-049","festival-049-source-1","Regulamento da 9ª Mostra Sesc de Cinema","https://cdnsesc.azureedge.net/assets/2026/03/ANEXO-I-REGULAMENTO-9a-MOSTRA-SESC-DE-CINEMA.pdf","oficial","9ª edição / 2026","Página ou regulamento consultado","confirmado na edição atual","confirmado","2026-10-04","2026-10-04","localização | atividade | categorias | duração | elegibilidade territorial | produção/conclusão | estreia | exibição online | pessoa autorizada a inscrever | taxas | abertura | encerramento | realização | relevância","Documento oficial de oito páginas integralmente lido."
"chamada","festival-049-edition-2026-1-call-media","festival-049","festival-049-source-2","Página oficial da Mostra Sesc de Cinema","https://www.sesc.com.br/cultura/mostra-sesc-de-cinema/","oficial","9ª edição / 2026","Página ou regulamento consultado","confirmado na edição atual","confirmado","2026-10-04","2026-10-04","localização | atividade | categorias | duração | elegibilidade territorial | produção/conclusão | estreia | exibição online | pessoa autorizada a inscrever | taxas | abertura | encerramento | realização | relevância",""
"chamada","festival-049-edition-2026-1-call-longa","festival-049","festival-049-source-1","Regulamento da 9ª Mostra Sesc de Cinema","https://cdnsesc.azureedge.net/assets/2026/03/ANEXO-I-REGULAMENTO-9a-MOSTRA-SESC-DE-CINEMA.pdf","oficial","9ª edição / 2026","Página ou regulamento consultado","confirmado na edição atual","confirmado","2026-10-04","2026-10-04","localização | atividade | categorias | duração | elegibilidade territorial | produção/conclusão | estreia | exibição online | pessoa autorizada a inscrever | taxas | abertura | encerramento | realização | relevância","Documento oficial de oito páginas integralmente lido."
"chamada","festival-049-edition-2026-1-call-longa","festival-049","festival-049-source-2","Página oficial da Mostra Sesc de Cinema","https://www.sesc.com.br/cultura/mostra-sesc-de-cinema/","oficial","9ª edição / 2026","Página ou regulamento consultado","confirmado na edição atual","confirmado","2026-10-04","2026-10-04","localização | atividade | categorias | duração | elegibilidade territorial | produção/conclusão | estreia | exibição online | pessoa autorizada a inscrever | taxas | abertura | encerramento | realização | relevância",""
"chamada","festival-050-edition-2026-1-call-general","festival-050","festival-050-source-1","Regulamento e FAQ do 19º Entretodos","https://entretodos.com.br/inscricoes-2026/regulamento/","oficial","19ª edição / 2026","Página ou regulamento consultado","confirmado na edição atual","confirmado","2026-10-04","2026-10-04","localização | atividade | categorias | duração | elegibilidade territorial | produção/conclusão | estreia | exibição online | pessoa autorizada a inscrever | taxas | abertura | encerramento | realização | relevância","Página oficial integralmente lida."
"chamada","festival-050-edition-2026-1-call-general","festival-050","festival-050-source-2","IFSP — inscrições e realização do 19º Entretodos","https://ifsp.edu.br/index.php/institucional/17-ultimas-noticias/5800-inscricoes-abertas-para-o-19-festival-entretodos","oficial","19ª edição / 2026","Página ou regulamento consultado","confirmado na edição atual","confirmado","2026-10-04","2026-10-04","localização | atividade | categorias | duração | elegibilidade territorial | produção/conclusão | estreia | exibição online | pessoa autorizada a inscrever | taxas | abertura | encerramento | realização | relevância",""
"chamada","festival-050-edition-2026-1-call-juvenil","festival-050","festival-050-source-1","Regulamento e FAQ do 19º Entretodos","https://entretodos.com.br/inscricoes-2026/regulamento/","oficial","19ª edição / 2026","Página ou regulamento consultado","confirmado na edição atual","confirmado","2026-10-04","2026-10-04","localização | atividade | categorias | duração | elegibilidade territorial | produção/conclusão | estreia | exibição online | pessoa autorizada a inscrever | taxas | abertura | encerramento | realização | relevância","Página oficial integralmente lida."
"chamada","festival-050-edition-2026-1-call-juvenil","festival-050","festival-050-source-2","IFSP — inscrições e realização do 19º Entretodos","https://ifsp.edu.br/index.php/institucional/17-ultimas-noticias/5800-inscricoes-abertas-para-o-19-festival-entretodos","oficial","19ª edição / 2026","Página ou regulamento consultado","confirmado na edição atual","confirmado","2026-10-04","2026-10-04","localização | atividade | categorias | duração | elegibilidade territorial | produção/conclusão | estreia | exibição online | pessoa autorizada a inscrever | taxas | abertura | encerramento | realização | relevância",""
"chamada","festival-050-edition-2026-1-call-infantil","festival-050","festival-050-source-1","Regulamento e FAQ do 19º Entretodos","https://entretodos.com.br/inscricoes-2026/regulamento/","oficial","19ª edição / 2026","Página ou regulamento consultado","confirmado na edição atual","confirmado","2026-10-04","2026-10-04","localização | atividade | categorias | duração | elegibilidade territorial | produção/conclusão | estreia | exibição online | pessoa autorizada a inscrever | taxas | abertura | encerramento | realização | relevância","Página oficial integralmente lida."
"chamada","festival-050-edition-2026-1-call-infantil","festival-050","festival-050-source-2","IFSP — inscrições e realização do 19º Entretodos","https://ifsp.edu.br/index.php/institucional/17-ultimas-noticias/5800-inscricoes-abertas-para-o-19-festival-entretodos","oficial","19ª edição / 2026","Página ou regulamento consultado","confirmado na edição atual","confirmado","2026-10-04","2026-10-04","localização | atividade | categorias | duração | elegibilidade territorial | produção/conclusão | estreia | exibição online | pessoa autorizada a inscrever | taxas | abertura | encerramento | realização | relevância",""
"chamada","festival-051-edition-2026-1-call-general","festival-051","festival-051-source-1","Regulamento da 19ª edição do Visões Periféricas","https://visoesperifericas.com.br/regulamento","oficial","19ª edição / 2026","Página ou regulamento consultado","confirmado na edição atual","confirmado","2026-10-04","2026-10-04","localização | atividade | categorias | duração | elegibilidade territorial | produção/conclusão | estreia | exibição online | pessoa autorizada a inscrever | taxas | abertura | encerramento | realização | relevância","Página oficial lida; contém resíduos editoriais de anos anteriores, documentados nas pendências."
"chamada","festival-051-edition-2026-1-call-general","festival-051","festival-051-source-2","Programação da 19ª edição","https://visoesperifericas.com.br/programacao","oficial","19ª edição / 2026","Página ou regulamento consultado","confirmado na edição atual","confirmado","2026-10-04","2026-10-04","eventDates | locations | relevance",""
"chamada","festival-051-edition-2026-1-call-gema","festival-051","festival-051-source-1","Regulamento da 19ª edição do Visões Periféricas","https://visoesperifericas.com.br/regulamento","oficial","19ª edição / 2026","Página ou regulamento consultado","confirmado na edição atual","confirmado","2026-10-04","2026-10-04","localização | atividade | categorias | duração | elegibilidade territorial | produção/conclusão | estreia | exibição online | pessoa autorizada a inscrever | taxas | abertura | encerramento | realização | relevância","Página oficial lida; contém resíduos editoriais de anos anteriores, documentados nas pendências."
"chamada","festival-051-edition-2026-1-call-gema","festival-051","festival-051-source-2","Programação da 19ª edição","https://visoesperifericas.com.br/programacao","oficial","19ª edição / 2026","Página ou regulamento consultado","confirmado na edição atual","confirmado","2026-10-04","2026-10-04","eventDates | locations | relevance",""
"chamada","festival-051-edition-2026-1-call-panoramica","festival-051","festival-051-source-1","Regulamento da 19ª edição do Visões Periféricas","https://visoesperifericas.com.br/regulamento","oficial","19ª edição / 2026","Página ou regulamento consultado","confirmado na edição atual","confirmado","2026-10-04","2026-10-04","localização | atividade | categorias | duração | elegibilidade territorial | produção/conclusão | estreia | exibição online | pessoa autorizada a inscrever | taxas | abertura | encerramento | realização | relevância","Página oficial lida; contém resíduos editoriais de anos anteriores, documentados nas pendências."
"chamada","festival-051-edition-2026-1-call-panoramica","festival-051","festival-051-source-2","Programação da 19ª edição","https://visoesperifericas.com.br/programacao","oficial","19ª edição / 2026","Página ou regulamento consultado","confirmado na edição atual","confirmado","2026-10-04","2026-10-04","eventDates | locations | relevance",""
"chamada","festival-051-edition-2026-1-call-visorama","festival-051","festival-051-source-1","Regulamento da 19ª edição do Visões Periféricas","https://visoesperifericas.com.br/regulamento","oficial","19ª edição / 2026","Página ou regulamento consultado","confirmado na edição atual","confirmado","2026-10-04","2026-10-04","localização | atividade | categorias | duração | elegibilidade territorial | produção/conclusão | estreia | exibição online | pessoa autorizada a inscrever | taxas | abertura | encerramento | realização | relevância","Página oficial lida; contém resíduos editoriais de anos anteriores, documentados nas pendências."
"chamada","festival-051-edition-2026-1-call-visorama","festival-051","festival-051-source-2","Programação da 19ª edição","https://visoesperifericas.com.br/programacao","oficial","19ª edição / 2026","Página ou regulamento consultado","confirmado na edição atual","confirmado","2026-10-04","2026-10-04","eventDates | locations | relevance",""
"chamada","festival-055-edition-2026-1-call-general","festival-055","festival-055-source-1","8ª Mostra Adélia Sampaio — chamada e categorias","https://filmmakers.festhome.com/festival/mostra-competitiva-de-cinema-negro-adelia-sampaio","plataforma de inscrição","8ª edição / 2026","Página ou regulamento consultado","confirmado na edição atual","confirmado","2026-10-04","2026-10-04","localização | atividade | categorias | duração | elegibilidade territorial | produção/conclusão | estreia | exibição online | pessoa autorizada a inscrever | taxas | abertura | encerramento | realização | relevância","Cabeçalho, descrição e cartões atuais foram lidos; o corpo textual ainda reproduz trechos da 7ª edição e foi tratado como conflito editorial."
"chamada","festival-055-edition-2026-1-call-general","festival-055","festival-055-source-2","Site oficial da Mostra Adélia Sampaio","https://mostraadeliasampaio.com","oficial","8ª edição / 2026","Página ou regulamento consultado","confirmado na edição atual","confirmado","2026-10-04","2026-10-04","localização | atividade | categorias | duração | elegibilidade territorial | produção/conclusão | estreia | exibição online | pessoa autorizada a inscrever | taxas | abertura | encerramento | realização | relevância","Site institucional; na consulta ainda exibia páginas da 7ª edição."
"chamada","festival-055-edition-2026-1-call-media-telefilme","festival-055","festival-055-source-1","8ª Mostra Adélia Sampaio — chamada e categorias","https://filmmakers.festhome.com/festival/mostra-competitiva-de-cinema-negro-adelia-sampaio","plataforma de inscrição","8ª edição / 2026","Página ou regulamento consultado","confirmado na edição atual","confirmado","2026-10-04","2026-10-04","localização | atividade | categorias | duração | elegibilidade territorial | produção/conclusão | estreia | exibição online | pessoa autorizada a inscrever | taxas | abertura | encerramento | realização | relevância","Cabeçalho, descrição e cartões atuais foram lidos; o corpo textual ainda reproduz trechos da 7ª edição e foi tratado como conflito editorial."
"chamada","festival-055-edition-2026-1-call-media-telefilme","festival-055","festival-055-source-2","Site oficial da Mostra Adélia Sampaio","https://mostraadeliasampaio.com","oficial","8ª edição / 2026","Página ou regulamento consultado","confirmado na edição atual","confirmado","2026-10-04","2026-10-04","localização | atividade | categorias | duração | elegibilidade territorial | produção/conclusão | estreia | exibição online | pessoa autorizada a inscrever | taxas | abertura | encerramento | realização | relevância","Site institucional; na consulta ainda exibia páginas da 7ª edição."
"chamada","festival-055-edition-2026-1-call-longa","festival-055","festival-055-source-1","8ª Mostra Adélia Sampaio — chamada e categorias","https://filmmakers.festhome.com/festival/mostra-competitiva-de-cinema-negro-adelia-sampaio","plataforma de inscrição","8ª edição / 2026","Página ou regulamento consultado","confirmado na edição atual","confirmado","2026-10-04","2026-10-04","localização | atividade | categorias | duração | elegibilidade territorial | produção/conclusão | estreia | exibição online | pessoa autorizada a inscrever | taxas | abertura | encerramento | realização | relevância","Cabeçalho, descrição e cartões atuais foram lidos; o corpo textual ainda reproduz trechos da 7ª edição e foi tratado como conflito editorial."
"chamada","festival-055-edition-2026-1-call-longa","festival-055","festival-055-source-2","Site oficial da Mostra Adélia Sampaio","https://mostraadeliasampaio.com","oficial","8ª edição / 2026","Página ou regulamento consultado","confirmado na edição atual","confirmado","2026-10-04","2026-10-04","localização | atividade | categorias | duração | elegibilidade territorial | produção/conclusão | estreia | exibição online | pessoa autorizada a inscrever | taxas | abertura | encerramento | realização | relevância","Site institucional; na consulta ainda exibia páginas da 7ª edição."
"chamada","festival-056-edition-2026-1-call-general","festival-056","festival-056-source-1","EGBÉ abre inscrições para a 9ª edição","https://egbecinemanegro.com.br/egbe-mostra-de-cinema-negro-abre-inscricoes-para-a-9a-edicao/","oficial","9ª edição / 2026","Página ou regulamento consultado","confirmado na edição atual","confirmado","2026-10-04","2026-10-04","localização | atividade | categorias | duração | elegibilidade territorial | produção/conclusão | estreia | exibição online | pessoa autorizada a inscrever | taxas | abertura | encerramento | realização | relevância","Chamada oficial integralmente lida."
"chamada","festival-056-edition-2026-1-call-general","festival-056","festival-056-source-2","Seleção oficial da 9ª EGBÉ","https://egbecinemanegro.com.br/9a-egbe-mostra-de-cinema-negro-anuncia-selecao-oficial-de-filmes/","oficial","9ª edição / 2026","Página ou regulamento consultado","confirmado na edição atual","confirmado","2026-10-04","2026-10-04","localização | atividade | categorias | duração | elegibilidade territorial | produção/conclusão | estreia | exibição online | pessoa autorizada a inscrever | taxas | abertura | encerramento | realização | relevância",""
"chamada","festival-056-edition-2026-1-call-general","festival-056","festival-056-source-3","Mercado EGBÉ 2026","https://egbecinemanegro.com.br/mercado-egbe/","oficial","9ª edição / 2026","Página ou regulamento consultado","confirmado na edição atual","confirmado","2026-10-04","2026-10-04","eventDates | relevance",""
"chamada","festival-057-edition-2026-1-call-general","festival-057","festival-057-source-1","Regulamento do Festival Internacional de Cinema de Ribeirão Preto","https://ficrp.com.br/regulacoes/","oficial","edição 2026","Página ou regulamento consultado","confirmado na edição atual","confirmado","2026-10-04","2026-10-04","localização | atividade | categorias | duração | elegibilidade territorial | produção/conclusão | estreia | exibição online | pessoa autorizada a inscrever | taxas | abertura | encerramento | realização | relevância","Página oficial integralmente lida; contém conflito interno entre julho e outubro."
"chamada","festival-057-edition-2026-1-call-general","festival-057","festival-057-source-2","Página oficial do FIC Ribeirão","https://ficrp.com.br/","oficial","edição 2026","Página ou regulamento consultado","confirmado na edição atual","confirmado","2026-10-04","2026-10-04","activity | eventDates | relevance",""
"chamada","festival-057-edition-2026-1-call-internacional","festival-057","festival-057-source-1","Regulamento do Festival Internacional de Cinema de Ribeirão Preto","https://ficrp.com.br/regulacoes/","oficial","edição 2026","Página ou regulamento consultado","confirmado na edição atual","confirmado","2026-10-04","2026-10-04","localização | atividade | categorias | duração | elegibilidade territorial | produção/conclusão | estreia | exibição online | pessoa autorizada a inscrever | taxas | abertura | encerramento | realização | relevância","Página oficial integralmente lida; contém conflito interno entre julho e outubro."
"chamada","festival-057-edition-2026-1-call-internacional","festival-057","festival-057-source-2","Página oficial do FIC Ribeirão","https://ficrp.com.br/","oficial","edição 2026","Página ou regulamento consultado","confirmado na edição atual","confirmado","2026-10-04","2026-10-04","activity | eventDates | relevance",""
"chamada","festival-058-edition-2024-1-call-general","festival-058","festival-058-source-1","FINCAR 2024 — regulamento e programação","https://fincar.com.br/home/","oficial","edição 2024","Página ou regulamento consultado","confirmado em edição anterior","edição anterior","2026-10-04","2026-10-04","localização | atividade | categorias | duração | elegibilidade territorial | produção/conclusão | estreia | exibição online | pessoa autorizada a inscrever | taxas | abertura | encerramento | realização | relevância","Último regulamento oficial disponível; o próprio resultado de busca identifica a página como desativada."
"chamada","festival-059-edition-2025-1-call-general","festival-059","festival-059-source-1","FENDA 2026 — regulamento integral","https://filmfreeway.com/fendafestival","plataforma de inscrição","4ª edição / 2026","Página ou regulamento consultado","confirmado na edição atual","confirmado","2026-10-04","2026-10-04","localização | atividade | categorias | duração | elegibilidade territorial | produção/conclusão | estreia | exibição online | pessoa autorizada a inscrever | taxas | abertura | encerramento | realização | relevância","Regulamento bilíngue integralmente lido. Valores das taxas internacionais não ficaram expostos na página após o encerramento."
"chamada","festival-059-edition-2025-1-call-internacional-brasil","festival-059","festival-059-source-1","FENDA 2026 — regulamento integral","https://filmfreeway.com/fendafestival","plataforma de inscrição","4ª edição / 2026","Página ou regulamento consultado","confirmado na edição atual","confirmado","2026-10-04","2026-10-04","localização | atividade | categorias | duração | elegibilidade territorial | produção/conclusão | estreia | exibição online | pessoa autorizada a inscrever | taxas | abertura | encerramento | realização | relevância","Regulamento bilíngue integralmente lido. Valores das taxas internacionais não ficaram expostos na página após o encerramento."
"chamada","festival-059-edition-2025-1-call-internacional-latam","festival-059","festival-059-source-1","FENDA 2026 — regulamento integral","https://filmfreeway.com/fendafestival","plataforma de inscrição","4ª edição / 2026","Página ou regulamento consultado","confirmado na edição atual","confirmado","2026-10-04","2026-10-04","localização | atividade | categorias | duração | elegibilidade territorial | produção/conclusão | estreia | exibição online | pessoa autorizada a inscrever | taxas | abertura | encerramento | realização | relevância","Regulamento bilíngue integralmente lido. Valores das taxas internacionais não ficaram expostos na página após o encerramento."
"chamada","festival-059-edition-2025-1-call-internacional-outros","festival-059","festival-059-source-1","FENDA 2026 — regulamento integral","https://filmfreeway.com/fendafestival","plataforma de inscrição","4ª edição / 2026","Página ou regulamento consultado","confirmado na edição atual","confirmado","2026-10-04","2026-10-04","localização | atividade | categorias | duração | elegibilidade territorial | produção/conclusão | estreia | exibição online | pessoa autorizada a inscrever | taxas | abertura | encerramento | realização | relevância","Regulamento bilíngue integralmente lido. Valores das taxas internacionais não ficaram expostos na página após o encerramento."
"chamada","festival-060-edition-2026-1-call-general","festival-060","festival-060-source-1","13º Festival de Cinema de Caruaru — regulamento","https://filmfreeway.com/FESTIVALDECINEMADECARUARU","plataforma de inscrição","13ª edição / 2026","Página ou regulamento consultado","confirmado na edição atual","confirmado","2026-10-04","2026-10-04","localização | atividade | categorias | duração | elegibilidade territorial | produção/conclusão | estreia | exibição online | pessoa autorizada a inscrever | taxas | abertura | encerramento | realização | relevância","Regulamento trilíngue e cartões lidos integralmente."
"chamada","festival-060-edition-2026-1-call-general","festival-060","festival-060-source-2","Página oficial da edição 2026","https://festivaldecaruaru.com.br/2026/","oficial","13ª edição / 2026","Página ou regulamento consultado","confirmado na edição atual","confirmado","2026-10-04","2026-10-04","activity | eventDates | locations | relevance",""
"chamada","festival-060-edition-2026-1-call-brasil","festival-060","festival-060-source-1","13º Festival de Cinema de Caruaru — regulamento","https://filmfreeway.com/FESTIVALDECINEMADECARUARU","plataforma de inscrição","13ª edição / 2026","Página ou regulamento consultado","confirmado na edição atual","confirmado","2026-10-04","2026-10-04","localização | atividade | categorias | duração | elegibilidade territorial | produção/conclusão | estreia | exibição online | pessoa autorizada a inscrever | taxas | abertura | encerramento | realização | relevância","Regulamento trilíngue e cartões lidos integralmente."
"chamada","festival-060-edition-2026-1-call-brasil","festival-060","festival-060-source-2","Página oficial da edição 2026","https://festivaldecaruaru.com.br/2026/","oficial","13ª edição / 2026","Página ou regulamento consultado","confirmado na edição atual","confirmado","2026-10-04","2026-10-04","activity | eventDates | locations | relevance",""
"chamada","festival-060-edition-2026-1-call-latino-americana","festival-060","festival-060-source-1","13º Festival de Cinema de Caruaru — regulamento","https://filmfreeway.com/FESTIVALDECINEMADECARUARU","plataforma de inscrição","13ª edição / 2026","Página ou regulamento consultado","confirmado na edição atual","confirmado","2026-10-04","2026-10-04","localização | atividade | categorias | duração | elegibilidade territorial | produção/conclusão | estreia | exibição online | pessoa autorizada a inscrever | taxas | abertura | encerramento | realização | relevância","Regulamento trilíngue e cartões lidos integralmente."
"chamada","festival-060-edition-2026-1-call-latino-americana","festival-060","festival-060-source-2","Página oficial da edição 2026","https://festivaldecaruaru.com.br/2026/","oficial","13ª edição / 2026","Página ou regulamento consultado","confirmado na edição atual","confirmado","2026-10-04","2026-10-04","activity | eventDates | locations | relevance",""
"chamada","festival-060-edition-2026-1-call-infantil","festival-060","festival-060-source-1","13º Festival de Cinema de Caruaru — regulamento","https://filmfreeway.com/FESTIVALDECINEMADECARUARU","plataforma de inscrição","13ª edição / 2026","Página ou regulamento consultado","confirmado na edição atual","confirmado","2026-10-04","2026-10-04","localização | atividade | categorias | duração | elegibilidade territorial | produção/conclusão | estreia | exibição online | pessoa autorizada a inscrever | taxas | abertura | encerramento | realização | relevância","Regulamento trilíngue e cartões lidos integralmente."
"chamada","festival-060-edition-2026-1-call-infantil","festival-060","festival-060-source-2","Página oficial da edição 2026","https://festivaldecaruaru.com.br/2026/","oficial","13ª edição / 2026","Página ou regulamento consultado","confirmado na edição atual","confirmado","2026-10-04","2026-10-04","activity | eventDates | locations | relevance",""
"chamada","festival-060-edition-2026-1-call-adolescine","festival-060","festival-060-source-1","13º Festival de Cinema de Caruaru — regulamento","https://filmfreeway.com/FESTIVALDECINEMADECARUARU","plataforma de inscrição","13ª edição / 2026","Página ou regulamento consultado","confirmado na edição atual","confirmado","2026-10-04","2026-10-04","localização | atividade | categorias | duração | elegibilidade territorial | produção/conclusão | estreia | exibição online | pessoa autorizada a inscrever | taxas | abertura | encerramento | realização | relevância","Regulamento trilíngue e cartões lidos integralmente."
"chamada","festival-060-edition-2026-1-call-adolescine","festival-060","festival-060-source-2","Página oficial da edição 2026","https://festivaldecaruaru.com.br/2026/","oficial","13ª edição / 2026","Página ou regulamento consultado","confirmado na edição atual","confirmado","2026-10-04","2026-10-04","activity | eventDates | locations | relevance",""
"chamada","festival-060-edition-2026-1-call-fantasticos","festival-060","festival-060-source-1","13º Festival de Cinema de Caruaru — regulamento","https://filmfreeway.com/FESTIVALDECINEMADECARUARU","plataforma de inscrição","13ª edição / 2026","Página ou regulamento consultado","confirmado na edição atual","confirmado","2026-10-04","2026-10-04","localização | atividade | categorias | duração | elegibilidade territorial | produção/conclusão | estreia | exibição online | pessoa autorizada a inscrever | taxas | abertura | encerramento | realização | relevância","Regulamento trilíngue e cartões lidos integralmente."
"chamada","festival-060-edition-2026-1-call-fantasticos","festival-060","festival-060-source-2","Página oficial da edição 2026","https://festivaldecaruaru.com.br/2026/","oficial","13ª edição / 2026","Página ou regulamento consultado","confirmado na edição atual","confirmado","2026-10-04","2026-10-04","activity | eventDates | locations | relevance",""
"chamada","festival-060-edition-2026-1-call-pega-leve","festival-060","festival-060-source-1","13º Festival de Cinema de Caruaru — regulamento","https://filmfreeway.com/FESTIVALDECINEMADECARUARU","plataforma de inscrição","13ª edição / 2026","Página ou regulamento consultado","confirmado na edição atual","confirmado","2026-10-04","2026-10-04","localização | atividade | categorias | duração | elegibilidade territorial | produção/conclusão | estreia | exibição online | pessoa autorizada a inscrever | taxas | abertura | encerramento | realização | relevância","Regulamento trilíngue e cartões lidos integralmente."
"chamada","festival-060-edition-2026-1-call-pega-leve","festival-060","festival-060-source-2","Página oficial da edição 2026","https://festivaldecaruaru.com.br/2026/","oficial","13ª edição / 2026","Página ou regulamento consultado","confirmado na edição atual","confirmado","2026-10-04","2026-10-04","activity | eventDates | locations | relevance",""
"chamada","festival-060-edition-2026-1-call-personagem","festival-060","festival-060-source-1","13º Festival de Cinema de Caruaru — regulamento","https://filmfreeway.com/FESTIVALDECINEMADECARUARU","plataforma de inscrição","13ª edição / 2026","Página ou regulamento consultado","confirmado na edição atual","confirmado","2026-10-04","2026-10-04","localização | atividade | categorias | duração | elegibilidade territorial | produção/conclusão | estreia | exibição online | pessoa autorizada a inscrever | taxas | abertura | encerramento | realização | relevância","Regulamento trilíngue e cartões lidos integralmente."
"chamada","festival-060-edition-2026-1-call-personagem","festival-060","festival-060-source-2","Página oficial da edição 2026","https://festivaldecaruaru.com.br/2026/","oficial","13ª edição / 2026","Página ou regulamento consultado","confirmado na edição atual","confirmado","2026-10-04","2026-10-04","activity | eventDates | locations | relevance",""
"chamada","festival-060-edition-2026-1-call-internacional","festival-060","festival-060-source-1","13º Festival de Cinema de Caruaru — regulamento","https://filmfreeway.com/FESTIVALDECINEMADECARUARU","plataforma de inscrição","13ª edição / 2026","Página ou regulamento consultado","confirmado na edição atual","confirmado","2026-10-04","2026-10-04","localização | atividade | categorias | duração | elegibilidade territorial | produção/conclusão | estreia | exibição online | pessoa autorizada a inscrever | taxas | abertura | encerramento | realização | relevância","Regulamento trilíngue e cartões lidos integralmente."
"chamada","festival-060-edition-2026-1-call-internacional","festival-060","festival-060-source-2","Página oficial da edição 2026","https://festivaldecaruaru.com.br/2026/","oficial","13ª edição / 2026","Página ou regulamento consultado","confirmado na edição atual","confirmado","2026-10-04","2026-10-04","activity | eventDates | locations | relevance",""
"chamada","festival-061-edition-2026-1-call-general","festival-061","festival-061-source-1","5º Festival Internacional de Cinema de Itabaiana — regras e taxas","https://filmmakers.festhome.com/pt/festival/festival-internacional-de-cinema-de-itabaiana","plataforma de inscrição","5ª edição / 2026","Página ou regulamento consultado","confirmado na edição atual","confirmado","2026-10-04","2026-10-04","localização | atividade | categorias | duração | elegibilidade territorial | produção/conclusão | estreia | exibição online | pessoa autorizada a inscrever | taxas | abertura | encerramento | realização | relevância","Página integral lida; contém datas antigas no corpo e datas atualizadas no cabeçalho."
"chamada","festival-061-edition-2026-1-call-general","festival-061","festival-061-source-2","Site oficial — realização da 5ª edição","https://www.festcineitabaiana.com/post/credenciamento-de-imprensa-para-festival-internacional-de-cinema-de-itabaiana-segue-aberto-at%C3%A9-18-de","oficial","5ª edição / 2026","Página ou regulamento consultado","confirmado na edição atual","confirmado","2026-10-04","2026-10-04","activity | eventDates | locations | relevance",""
"chamada","festival-061-edition-2026-1-call-brasil","festival-061","festival-061-source-1","5º Festival Internacional de Cinema de Itabaiana — regras e taxas","https://filmmakers.festhome.com/pt/festival/festival-internacional-de-cinema-de-itabaiana","plataforma de inscrição","5ª edição / 2026","Página ou regulamento consultado","confirmado na edição atual","confirmado","2026-10-04","2026-10-04","localização | atividade | categorias | duração | elegibilidade territorial | produção/conclusão | estreia | exibição online | pessoa autorizada a inscrever | taxas | abertura | encerramento | realização | relevância","Página integral lida; contém datas antigas no corpo e datas atualizadas no cabeçalho."
"chamada","festival-061-edition-2026-1-call-brasil","festival-061","festival-061-source-2","Site oficial — realização da 5ª edição","https://www.festcineitabaiana.com/post/credenciamento-de-imprensa-para-festival-internacional-de-cinema-de-itabaiana-segue-aberto-at%C3%A9-18-de","oficial","5ª edição / 2026","Página ou regulamento consultado","confirmado na edição atual","confirmado","2026-10-04","2026-10-04","activity | eventDates | locations | relevance",""
"chamada","festival-061-edition-2026-1-call-sergipe","festival-061","festival-061-source-1","5º Festival Internacional de Cinema de Itabaiana — regras e taxas","https://filmmakers.festhome.com/pt/festival/festival-internacional-de-cinema-de-itabaiana","plataforma de inscrição","5ª edição / 2026","Página ou regulamento consultado","confirmado na edição atual","confirmado","2026-10-04","2026-10-04","localização | atividade | categorias | duração | elegibilidade territorial | produção/conclusão | estreia | exibição online | pessoa autorizada a inscrever | taxas | abertura | encerramento | realização | relevância","Página integral lida; contém datas antigas no corpo e datas atualizadas no cabeçalho."
"chamada","festival-061-edition-2026-1-call-sergipe","festival-061","festival-061-source-2","Site oficial — realização da 5ª edição","https://www.festcineitabaiana.com/post/credenciamento-de-imprensa-para-festival-internacional-de-cinema-de-itabaiana-segue-aberto-at%C3%A9-18-de","oficial","5ª edição / 2026","Página ou regulamento consultado","confirmado na edição atual","confirmado","2026-10-04","2026-10-04","activity | eventDates | locations | relevance",""
"chamada","festival-061-edition-2026-1-call-videoclipe","festival-061","festival-061-source-1","5º Festival Internacional de Cinema de Itabaiana — regras e taxas","https://filmmakers.festhome.com/pt/festival/festival-internacional-de-cinema-de-itabaiana","plataforma de inscrição","5ª edição / 2026","Página ou regulamento consultado","confirmado na edição atual","confirmado","2026-10-04","2026-10-04","localização | atividade | categorias | duração | elegibilidade territorial | produção/conclusão | estreia | exibição online | pessoa autorizada a inscrever | taxas | abertura | encerramento | realização | relevância","Página integral lida; contém datas antigas no corpo e datas atualizadas no cabeçalho."
"chamada","festival-061-edition-2026-1-call-videoclipe","festival-061","festival-061-source-2","Site oficial — realização da 5ª edição","https://www.festcineitabaiana.com/post/credenciamento-de-imprensa-para-festival-internacional-de-cinema-de-itabaiana-segue-aberto-at%C3%A9-18-de","oficial","5ª edição / 2026","Página ou regulamento consultado","confirmado na edição atual","confirmado","2026-10-04","2026-10-04","activity | eventDates | locations | relevance",""
"chamada","festival-061-edition-2026-1-call-mostrinha","festival-061","festival-061-source-1","5º Festival Internacional de Cinema de Itabaiana — regras e taxas","https://filmmakers.festhome.com/pt/festival/festival-internacional-de-cinema-de-itabaiana","plataforma de inscrição","5ª edição / 2026","Página ou regulamento consultado","confirmado na edição atual","confirmado","2026-10-04","2026-10-04","localização | atividade | categorias | duração | elegibilidade territorial | produção/conclusão | estreia | exibição online | pessoa autorizada a inscrever | taxas | abertura | encerramento | realização | relevância","Página integral lida; contém datas antigas no corpo e datas atualizadas no cabeçalho."
"chamada","festival-061-edition-2026-1-call-mostrinha","festival-061","festival-061-source-2","Site oficial — realização da 5ª edição","https://www.festcineitabaiana.com/post/credenciamento-de-imprensa-para-festival-internacional-de-cinema-de-itabaiana-segue-aberto-at%C3%A9-18-de","oficial","5ª edição / 2026","Página ou regulamento consultado","confirmado na edição atual","confirmado","2026-10-04","2026-10-04","activity | eventDates | locations | relevance",""
"chamada","festival-062-edition-2026-1-call-general","festival-062","festival-062-source-1","CineAlter 2026 — regulamento integral","https://filmfreeway.com/CineAlter","plataforma de inscrição","6ª edição / 2026","Página ou regulamento consultado","confirmado na edição atual","confirmado","2026-10-04","2026-10-04","localização | atividade | categorias | duração | elegibilidade territorial | produção/conclusão | estreia | exibição online | pessoa autorizada a inscrever | taxas | abertura | encerramento | realização | relevância","Página integralmente lida; contém um erro residual de ano na validade da senha, mantido como conflito editorial."
"chamada","festival-062-edition-2026-1-call-tapajos","festival-062","festival-062-source-1","CineAlter 2026 — regulamento integral","https://filmfreeway.com/CineAlter","plataforma de inscrição","6ª edição / 2026","Página ou regulamento consultado","confirmado na edição atual","confirmado","2026-10-04","2026-10-04","localização | atividade | categorias | duração | elegibilidade territorial | produção/conclusão | estreia | exibição online | pessoa autorizada a inscrever | taxas | abertura | encerramento | realização | relevância","Página integralmente lida; contém um erro residual de ano na validade da senha, mantido como conflito editorial."
"chamada","festival-062-edition-2026-1-call-arapiuns","festival-062","festival-062-source-1","CineAlter 2026 — regulamento integral","https://filmfreeway.com/CineAlter","plataforma de inscrição","6ª edição / 2026","Página ou regulamento consultado","confirmado na edição atual","confirmado","2026-10-04","2026-10-04","localização | atividade | categorias | duração | elegibilidade territorial | produção/conclusão | estreia | exibição online | pessoa autorizada a inscrever | taxas | abertura | encerramento | realização | relevância","Página integralmente lida; contém um erro residual de ano na validade da senha, mantido como conflito editorial."
"chamada","festival-062-edition-2026-1-call-cinealterzinho","festival-062","festival-062-source-1","CineAlter 2026 — regulamento integral","https://filmfreeway.com/CineAlter","plataforma de inscrição","6ª edição / 2026","Página ou regulamento consultado","confirmado na edição atual","confirmado","2026-10-04","2026-10-04","localização | atividade | categorias | duração | elegibilidade territorial | produção/conclusão | estreia | exibição online | pessoa autorizada a inscrever | taxas | abertura | encerramento | realização | relevância","Página integralmente lida; contém um erro residual de ano na validade da senha, mantido como conflito editorial."
"chamada","festival-063-edition-2026-1-call-general","festival-063","festival-063-source-1","Primeiro Plano 2026 — regras, prazos e prêmios","https://filmmakers.festhome.com/en/festival/primeiro-plano-festival-de-cinema-de-juiz-de-fora-e-mercocidades","plataforma de inscrição","25ª edição / 2026","Página ou regulamento consultado","confirmado na edição atual","confirmado","2026-10-04","2026-10-04","localização | atividade | categorias | duração | elegibilidade territorial | produção/conclusão | estreia | exibição online | pessoa autorizada a inscrever | taxas | abertura | encerramento | realização | relevância","Regulamento integralmente lido; cabeçalho posterior estende o prazo de 31/7 para 14/8."
"chamada","festival-063-edition-2026-1-call-general","festival-063","festival-063-source-2","Site oficial do Primeiro Plano","https://primeiroplano.art.br/","oficial","25ª edição / 2026","Página ou regulamento consultado","confirmado na edição atual","confirmado","2026-10-04","2026-10-04","localização | atividade | categorias | duração | elegibilidade territorial | produção/conclusão | estreia | exibição online | pessoa autorizada a inscrever | taxas | abertura | encerramento | realização | relevância",""
"chamada","festival-063-edition-2026-1-call-regional","festival-063","festival-063-source-1","Primeiro Plano 2026 — regras, prazos e prêmios","https://filmmakers.festhome.com/en/festival/primeiro-plano-festival-de-cinema-de-juiz-de-fora-e-mercocidades","plataforma de inscrição","25ª edição / 2026","Página ou regulamento consultado","confirmado na edição atual","confirmado","2026-10-04","2026-10-04","localização | atividade | categorias | duração | elegibilidade territorial | produção/conclusão | estreia | exibição online | pessoa autorizada a inscrever | taxas | abertura | encerramento | realização | relevância","Regulamento integralmente lido; cabeçalho posterior estende o prazo de 31/7 para 14/8."
"chamada","festival-063-edition-2026-1-call-regional","festival-063","festival-063-source-2","Site oficial do Primeiro Plano","https://primeiroplano.art.br/","oficial","25ª edição / 2026","Página ou regulamento consultado","confirmado na edição atual","confirmado","2026-10-04","2026-10-04","localização | atividade | categorias | duração | elegibilidade territorial | produção/conclusão | estreia | exibição online | pessoa autorizada a inscrever | taxas | abertura | encerramento | realização | relevância",""
"chamada","festival-063-edition-2026-1-call-incentivo","festival-063","festival-063-source-1","Primeiro Plano 2026 — regras, prazos e prêmios","https://filmmakers.festhome.com/en/festival/primeiro-plano-festival-de-cinema-de-juiz-de-fora-e-mercocidades","plataforma de inscrição","25ª edição / 2026","Página ou regulamento consultado","confirmado na edição atual","confirmado","2026-10-04","2026-10-04","localização | atividade | categorias | duração | elegibilidade territorial | produção/conclusão | estreia | exibição online | pessoa autorizada a inscrever | taxas | abertura | encerramento | realização | relevância","Regulamento integralmente lido; cabeçalho posterior estende o prazo de 31/7 para 14/8."
"chamada","festival-063-edition-2026-1-call-incentivo","festival-063","festival-063-source-2","Site oficial do Primeiro Plano","https://primeiroplano.art.br/","oficial","25ª edição / 2026","Página ou regulamento consultado","confirmado na edição atual","confirmado","2026-10-04","2026-10-04","localização | atividade | categorias | duração | elegibilidade territorial | produção/conclusão | estreia | exibição online | pessoa autorizada a inscrever | taxas | abertura | encerramento | realização | relevância",""
"chamada","festival-064-edition-2026-1-call-general","festival-064","festival-064-source-1","Prefeitura de Marília — inscrições e realização 2026","https://www.marilia.sp.gov.br/portal/noticias/0/3/16987/festival-de-cinema-de-marilia-abre-inscricoes-para-edicao-2026","oficial","edição 2026","Página ou regulamento consultado","confirmado na edição atual","confirmado","2026-10-04","2026-10-04","localização | atividade | categorias | duração | elegibilidade territorial | produção/conclusão | estreia | exibição online | pessoa autorizada a inscrever | taxas | abertura | encerramento | realização | relevância","Comunicado municipal integralmente lido; o regulamento atual não foi recuperado."
"chamada","festival-064-edition-2026-1-call-general","festival-064","festival-064-source-2","Site oficial do Festival de Cinema de Marília","https://www.festivalcinemamarilia.com.br/","oficial","edição 2026","Página ou regulamento consultado","confirmado na edição atual","confirmado","2026-10-04","2026-10-04","localização | atividade | categorias | duração | elegibilidade territorial | produção/conclusão | estreia | exibição online | pessoa autorizada a inscrever | taxas | abertura | encerramento | realização | relevância",""
"chamada","festival-064-edition-2026-1-call-regional","festival-064","festival-064-source-1","Prefeitura de Marília — inscrições e realização 2026","https://www.marilia.sp.gov.br/portal/noticias/0/3/16987/festival-de-cinema-de-marilia-abre-inscricoes-para-edicao-2026","oficial","edição 2026","Página ou regulamento consultado","confirmado na edição atual","confirmado","2026-10-04","2026-10-04","localização | atividade | categorias | duração | elegibilidade territorial | produção/conclusão | estreia | exibição online | pessoa autorizada a inscrever | taxas | abertura | encerramento | realização | relevância","Comunicado municipal integralmente lido; o regulamento atual não foi recuperado."
"chamada","festival-064-edition-2026-1-call-regional","festival-064","festival-064-source-2","Site oficial do Festival de Cinema de Marília","https://www.festivalcinemamarilia.com.br/","oficial","edição 2026","Página ou regulamento consultado","confirmado na edição atual","confirmado","2026-10-04","2026-10-04","localização | atividade | categorias | duração | elegibilidade territorial | produção/conclusão | estreia | exibição online | pessoa autorizada a inscrever | taxas | abertura | encerramento | realização | relevância",""
"chamada","festival-065-edition-2025-1-call-general","festival-065","festival-065-source-1","Regulamento do 18º Festival Taguá de Cinema","https://festivaltaguatinga.com.br/arquivos/18_festival/Regulamento_18_Festival_Taguatinga.pdf","oficial","18ª edição / 2025","Página ou regulamento consultado","confirmado em edição anterior","edição anterior","2026-10-04","2026-10-04","localização | atividade | categorias | duração | elegibilidade territorial | produção/conclusão | estreia | exibição online | pessoa autorizada a inscrever | taxas | abertura | encerramento | realização | relevância","Documento oficial de seis páginas integralmente lido."
"chamada","festival-065-edition-2025-1-call-general","festival-065","festival-065-source-2","Página oficial do 18º Festival Taguá","https://festivaltaguatinga.com.br/ofestival.html","oficial","18ª edição / 2025","Página ou regulamento consultado","confirmado em edição anterior","edição anterior","2026-10-04","2026-10-04","localização | atividade | categorias | duração | elegibilidade territorial | produção/conclusão | estreia | exibição online | pessoa autorizada a inscrever | taxas | abertura | encerramento | realização | relevância",""
"chamada","festival-065-edition-2025-1-call-infantil","festival-065","festival-065-source-1","Regulamento do 18º Festival Taguá de Cinema","https://festivaltaguatinga.com.br/arquivos/18_festival/Regulamento_18_Festival_Taguatinga.pdf","oficial","18ª edição / 2025","Página ou regulamento consultado","confirmado em edição anterior","edição anterior","2026-10-04","2026-10-04","localização | atividade | categorias | duração | elegibilidade territorial | produção/conclusão | estreia | exibição online | pessoa autorizada a inscrever | taxas | abertura | encerramento | realização | relevância","Documento oficial de seis páginas integralmente lido."
"chamada","festival-065-edition-2025-1-call-infantil","festival-065","festival-065-source-2","Página oficial do 18º Festival Taguá","https://festivaltaguatinga.com.br/ofestival.html","oficial","18ª edição / 2025","Página ou regulamento consultado","confirmado em edição anterior","edição anterior","2026-10-04","2026-10-04","localização | atividade | categorias | duração | elegibilidade territorial | produção/conclusão | estreia | exibição online | pessoa autorizada a inscrever | taxas | abertura | encerramento | realização | relevância",""
"chamada","festival-066-edition-2026-1-call-general","festival-066","festival-066-source-1","Cinema Urbana 2026 — regras, taxas e calendário","https://filmfreeway.com/CinemaUrbana","plataforma de inscrição","6ª edição / 2026","Página ou regulamento consultado","confirmado na edição atual","confirmado","2026-10-04","2026-10-04","localização | atividade | categorias | duração | elegibilidade territorial | produção/conclusão | estreia | exibição online | pessoa autorizada a inscrever | taxas | abertura | encerramento | realização | relevância","Página integralmente lida. Texto do regulamento e cartões/metadados operacionais divergem em duração, prazo e realização."
"chamada","festival-066-edition-2026-1-call-general","festival-066","festival-066-source-2","Cinema Urbana — página institucional","https://www.cinemaurbana.com/sobre","oficial","6ª edição / 2026","Página ou regulamento consultado","confirmado na edição atual","confirmado","2026-10-04","2026-10-04","activity | location | relevance",""
"chamada","festival-066-edition-2026-1-call-longas","festival-066","festival-066-source-1","Cinema Urbana 2026 — regras, taxas e calendário","https://filmfreeway.com/CinemaUrbana","plataforma de inscrição","6ª edição / 2026","Página ou regulamento consultado","confirmado na edição atual","confirmado","2026-10-04","2026-10-04","localização | atividade | categorias | duração | elegibilidade territorial | produção/conclusão | estreia | exibição online | pessoa autorizada a inscrever | taxas | abertura | encerramento | realização | relevância","Página integralmente lida. Texto do regulamento e cartões/metadados operacionais divergem em duração, prazo e realização."
"chamada","festival-066-edition-2026-1-call-longas","festival-066","festival-066-source-2","Cinema Urbana — página institucional","https://www.cinemaurbana.com/sobre","oficial","6ª edição / 2026","Página ou regulamento consultado","confirmado na edição atual","confirmado","2026-10-04","2026-10-04","activity | location | relevance",""
"chamada","festival-067-edition-2026-1-call-general","festival-067","festival-067-source-1","Regulamento do 24º NOIA","https://www.festivalnoia.com.br/post/regulamento-24%C2%BA-noia","oficial","24ª edição / 2026","Página ou regulamento consultado","confirmado na edição atual","confirmado","2026-10-04","2026-10-04","localização | atividade | categorias | duração | elegibilidade territorial | produção/conclusão | estreia | exibição online | pessoa autorizada a inscrever | taxas | abertura | encerramento | realização | relevância","Regulamento oficial integralmente lido; anexos ainda contêm numeração/ano residual, sem afetar as regras atuais estruturadas."
"chamada","festival-067-edition-2026-1-call-general","festival-067","festival-067-source-2","Página oficial do 24º NOIA","https://www.festivalnoia.com.br/","oficial","24ª edição / 2026","Página ou regulamento consultado","confirmado na edição atual","confirmado","2026-10-04","2026-10-04","localização | atividade | categorias | duração | elegibilidade territorial | produção/conclusão | estreia | exibição online | pessoa autorizada a inscrever | taxas | abertura | encerramento | realização | relevância",""
"chamada","festival-067-edition-2026-1-call-general","festival-067","festival-067-source-3","24º NOIA — página de inscrição","https://filmmakers.festhome.com/f/1517","plataforma de inscrição","24ª edição / 2026","Página ou regulamento consultado","confirmado na edição atual","confirmado","2026-10-04","2026-10-04","localização | atividade | categorias | duração | elegibilidade territorial | produção/conclusão | estreia | exibição online | pessoa autorizada a inscrever | taxas | abertura | encerramento | realização | relevância",""
"chamada","festival-067-edition-2026-1-call-animacao-internacional","festival-067","festival-067-source-1","Regulamento do 24º NOIA","https://www.festivalnoia.com.br/post/regulamento-24%C2%BA-noia","oficial","24ª edição / 2026","Página ou regulamento consultado","confirmado na edição atual","confirmado","2026-10-04","2026-10-04","localização | atividade | categorias | duração | elegibilidade territorial | produção/conclusão | estreia | exibição online | pessoa autorizada a inscrever | taxas | abertura | encerramento | realização | relevância","Regulamento oficial integralmente lido; anexos ainda contêm numeração/ano residual, sem afetar as regras atuais estruturadas."
"chamada","festival-067-edition-2026-1-call-animacao-internacional","festival-067","festival-067-source-2","Página oficial do 24º NOIA","https://www.festivalnoia.com.br/","oficial","24ª edição / 2026","Página ou regulamento consultado","confirmado na edição atual","confirmado","2026-10-04","2026-10-04","localização | atividade | categorias | duração | elegibilidade territorial | produção/conclusão | estreia | exibição online | pessoa autorizada a inscrever | taxas | abertura | encerramento | realização | relevância",""
"chamada","festival-067-edition-2026-1-call-animacao-internacional","festival-067","festival-067-source-3","24º NOIA — página de inscrição","https://filmmakers.festhome.com/f/1517","plataforma de inscrição","24ª edição / 2026","Página ou regulamento consultado","confirmado na edição atual","confirmado","2026-10-04","2026-10-04","localização | atividade | categorias | duração | elegibilidade territorial | produção/conclusão | estreia | exibição online | pessoa autorizada a inscrever | taxas | abertura | encerramento | realização | relevância",""
"chamada","festival-067-edition-2026-1-call-nacional","festival-067","festival-067-source-1","Regulamento do 24º NOIA","https://www.festivalnoia.com.br/post/regulamento-24%C2%BA-noia","oficial","24ª edição / 2026","Página ou regulamento consultado","confirmado na edição atual","confirmado","2026-10-04","2026-10-04","localização | atividade | categorias | duração | elegibilidade territorial | produção/conclusão | estreia | exibição online | pessoa autorizada a inscrever | taxas | abertura | encerramento | realização | relevância","Regulamento oficial integralmente lido; anexos ainda contêm numeração/ano residual, sem afetar as regras atuais estruturadas."
"chamada","festival-067-edition-2026-1-call-nacional","festival-067","festival-067-source-2","Página oficial do 24º NOIA","https://www.festivalnoia.com.br/","oficial","24ª edição / 2026","Página ou regulamento consultado","confirmado na edição atual","confirmado","2026-10-04","2026-10-04","localização | atividade | categorias | duração | elegibilidade territorial | produção/conclusão | estreia | exibição online | pessoa autorizada a inscrever | taxas | abertura | encerramento | realização | relevância",""
"chamada","festival-067-edition-2026-1-call-nacional","festival-067","festival-067-source-3","24º NOIA — página de inscrição","https://filmmakers.festhome.com/f/1517","plataforma de inscrição","24ª edição / 2026","Página ou regulamento consultado","confirmado na edição atual","confirmado","2026-10-04","2026-10-04","localização | atividade | categorias | duração | elegibilidade territorial | produção/conclusão | estreia | exibição online | pessoa autorizada a inscrever | taxas | abertura | encerramento | realização | relevância",""
"chamada","festival-067-edition-2026-1-call-cearense","festival-067","festival-067-source-1","Regulamento do 24º NOIA","https://www.festivalnoia.com.br/post/regulamento-24%C2%BA-noia","oficial","24ª edição / 2026","Página ou regulamento consultado","confirmado na edição atual","confirmado","2026-10-04","2026-10-04","localização | atividade | categorias | duração | elegibilidade territorial | produção/conclusão | estreia | exibição online | pessoa autorizada a inscrever | taxas | abertura | encerramento | realização | relevância","Regulamento oficial integralmente lido; anexos ainda contêm numeração/ano residual, sem afetar as regras atuais estruturadas."
"chamada","festival-067-edition-2026-1-call-cearense","festival-067","festival-067-source-2","Página oficial do 24º NOIA","https://www.festivalnoia.com.br/","oficial","24ª edição / 2026","Página ou regulamento consultado","confirmado na edição atual","confirmado","2026-10-04","2026-10-04","localização | atividade | categorias | duração | elegibilidade territorial | produção/conclusão | estreia | exibição online | pessoa autorizada a inscrever | taxas | abertura | encerramento | realização | relevância",""
"chamada","festival-067-edition-2026-1-call-cearense","festival-067","festival-067-source-3","24º NOIA — página de inscrição","https://filmmakers.festhome.com/f/1517","plataforma de inscrição","24ª edição / 2026","Página ou regulamento consultado","confirmado na edição atual","confirmado","2026-10-04","2026-10-04","localização | atividade | categorias | duração | elegibilidade territorial | produção/conclusão | estreia | exibição online | pessoa autorizada a inscrever | taxas | abertura | encerramento | realização | relevância",""
"chamada","festival-067-edition-2026-1-call-kids","festival-067","festival-067-source-1","Regulamento do 24º NOIA","https://www.festivalnoia.com.br/post/regulamento-24%C2%BA-noia","oficial","24ª edição / 2026","Página ou regulamento consultado","confirmado na edição atual","confirmado","2026-10-04","2026-10-04","localização | atividade | categorias | duração | elegibilidade territorial | produção/conclusão | estreia | exibição online | pessoa autorizada a inscrever | taxas | abertura | encerramento | realização | relevância","Regulamento oficial integralmente lido; anexos ainda contêm numeração/ano residual, sem afetar as regras atuais estruturadas."
"chamada","festival-067-edition-2026-1-call-kids","festival-067","festival-067-source-2","Página oficial do 24º NOIA","https://www.festivalnoia.com.br/","oficial","24ª edição / 2026","Página ou regulamento consultado","confirmado na edição atual","confirmado","2026-10-04","2026-10-04","localização | atividade | categorias | duração | elegibilidade territorial | produção/conclusão | estreia | exibição online | pessoa autorizada a inscrever | taxas | abertura | encerramento | realização | relevância",""
"chamada","festival-067-edition-2026-1-call-kids","festival-067","festival-067-source-3","24º NOIA — página de inscrição","https://filmmakers.festhome.com/f/1517","plataforma de inscrição","24ª edição / 2026","Página ou regulamento consultado","confirmado na edição atual","confirmado","2026-10-04","2026-10-04","localização | atividade | categorias | duração | elegibilidade territorial | produção/conclusão | estreia | exibição online | pessoa autorizada a inscrever | taxas | abertura | encerramento | realização | relevância",""
"chamada","festival-067-edition-2026-1-call-autoral-online","festival-067","festival-067-source-1","Regulamento do 24º NOIA","https://www.festivalnoia.com.br/post/regulamento-24%C2%BA-noia","oficial","24ª edição / 2026","Página ou regulamento consultado","confirmado na edição atual","confirmado","2026-10-04","2026-10-04","localização | atividade | categorias | duração | elegibilidade territorial | produção/conclusão | estreia | exibição online | pessoa autorizada a inscrever | taxas | abertura | encerramento | realização | relevância","Regulamento oficial integralmente lido; anexos ainda contêm numeração/ano residual, sem afetar as regras atuais estruturadas."
"chamada","festival-067-edition-2026-1-call-autoral-online","festival-067","festival-067-source-2","Página oficial do 24º NOIA","https://www.festivalnoia.com.br/","oficial","24ª edição / 2026","Página ou regulamento consultado","confirmado na edição atual","confirmado","2026-10-04","2026-10-04","localização | atividade | categorias | duração | elegibilidade territorial | produção/conclusão | estreia | exibição online | pessoa autorizada a inscrever | taxas | abertura | encerramento | realização | relevância",""
"chamada","festival-067-edition-2026-1-call-autoral-online","festival-067","festival-067-source-3","24º NOIA — página de inscrição","https://filmmakers.festhome.com/f/1517","plataforma de inscrição","24ª edição / 2026","Página ou regulamento consultado","confirmado na edição atual","confirmado","2026-10-04","2026-10-04","localização | atividade | categorias | duração | elegibilidade territorial | produção/conclusão | estreia | exibição online | pessoa autorizada a inscrever | taxas | abertura | encerramento | realização | relevância",""
"chamada","festival-067-edition-2026-1-call-ceara-online","festival-067","festival-067-source-1","Regulamento do 24º NOIA","https://www.festivalnoia.com.br/post/regulamento-24%C2%BA-noia","oficial","24ª edição / 2026","Página ou regulamento consultado","confirmado na edição atual","confirmado","2026-10-04","2026-10-04","localização | atividade | categorias | duração | elegibilidade territorial | produção/conclusão | estreia | exibição online | pessoa autorizada a inscrever | taxas | abertura | encerramento | realização | relevância","Regulamento oficial integralmente lido; anexos ainda contêm numeração/ano residual, sem afetar as regras atuais estruturadas."
"chamada","festival-067-edition-2026-1-call-ceara-online","festival-067","festival-067-source-2","Página oficial do 24º NOIA","https://www.festivalnoia.com.br/","oficial","24ª edição / 2026","Página ou regulamento consultado","confirmado na edição atual","confirmado","2026-10-04","2026-10-04","localização | atividade | categorias | duração | elegibilidade territorial | produção/conclusão | estreia | exibição online | pessoa autorizada a inscrever | taxas | abertura | encerramento | realização | relevância",""
"chamada","festival-067-edition-2026-1-call-ceara-online","festival-067","festival-067-source-3","24º NOIA — página de inscrição","https://filmmakers.festhome.com/f/1517","plataforma de inscrição","24ª edição / 2026","Página ou regulamento consultado","confirmado na edição atual","confirmado","2026-10-04","2026-10-04","localização | atividade | categorias | duração | elegibilidade territorial | produção/conclusão | estreia | exibição online | pessoa autorizada a inscrever | taxas | abertura | encerramento | realização | relevância",""
"chamada","festival-067-edition-2026-1-call-videoclipe","festival-067","festival-067-source-1","Regulamento do 24º NOIA","https://www.festivalnoia.com.br/post/regulamento-24%C2%BA-noia","oficial","24ª edição / 2026","Página ou regulamento consultado","confirmado na edição atual","confirmado","2026-10-04","2026-10-04","localização | atividade | categorias | duração | elegibilidade territorial | produção/conclusão | estreia | exibição online | pessoa autorizada a inscrever | taxas | abertura | encerramento | realização | relevância","Regulamento oficial integralmente lido; anexos ainda contêm numeração/ano residual, sem afetar as regras atuais estruturadas."
"chamada","festival-067-edition-2026-1-call-videoclipe","festival-067","festival-067-source-2","Página oficial do 24º NOIA","https://www.festivalnoia.com.br/","oficial","24ª edição / 2026","Página ou regulamento consultado","confirmado na edição atual","confirmado","2026-10-04","2026-10-04","localização | atividade | categorias | duração | elegibilidade territorial | produção/conclusão | estreia | exibição online | pessoa autorizada a inscrever | taxas | abertura | encerramento | realização | relevância",""
"chamada","festival-067-edition-2026-1-call-videoclipe","festival-067","festival-067-source-3","24º NOIA — página de inscrição","https://filmmakers.festhome.com/f/1517","plataforma de inscrição","24ª edição / 2026","Página ou regulamento consultado","confirmado na edição atual","confirmado","2026-10-04","2026-10-04","localização | atividade | categorias | duração | elegibilidade territorial | produção/conclusão | estreia | exibição online | pessoa autorizada a inscrever | taxas | abertura | encerramento | realização | relevância",""
"chamada","festival-068-edition-2026-1-call-general","festival-068","festival-068-source-1","Regulamento 2026 do Metrô","https://metrouniversitario.com.br/regulamento-2026/","oficial","9ª edição / 2026","Página ou regulamento consultado","confirmado na edição atual","confirmado","2026-10-04","2026-10-04","localização | atividade | categorias | duração | elegibilidade territorial | produção/conclusão | estreia | exibição online | pessoa autorizada a inscrever | taxas | abertura | encerramento | realização | relevância","Página oficial integralmente lida."
"chamada","festival-068-edition-2026-1-call-general","festival-068","festival-068-source-2","Regulamento do MetrôLAB 2026","https://metrouniversitario.com.br/regulamento-metrolab-2026/","oficial","9ª edição / 2026","Página ou regulamento consultado","confirmado na edição atual","confirmado","2026-10-04","2026-10-04","eventDates | relevance","Chamada de projetos lida apenas para evidenciar oportunidade profissional; não foi misturada à chamada de filmes."
"chamada","festival-069-edition-2026-1-call-general","festival-069","festival-069-source-1","Curta Caicó abre convocatória para a 9ª edição","https://curtacaico.com.br/curta-caico-abre-convocatoria-de-filmes-para-sua-9a-edicao/","oficial","9ª edição / 2026","Página ou regulamento consultado","confirmado na edição atual","confirmado","2026-10-04","2026-10-04","localização | atividade | categorias | duração | elegibilidade territorial | produção/conclusão | estreia | exibição online | pessoa autorizada a inscrever | taxas | abertura | encerramento | realização | relevância","Comunicado oficial integralmente lido."
"chamada","festival-069-edition-2026-1-call-general","festival-069","festival-069-source-2","Tribuna do Norte — programação e datas finais do 9º Curta Caicó","https://tribunadonorte.com.br/viver/curta-caico-aprensenta-43-filmes-de-todas-as-regioes/","fonte secundária","9ª edição / 2026","Página ou regulamento consultado","confirmado na edição atual","confirmado","2026-10-04","2026-10-04","eventDates | programmingReach | relevance","Usada para a realização efetiva posterior; não substitui regras da chamada."
"chamada","festival-069-edition-2026-1-call-general","festival-069","festival-069-source-3","Site oficial do Curta Caicó","https://curtacaico.com.br/","oficial","9ª edição / 2026","Página ou regulamento consultado","confirmado na edição atual","confirmado","2026-10-04","2026-10-04","localização | atividade | categorias | duração | elegibilidade territorial | produção/conclusão | estreia | exibição online | pessoa autorizada a inscrever | taxas | abertura | encerramento | realização | relevância",""
"chamada","festival-069-edition-2026-1-call-potiguar","festival-069","festival-069-source-1","Curta Caicó abre convocatória para a 9ª edição","https://curtacaico.com.br/curta-caico-abre-convocatoria-de-filmes-para-sua-9a-edicao/","oficial","9ª edição / 2026","Página ou regulamento consultado","confirmado na edição atual","confirmado","2026-10-04","2026-10-04","localização | atividade | categorias | duração | elegibilidade territorial | produção/conclusão | estreia | exibição online | pessoa autorizada a inscrever | taxas | abertura | encerramento | realização | relevância","Comunicado oficial integralmente lido."
"chamada","festival-069-edition-2026-1-call-potiguar","festival-069","festival-069-source-2","Tribuna do Norte — programação e datas finais do 9º Curta Caicó","https://tribunadonorte.com.br/viver/curta-caico-aprensenta-43-filmes-de-todas-as-regioes/","fonte secundária","9ª edição / 2026","Página ou regulamento consultado","confirmado na edição atual","confirmado","2026-10-04","2026-10-04","eventDates | programmingReach | relevance","Usada para a realização efetiva posterior; não substitui regras da chamada."
"chamada","festival-069-edition-2026-1-call-potiguar","festival-069","festival-069-source-3","Site oficial do Curta Caicó","https://curtacaico.com.br/","oficial","9ª edição / 2026","Página ou regulamento consultado","confirmado na edição atual","confirmado","2026-10-04","2026-10-04","localização | atividade | categorias | duração | elegibilidade territorial | produção/conclusão | estreia | exibição online | pessoa autorizada a inscrever | taxas | abertura | encerramento | realização | relevância",""
"chamada","festival-069-edition-2026-1-call-serido","festival-069","festival-069-source-1","Curta Caicó abre convocatória para a 9ª edição","https://curtacaico.com.br/curta-caico-abre-convocatoria-de-filmes-para-sua-9a-edicao/","oficial","9ª edição / 2026","Página ou regulamento consultado","confirmado na edição atual","confirmado","2026-10-04","2026-10-04","localização | atividade | categorias | duração | elegibilidade territorial | produção/conclusão | estreia | exibição online | pessoa autorizada a inscrever | taxas | abertura | encerramento | realização | relevância","Comunicado oficial integralmente lido."
"chamada","festival-069-edition-2026-1-call-serido","festival-069","festival-069-source-2","Tribuna do Norte — programação e datas finais do 9º Curta Caicó","https://tribunadonorte.com.br/viver/curta-caico-aprensenta-43-filmes-de-todas-as-regioes/","fonte secundária","9ª edição / 2026","Página ou regulamento consultado","confirmado na edição atual","confirmado","2026-10-04","2026-10-04","eventDates | programmingReach | relevance","Usada para a realização efetiva posterior; não substitui regras da chamada."
"chamada","festival-069-edition-2026-1-call-serido","festival-069","festival-069-source-3","Site oficial do Curta Caicó","https://curtacaico.com.br/","oficial","9ª edição / 2026","Página ou regulamento consultado","confirmado na edição atual","confirmado","2026-10-04","2026-10-04","localização | atividade | categorias | duração | elegibilidade territorial | produção/conclusão | estreia | exibição online | pessoa autorizada a inscrever | taxas | abertura | encerramento | realização | relevância",""
"chamada","festival-070-edition-2026-1-call-general","festival-070","festival-070-source-1","11º Festival Curta Campos do Jordão — regulamento e programação","https://www.fccj.com.br/","oficial","11ª edição / 2026","Página ou regulamento consultado","confirmado na edição atual","confirmado","2026-10-04","2026-10-04","localização | atividade | categorias | duração | elegibilidade territorial | produção/conclusão | estreia | exibição online | pessoa autorizada a inscrever | taxas | abertura | encerramento | realização | relevância","Regulamento oficial integralmente lido na página da edição."
"chamada","festival-070-edition-2026-1-call-nacional","festival-070","festival-070-source-1","11º Festival Curta Campos do Jordão — regulamento e programação","https://www.fccj.com.br/","oficial","11ª edição / 2026","Página ou regulamento consultado","confirmado na edição atual","confirmado","2026-10-04","2026-10-04","localização | atividade | categorias | duração | elegibilidade territorial | produção/conclusão | estreia | exibição online | pessoa autorizada a inscrever | taxas | abertura | encerramento | realização | relevância","Regulamento oficial integralmente lido na página da edição."
"chamada","festival-071-edition-2025-1-call-general","festival-071","festival-071-source-1","Regulamento do Festival Revoada 2025","https://festivalrevoada.com.br/wp-content/uploads/2025/07/REGULAMENTO-FESTIVAL-REVOADA-2025.pdf","oficial","3ª edição / 2025","Página ou regulamento consultado","confirmado em edição anterior","edição anterior","2026-10-04","2026-10-04","localização | atividade | categorias | duração | elegibilidade territorial | produção/conclusão | estreia | exibição online | pessoa autorizada a inscrever | taxas | abertura | encerramento | realização | relevância","Última chamada pública localizada; em 2026 o site continua exibindo a programação da 3ª edição sem nova convocatória."
"chamada","festival-071-edition-2025-1-call-general","festival-071","festival-071-source-2","Página oficial de inscrições 2025","https://festivalrevoada.com.br/revoada-2025-inscricoes-abertas/","oficial","3ª edição / 2025","Página ou regulamento consultado","confirmado em edição anterior","edição anterior","2026-10-04","2026-10-04","localização | atividade | categorias | duração | elegibilidade territorial | produção/conclusão | estreia | exibição online | pessoa autorizada a inscrever | taxas | abertura | encerramento | realização | relevância",""
"chamada","festival-072-edition-2024-1-call-general","festival-072","festival-072-source-1","VII Curta na Serra — página oficial","https://curtanaserra.com.br/edition/vii-curta-na-serra/","oficial","7ª edição / 2026","Página ou regulamento consultado","confirmado na edição atual","confirmado","2026-10-04","2026-10-04","localização | atividade | categorias | duração | elegibilidade territorial | produção/conclusão | estreia | exibição online | pessoa autorizada a inscrever | taxas | abertura | encerramento | realização | relevância","Página integral da edição lida; a convocatória de 2026 não foi localizada."
"chamada","festival-072-edition-2024-1-call-general","festival-072","festival-072-source-2","Regulamento da 6ª edição","https://curtanaserra.com.br/wp-content/uploads/2024/07/Regulamento-6o-Curta-na-Serra-_compressed.pdf","oficial","6ª edição / 2024","Página ou regulamento consultado","confirmado em edição anterior","edição anterior","2026-10-04","2026-10-04","localização | atividade | categorias | duração | elegibilidade territorial | produção/conclusão | estreia | exibição online | pessoa autorizada a inscrever | taxas | abertura | encerramento | realização | relevância","Usado apenas para histórico; regras não foram transportadas para 2026."
"chamada","festival-072-edition-2024-1-call-pernambuco","festival-072","festival-072-source-1","VII Curta na Serra — página oficial","https://curtanaserra.com.br/edition/vii-curta-na-serra/","oficial","7ª edição / 2026","Página ou regulamento consultado","confirmado na edição atual","confirmado","2026-10-04","2026-10-04","localização | atividade | categorias | duração | elegibilidade territorial | produção/conclusão | estreia | exibição online | pessoa autorizada a inscrever | taxas | abertura | encerramento | realização | relevância","Página integral da edição lida; a convocatória de 2026 não foi localizada."
"chamada","festival-072-edition-2024-1-call-pernambuco","festival-072","festival-072-source-2","Regulamento da 6ª edição","https://curtanaserra.com.br/wp-content/uploads/2024/07/Regulamento-6o-Curta-na-Serra-_compressed.pdf","oficial","6ª edição / 2024","Página ou regulamento consultado","confirmado em edição anterior","edição anterior","2026-10-04","2026-10-04","localização | atividade | categorias | duração | elegibilidade territorial | produção/conclusão | estreia | exibição online | pessoa autorizada a inscrever | taxas | abertura | encerramento | realização | relevância","Usado apenas para histórico; regras não foram transportadas para 2026."
"chamada","festival-072-edition-2024-1-call-videoclipe","festival-072","festival-072-source-1","VII Curta na Serra — página oficial","https://curtanaserra.com.br/edition/vii-curta-na-serra/","oficial","7ª edição / 2026","Página ou regulamento consultado","confirmado na edição atual","confirmado","2026-10-04","2026-10-04","localização | atividade | categorias | duração | elegibilidade territorial | produção/conclusão | estreia | exibição online | pessoa autorizada a inscrever | taxas | abertura | encerramento | realização | relevância","Página integral da edição lida; a convocatória de 2026 não foi localizada."
"chamada","festival-072-edition-2024-1-call-videoclipe","festival-072","festival-072-source-2","Regulamento da 6ª edição","https://curtanaserra.com.br/wp-content/uploads/2024/07/Regulamento-6o-Curta-na-Serra-_compressed.pdf","oficial","6ª edição / 2024","Página ou regulamento consultado","confirmado em edição anterior","edição anterior","2026-10-04","2026-10-04","localização | atividade | categorias | duração | elegibilidade territorial | produção/conclusão | estreia | exibição online | pessoa autorizada a inscrever | taxas | abertura | encerramento | realização | relevância","Usado apenas para histórico; regras não foram transportadas para 2026."
"chamada","festival-073-edition-2025-1-call-general","festival-073","festival-073-source-1","Festival de Cinema de Muriaé — inscrições 2026","https://festivaldemuriae.com.br/","oficial","edição 2026 / número não publicado","Página ou regulamento consultado","confirmado na edição atual","confirmado","2026-10-04","2026-10-04","localização | atividade | categorias | duração | elegibilidade territorial | produção/conclusão | estreia | exibição online | pessoa autorizada a inscrever | taxas | abertura | encerramento | realização | relevância","A página inicial confirma somente a janela atual."
"chamada","festival-073-edition-2025-1-call-general","festival-073","festival-073-source-2","Regulamento da 9ª edição / 2025","https://festivaldemuriae.com.br/regulamento/","oficial","9ª edição / 2025","Página ou regulamento consultado","confirmado em edição anterior","edição anterior","2026-10-04","2026-10-04","localização | atividade | categorias | duração | elegibilidade territorial | produção/conclusão | estreia | exibição online | pessoa autorizada a inscrever | taxas | abertura | encerramento | realização | relevância","A página de regulamento permanece datada de 2025; suas regras não foram promovidas para 2026."
"chamada","festival-074-edition-2026-1-call-general","festival-074","festival-074-source-1","9ª Mostra de Cinema de Fama — regras e inscrições","https://filmfreeway.com/MostraFamadeCinema","plataforma de inscrição","9ª edição / 2026","Página ou regulamento consultado","confirmado na edição atual","confirmado","2026-10-04","2026-10-04","localização | atividade | categorias | duração | elegibilidade territorial | produção/conclusão | estreia | exibição online | pessoa autorizada a inscrever | taxas | abertura | encerramento | realização | relevância","Página integral lida; contém número da 8ª edição e três pares divergentes de datas no texto, preservados como conflito."
"chamada","festival-074-edition-2026-1-call-mineira","festival-074","festival-074-source-1","9ª Mostra de Cinema de Fama — regras e inscrições","https://filmfreeway.com/MostraFamadeCinema","plataforma de inscrição","9ª edição / 2026","Página ou regulamento consultado","confirmado na edição atual","confirmado","2026-10-04","2026-10-04","localização | atividade | categorias | duração | elegibilidade territorial | produção/conclusão | estreia | exibição online | pessoa autorizada a inscrever | taxas | abertura | encerramento | realização | relevância","Página integral lida; contém número da 8ª edição e três pares divergentes de datas no texto, preservados como conflito."
"chamada","festival-074-edition-2026-1-call-animacao","festival-074","festival-074-source-1","9ª Mostra de Cinema de Fama — regras e inscrições","https://filmfreeway.com/MostraFamadeCinema","plataforma de inscrição","9ª edição / 2026","Página ou regulamento consultado","confirmado na edição atual","confirmado","2026-10-04","2026-10-04","localização | atividade | categorias | duração | elegibilidade territorial | produção/conclusão | estreia | exibição online | pessoa autorizada a inscrever | taxas | abertura | encerramento | realização | relevância","Página integral lida; contém número da 8ª edição e três pares divergentes de datas no texto, preservados como conflito."
"chamada","festival-074-edition-2026-1-call-internacional","festival-074","festival-074-source-1","9ª Mostra de Cinema de Fama — regras e inscrições","https://filmfreeway.com/MostraFamadeCinema","plataforma de inscrição","9ª edição / 2026","Página ou regulamento consultado","confirmado na edição atual","confirmado","2026-10-04","2026-10-04","localização | atividade | categorias | duração | elegibilidade territorial | produção/conclusão | estreia | exibição online | pessoa autorizada a inscrever | taxas | abertura | encerramento | realização | relevância","Página integral lida; contém número da 8ª edição e três pares divergentes de datas no texto, preservados como conflito."
"chamada","festival-075-edition-2026-1-call-general","festival-075","festival-075-source-1","3º Cine Lapinhô — regulamento de curtas","https://cinelapinho.com.br/curtas-metragens/","oficial","3ª edição / 2026","Página ou regulamento consultado","confirmado na edição atual","confirmado","2026-10-04","2026-10-04","localização | atividade | categorias | duração | elegibilidade territorial | produção/conclusão | estreia | exibição online | pessoa autorizada a inscrever | taxas | abertura | encerramento | realização | relevância","Regulamento oficial integralmente lido; há divergência 15/3 versus 16/3 e uma linha residual de resultado em 2024."
"chamada","festival-075-edition-2026-1-call-general","festival-075","festival-075-source-2","Programação oficial do 3º Cine Lapinhô","https://cinelapinho.com.br/","oficial","3ª edição / 2026","Página ou regulamento consultado","confirmado na edição atual","confirmado","2026-10-04","2026-10-04","eventDates | locations | programmingReach | relevance",""
"chamada","festival-076-edition-2026-1-call-general","festival-076","festival-076-source-1","3º Seridó Cine — regulamento","https://seridocine.com.br/regulamento","oficial","3ª edição / 2026","Página ou regulamento consultado","confirmado na edição atual","confirmado","2026-10-04","2026-10-04","localização | atividade | categorias | duração | elegibilidade territorial | produção/conclusão | estreia | exibição online | pessoa autorizada a inscrever | taxas | abertura | encerramento | realização | relevância","Regulamento oficial integralmente lido."
"chamada","festival-076-edition-2026-1-call-general","festival-076","festival-076-source-2","Página oficial e notícias da 3ª edição","https://seridocine.com.br/","oficial","3ª edição / 2026","Página ou regulamento consultado","confirmado na edição atual","confirmado","2026-10-04","2026-10-04","activity | locations | eventDates | relevance",""
"chamada","festival-076-edition-2026-1-call-nordeste","festival-076","festival-076-source-1","3º Seridó Cine — regulamento","https://seridocine.com.br/regulamento","oficial","3ª edição / 2026","Página ou regulamento consultado","confirmado na edição atual","confirmado","2026-10-04","2026-10-04","localização | atividade | categorias | duração | elegibilidade territorial | produção/conclusão | estreia | exibição online | pessoa autorizada a inscrever | taxas | abertura | encerramento | realização | relevância","Regulamento oficial integralmente lido."
"chamada","festival-076-edition-2026-1-call-nordeste","festival-076","festival-076-source-2","Página oficial e notícias da 3ª edição","https://seridocine.com.br/","oficial","3ª edição / 2026","Página ou regulamento consultado","confirmado na edição atual","confirmado","2026-10-04","2026-10-04","activity | locations | eventDates | relevance",""
"chamada","festival-076-edition-2026-1-call-fashion","festival-076","festival-076-source-1","3º Seridó Cine — regulamento","https://seridocine.com.br/regulamento","oficial","3ª edição / 2026","Página ou regulamento consultado","confirmado na edição atual","confirmado","2026-10-04","2026-10-04","localização | atividade | categorias | duração | elegibilidade territorial | produção/conclusão | estreia | exibição online | pessoa autorizada a inscrever | taxas | abertura | encerramento | realização | relevância","Regulamento oficial integralmente lido."
"chamada","festival-076-edition-2026-1-call-fashion","festival-076","festival-076-source-2","Página oficial e notícias da 3ª edição","https://seridocine.com.br/","oficial","3ª edição / 2026","Página ou regulamento consultado","confirmado na edição atual","confirmado","2026-10-04","2026-10-04","activity | locations | eventDates | relevance",""
"chamada","festival-077-edition-2025-1-call-general","festival-077","festival-077-source-1","Regulamento do Festival Internacional de Cinema: Respira","https://grad.eba.ufmg.br/caad/wp-content/uploads/2025/03/REGULAMENTO-.pdf","oficial","1ª edição / 2025","Página ou regulamento consultado","confirmado em edição anterior","edição anterior","2026-10-04","2026-10-04","localização | atividade | categorias | duração | elegibilidade territorial | produção/conclusão | estreia | exibição online | pessoa autorizada a inscrever | taxas | abertura | encerramento | realização | relevância","PDF de dez páginas integralmente lido; nenhuma chamada de 2026 foi localizada."
"chamada","festival-077-edition-2025-1-call-general","festival-077","festival-077-source-2","Site oficial Respira Cinema","https://respiracinema.com.br/","oficial","1ª edição / 2025","Página ou regulamento consultado","confirmado em edição anterior","edição anterior","2026-10-04","2026-10-04","localização | atividade | categorias | duração | elegibilidade territorial | produção/conclusão | estreia | exibição online | pessoa autorizada a inscrever | taxas | abertura | encerramento | realização | relevância",""
"chamada","festival-077-edition-2025-1-call-documentário","festival-077","festival-077-source-1","Regulamento do Festival Internacional de Cinema: Respira","https://grad.eba.ufmg.br/caad/wp-content/uploads/2025/03/REGULAMENTO-.pdf","oficial","1ª edição / 2025","Página ou regulamento consultado","confirmado em edição anterior","edição anterior","2026-10-04","2026-10-04","localização | atividade | categorias | duração | elegibilidade territorial | produção/conclusão | estreia | exibição online | pessoa autorizada a inscrever | taxas | abertura | encerramento | realização | relevância","PDF de dez páginas integralmente lido; nenhuma chamada de 2026 foi localizada."
"chamada","festival-077-edition-2025-1-call-documentário","festival-077","festival-077-source-2","Site oficial Respira Cinema","https://respiracinema.com.br/","oficial","1ª edição / 2025","Página ou regulamento consultado","confirmado em edição anterior","edição anterior","2026-10-04","2026-10-04","localização | atividade | categorias | duração | elegibilidade territorial | produção/conclusão | estreia | exibição online | pessoa autorizada a inscrever | taxas | abertura | encerramento | realização | relevância",""
"chamada","festival-077-edition-2025-1-call-animação","festival-077","festival-077-source-1","Regulamento do Festival Internacional de Cinema: Respira","https://grad.eba.ufmg.br/caad/wp-content/uploads/2025/03/REGULAMENTO-.pdf","oficial","1ª edição / 2025","Página ou regulamento consultado","confirmado em edição anterior","edição anterior","2026-10-04","2026-10-04","localização | atividade | categorias | duração | elegibilidade territorial | produção/conclusão | estreia | exibição online | pessoa autorizada a inscrever | taxas | abertura | encerramento | realização | relevância","PDF de dez páginas integralmente lido; nenhuma chamada de 2026 foi localizada."
"chamada","festival-077-edition-2025-1-call-animação","festival-077","festival-077-source-2","Site oficial Respira Cinema","https://respiracinema.com.br/","oficial","1ª edição / 2025","Página ou regulamento consultado","confirmado em edição anterior","edição anterior","2026-10-04","2026-10-04","localização | atividade | categorias | duração | elegibilidade territorial | produção/conclusão | estreia | exibição online | pessoa autorizada a inscrever | taxas | abertura | encerramento | realização | relevância",""
"chamada","festival-077-edition-2025-1-call-experimental","festival-077","festival-077-source-1","Regulamento do Festival Internacional de Cinema: Respira","https://grad.eba.ufmg.br/caad/wp-content/uploads/2025/03/REGULAMENTO-.pdf","oficial","1ª edição / 2025","Página ou regulamento consultado","confirmado em edição anterior","edição anterior","2026-10-04","2026-10-04","localização | atividade | categorias | duração | elegibilidade territorial | produção/conclusão | estreia | exibição online | pessoa autorizada a inscrever | taxas | abertura | encerramento | realização | relevância","PDF de dez páginas integralmente lido; nenhuma chamada de 2026 foi localizada."
"chamada","festival-077-edition-2025-1-call-experimental","festival-077","festival-077-source-2","Site oficial Respira Cinema","https://respiracinema.com.br/","oficial","1ª edição / 2025","Página ou regulamento consultado","confirmado em edição anterior","edição anterior","2026-10-04","2026-10-04","localização | atividade | categorias | duração | elegibilidade territorial | produção/conclusão | estreia | exibição online | pessoa autorizada a inscrever | taxas | abertura | encerramento | realização | relevância",""
"chamada","festival-078-edition-2025-1-call-general","festival-078","festival-078-source-1","12ª edição do Cine Pojichá — programação oficial","https://www.incena.org/noticias/12a-edicao-cine-pojicha---festival-de-cinema-dos-vales-do-mucuri-e-jequitinhonha","oficial","12ª edição / 2026","Página ou regulamento consultado","confirmado na edição atual","confirmado","2026-10-04","2026-10-04","localização | atividade | categorias | duração | elegibilidade territorial | produção/conclusão | estreia | exibição online | pessoa autorizada a inscrever | taxas | abertura | encerramento | realização | relevância","Programação integral da edição corrente; nenhuma convocatória pública de filmes foi localizada."
"chamada","festival-078-edition-2025-1-call-general","festival-078","festival-078-source-2","Notícias oficiais do Instituto In-Cena","https://www.incena.org/noticias","oficial","12ª edição / 2026","Página ou regulamento consultado","confirmado na edição atual","confirmado","2026-10-04","2026-10-04","activity | locations | eventDates | relevance",""
"chamada","festival-bonito-research-2026-category-1","festival-bonito","festival-bonito-source-1","Regulamento bilíngue do 4º Bonito CineSur","https://bonitocinesur.com.br/2026/sobre-acerca/regulamento-reglamento/","oficial","4ª edição / 2026","Página ou regulamento consultado","confirmado na edição atual","confirmado","2026-10-04","2026-10-04","localização | atividade | categorias | duração | elegibilidade territorial | produção/conclusão | estreia | exibição online | pessoa autorizada a inscrever | taxas | abertura | encerramento | realização | relevância","Regulamento oficial integralmente lido."
"chamada","festival-bonito-research-2026-category-1","festival-bonito","festival-bonito-source-2","Bonito CineSur 2026 — inscrição alternativa","https://filmmakers.festhome.com/pt/festival/bonito-cinesur-festival-de-cinema-sul-americano-de-bonito","plataforma de inscrição","4ª edição / 2026","Página ou regulamento consultado","confirmado na edição atual","confirmado","2026-10-04","2026-10-04","fees | submissionPlatform",""
"chamada","festival-bonito-research-2026-call-longa","festival-bonito","festival-bonito-source-1","Regulamento bilíngue do 4º Bonito CineSur","https://bonitocinesur.com.br/2026/sobre-acerca/regulamento-reglamento/","oficial","4ª edição / 2026","Página ou regulamento consultado","confirmado na edição atual","confirmado","2026-10-04","2026-10-04","localização | atividade | categorias | duração | elegibilidade territorial | produção/conclusão | estreia | exibição online | pessoa autorizada a inscrever | taxas | abertura | encerramento | realização | relevância","Regulamento oficial integralmente lido."
"chamada","festival-bonito-research-2026-call-longa","festival-bonito","festival-bonito-source-2","Bonito CineSur 2026 — inscrição alternativa","https://filmmakers.festhome.com/pt/festival/bonito-cinesur-festival-de-cinema-sul-americano-de-bonito","plataforma de inscrição","4ª edição / 2026","Página ou regulamento consultado","confirmado na edição atual","confirmado","2026-10-04","2026-10-04","fees | submissionPlatform",""
"chamada","festival-bonito-research-2026-call-ms","festival-bonito","festival-bonito-source-1","Regulamento bilíngue do 4º Bonito CineSur","https://bonitocinesur.com.br/2026/sobre-acerca/regulamento-reglamento/","oficial","4ª edição / 2026","Página ou regulamento consultado","confirmado na edição atual","confirmado","2026-10-04","2026-10-04","localização | atividade | categorias | duração | elegibilidade territorial | produção/conclusão | estreia | exibição online | pessoa autorizada a inscrever | taxas | abertura | encerramento | realização | relevância","Regulamento oficial integralmente lido."
"chamada","festival-bonito-research-2026-call-ms","festival-bonito","festival-bonito-source-2","Bonito CineSur 2026 — inscrição alternativa","https://filmmakers.festhome.com/pt/festival/bonito-cinesur-festival-de-cinema-sul-americano-de-bonito","plataforma de inscrição","4ª edição / 2026","Página ou regulamento consultado","confirmado na edição atual","confirmado","2026-10-04","2026-10-04","fees | submissionPlatform",""
"chamada","festival-bonito-research-2026-call-ambiental-curta","festival-bonito","festival-bonito-source-1","Regulamento bilíngue do 4º Bonito CineSur","https://bonitocinesur.com.br/2026/sobre-acerca/regulamento-reglamento/","oficial","4ª edição / 2026","Página ou regulamento consultado","confirmado na edição atual","confirmado","2026-10-04","2026-10-04","localização | atividade | categorias | duração | elegibilidade territorial | produção/conclusão | estreia | exibição online | pessoa autorizada a inscrever | taxas | abertura | encerramento | realização | relevância","Regulamento oficial integralmente lido."
"chamada","festival-bonito-research-2026-call-ambiental-curta","festival-bonito","festival-bonito-source-2","Bonito CineSur 2026 — inscrição alternativa","https://filmmakers.festhome.com/pt/festival/bonito-cinesur-festival-de-cinema-sul-americano-de-bonito","plataforma de inscrição","4ª edição / 2026","Página ou regulamento consultado","confirmado na edição atual","confirmado","2026-10-04","2026-10-04","fees | submissionPlatform",""
"chamada","festival-bonito-research-2026-call-ambiental-longa","festival-bonito","festival-bonito-source-1","Regulamento bilíngue do 4º Bonito CineSur","https://bonitocinesur.com.br/2026/sobre-acerca/regulamento-reglamento/","oficial","4ª edição / 2026","Página ou regulamento consultado","confirmado na edição atual","confirmado","2026-10-04","2026-10-04","localização | atividade | categorias | duração | elegibilidade territorial | produção/conclusão | estreia | exibição online | pessoa autorizada a inscrever | taxas | abertura | encerramento | realização | relevância","Regulamento oficial integralmente lido."
"chamada","festival-bonito-research-2026-call-ambiental-longa","festival-bonito","festival-bonito-source-2","Bonito CineSur 2026 — inscrição alternativa","https://filmmakers.festhome.com/pt/festival/bonito-cinesur-festival-de-cinema-sul-americano-de-bonito","plataforma de inscrição","4ª edição / 2026","Página ou regulamento consultado","confirmado na edição atual","confirmado","2026-10-04","2026-10-04","fees | submissionPlatform",""
"chamada","festival-bonito-research-2026-call-infantojuvenil","festival-bonito","festival-bonito-source-1","Regulamento bilíngue do 4º Bonito CineSur","https://bonitocinesur.com.br/2026/sobre-acerca/regulamento-reglamento/","oficial","4ª edição / 2026","Página ou regulamento consultado","confirmado na edição atual","confirmado","2026-10-04","2026-10-04","localização | atividade | categorias | duração | elegibilidade territorial | produção/conclusão | estreia | exibição online | pessoa autorizada a inscrever | taxas | abertura | encerramento | realização | relevância","Regulamento oficial integralmente lido."
"chamada","festival-bonito-research-2026-call-infantojuvenil","festival-bonito","festival-bonito-source-2","Bonito CineSur 2026 — inscrição alternativa","https://filmmakers.festhome.com/pt/festival/bonito-cinesur-festival-de-cinema-sul-americano-de-bonito","plataforma de inscrição","4ª edição / 2026","Página ou regulamento consultado","confirmado na edição atual","confirmado","2026-10-04","2026-10-04","fees | submissionPlatform",""
"chamada","festival-cimm-research-2025-general","festival-cimm","festival-cimm-source-1","FestCiMM — regras na FilmFreeway","https://filmfreeway.com/FestCiMM","plataforma de inscrição","8ª edição / 2026","Página ou regulamento consultado","confirmado na edição atual","confirmado","2026-10-04","2026-10-04","localização | atividade | categorias | duração | elegibilidade territorial | produção/conclusão | estreia | exibição online | pessoa autorizada a inscrever | taxas | abertura | encerramento | realização | relevância","Página integral lida; regras genéricas não publicam cronograma da 8ª edição nem tabela de taxas."
"chamada","festival-cimm-research-2025-general","festival-cimm","festival-cimm-source-2","Convocatória da 8ª edição","https://www.culturaamazonica.com.br/2026/06/10/festival-internacional-festcimm-abre-convocatoria-de-2026-para-curtas-e-longas-metragens/","fonte secundária","8ª edição / 2026","Página ou regulamento consultado","confirmado na edição atual","confirmado","2026-10-04","2026-10-04","activity | opening | closing | fees | resultDate | relevance","Usada para o calendário atual e gratuidade; não substitui regulamento oficial ausente."
"chamada","festival-diamantina-research-2026-general","festival-diamantina","festival-diamantina-source-1","Convocatória do II Festival de Cinema de Diamantina","https://cinediamante.com.br/convocatoria","oficial","2ª edição / 2025","Página ou regulamento consultado","confirmado em edição anterior","edição anterior","2026-10-04","2026-10-04","localização | atividade | categorias | duração | elegibilidade territorial | produção/conclusão | estreia | exibição online | pessoa autorizada a inscrever | taxas | abertura | encerramento | realização | relevância","Convocatória integralmente lida; o site não publicou chamada de 2026."
"chamada","festival-diamantina-research-2026-general","festival-diamantina","festival-diamantina-source-2","Prefeitura de Diamantina — inscrições da 2ª edição","https://www.diamantina.mg.gov.br/portal/noticias/0/3/5529/ii-festival-de-cinema-teminscricoesabertaspara-curtas-medias-e-longas","oficial","2ª edição / 2025","Página ou regulamento consultado","confirmado em edição anterior","edição anterior","2026-10-04","2026-10-04","localização | atividade | categorias | duração | elegibilidade territorial | produção/conclusão | estreia | exibição online | pessoa autorizada a inscrever | taxas | abertura | encerramento | realização | relevância",""
"chamada","festival-diamantina-research-2026-call-medias","festival-diamantina","festival-diamantina-source-1","Convocatória do II Festival de Cinema de Diamantina","https://cinediamante.com.br/convocatoria","oficial","2ª edição / 2025","Página ou regulamento consultado","confirmado em edição anterior","edição anterior","2026-10-04","2026-10-04","localização | atividade | categorias | duração | elegibilidade territorial | produção/conclusão | estreia | exibição online | pessoa autorizada a inscrever | taxas | abertura | encerramento | realização | relevância","Convocatória integralmente lida; o site não publicou chamada de 2026."
"chamada","festival-diamantina-research-2026-call-medias","festival-diamantina","festival-diamantina-source-2","Prefeitura de Diamantina — inscrições da 2ª edição","https://www.diamantina.mg.gov.br/portal/noticias/0/3/5529/ii-festival-de-cinema-teminscricoesabertaspara-curtas-medias-e-longas","oficial","2ª edição / 2025","Página ou regulamento consultado","confirmado em edição anterior","edição anterior","2026-10-04","2026-10-04","localização | atividade | categorias | duração | elegibilidade territorial | produção/conclusão | estreia | exibição online | pessoa autorizada a inscrever | taxas | abertura | encerramento | realização | relevância",""
"chamada","festival-diamantina-research-2026-call-longas","festival-diamantina","festival-diamantina-source-1","Convocatória do II Festival de Cinema de Diamantina","https://cinediamante.com.br/convocatoria","oficial","2ª edição / 2025","Página ou regulamento consultado","confirmado em edição anterior","edição anterior","2026-10-04","2026-10-04","localização | atividade | categorias | duração | elegibilidade territorial | produção/conclusão | estreia | exibição online | pessoa autorizada a inscrever | taxas | abertura | encerramento | realização | relevância","Convocatória integralmente lida; o site não publicou chamada de 2026."
"chamada","festival-diamantina-research-2026-call-longas","festival-diamantina","festival-diamantina-source-2","Prefeitura de Diamantina — inscrições da 2ª edição","https://www.diamantina.mg.gov.br/portal/noticias/0/3/5529/ii-festival-de-cinema-teminscricoesabertaspara-curtas-medias-e-longas","oficial","2ª edição / 2025","Página ou regulamento consultado","confirmado em edição anterior","edição anterior","2026-10-04","2026-10-04","localização | atividade | categorias | duração | elegibilidade territorial | produção/conclusão | estreia | exibição online | pessoa autorizada a inscrever | taxas | abertura | encerramento | realização | relevância",""
"chamada","festival-sinedoque-research-2025-general","festival-sinedoque","festival-sinedoque-source-1","Regulamento da Sinédoque 2026","https://www.sinedoque.com.br/regulamento","oficial","6ª edição / 2026","Página ou regulamento consultado","confirmado na edição atual","confirmado","2026-10-04","2026-10-04","localização | atividade | categorias | duração | elegibilidade territorial | produção/conclusão | estreia | exibição online | pessoa autorizada a inscrever | taxas | abertura | encerramento | realização | relevância","Regulamento integralmente lido; não publica datas da chamada."
"chamada","festival-sinedoque-research-2025-general","festival-sinedoque","festival-sinedoque-source-2","Página oficial Sinédoque 2026","https://www.sinedoque.com.br/","oficial","6ª edição / 2026","Página ou regulamento consultado","confirmado na edição atual","confirmado","2026-10-04","2026-10-04","activity | eventDates | locations | programmingReach | relevance","O topo informa 4–8/11, enquanto blocos de agenda ainda exibem datas da edição anterior em setembro."
"chamada","festival-contagem-research-2025-general","festival-contagem","festival-contagem-source-1","Prefeitura de Contagem — chamada do 1º Festival","https://portal.contagem.mg.gov.br/portal/noticias/0/3/81476/mais-cultura-inscricoes-abertas-para-o-1-festival-de-cinema-de-contagem-vao-ate-23-de-maio","oficial","1ª edição / 2025","Página ou regulamento consultado","confirmado em edição anterior","edição anterior","2026-10-04","2026-10-04","localização | atividade | categorias | duração | elegibilidade territorial | produção/conclusão | estreia | exibição online | pessoa autorizada a inscrever | taxas | abertura | encerramento | realização | relevância","Comunicado oficial integralmente lido; nenhuma 2ª edição foi localizada em 2026."
"chamada","festival-contagem-research-2025-call-brasil","festival-contagem","festival-contagem-source-1","Prefeitura de Contagem — chamada do 1º Festival","https://portal.contagem.mg.gov.br/portal/noticias/0/3/81476/mais-cultura-inscricoes-abertas-para-o-1-festival-de-cinema-de-contagem-vao-ate-23-de-maio","oficial","1ª edição / 2025","Página ou regulamento consultado","confirmado em edição anterior","edição anterior","2026-10-04","2026-10-04","localização | atividade | categorias | duração | elegibilidade territorial | produção/conclusão | estreia | exibição online | pessoa autorizada a inscrever | taxas | abertura | encerramento | realização | relevância","Comunicado oficial integralmente lido; nenhuma 2ª edição foi localizada em 2026."
"chamada","festival-finos-research-2026-general","festival-finos","festival-finos-source-1","Festival de Finos Filmes 2026 — regras e inscrições","https://filmmakers.festhome.com/pt/festival/festival-de-finos-filmes","plataforma de inscrição","13ª edição / 2026","Página ou regulamento consultado","confirmado na edição atual","confirmado","2026-10-04","2026-10-04","localização | atividade | categorias | duração | elegibilidade territorial | produção/conclusão | estreia | exibição online | pessoa autorizada a inscrever | taxas | abertura | encerramento | realização | relevância","Página integralmente lida."
"chamada","festival-finos-research-2026-general","festival-finos","festival-finos-source-2","Site oficial Festival de Finos Filmes","https://www.finosfilmes.com.br/","oficial","13ª edição / 2026","Página ou regulamento consultado","confirmado na edição atual","confirmado","2026-10-04","2026-10-04","activity | relevance",""
"chamada","festival-finos-research-2026-call-fininhos","festival-finos","festival-finos-source-1","Festival de Finos Filmes 2026 — regras e inscrições","https://filmmakers.festhome.com/pt/festival/festival-de-finos-filmes","plataforma de inscrição","13ª edição / 2026","Página ou regulamento consultado","confirmado na edição atual","confirmado","2026-10-04","2026-10-04","localização | atividade | categorias | duração | elegibilidade territorial | produção/conclusão | estreia | exibição online | pessoa autorizada a inscrever | taxas | abertura | encerramento | realização | relevância","Página integralmente lida."
"chamada","festival-finos-research-2026-call-fininhos","festival-finos","festival-finos-source-2","Site oficial Festival de Finos Filmes","https://www.finosfilmes.com.br/","oficial","13ª edição / 2026","Página ou regulamento consultado","confirmado na edição atual","confirmado","2026-10-04","2026-10-04","activity | relevance",""
"chamada","festival-san-research-2026-general","festival-san","festival-san-source-1","5ª Semana do Audiovisual Negro — formação","https://revistacontinente.com.br/secoes/agenda/5a-semana-do-audiovisual-negro-anuncia-programacao","fonte secundária","5ª edição / 2026","Página ou regulamento consultado","confirmado na edição atual","confirmado","2026-10-04","2026-10-04","localização | atividade | categorias | duração | elegibilidade territorial | produção/conclusão | estreia | exibição online | pessoa autorizada a inscrever | taxas | abertura | encerramento | realização | relevância","Reportagem integralmente lida; nenhuma chamada pública de filmes foi localizada."
"chamada","festival-san-research-2026-general","festival-san","festival-san-source-2","5ª SAN — programação de filmes","https://revistacontinente.com.br/secoes/agenda/semana-do-audiovisual-negro-exibe-mais-de-40-obras-de-curta-metragem","fonte secundária","5ª edição / 2026","Página ou regulamento consultado","confirmado na edição atual","confirmado","2026-10-04","2026-10-04","activity | eventDates | locations | programmingReach | relevance",""
"chamada","festival-cinegro-research-2025-general","festival-cinegro","festival-cinegro-source-1","TV Câmara Campinas — Cinegro 2025","https://www.tvcamaracampinas.com.br/videos/conexao-cultural-cinegro-2025-festival-de-cinema-negro-ocupa-o-mis-kChpHPup6lQ","oficial","edição 2025","Página ou regulamento consultado","confirmado em edição anterior","edição anterior","2026-10-04","2026-10-04","localização | atividade | categorias | duração | elegibilidade territorial | produção/conclusão | estreia | exibição online | pessoa autorizada a inscrever | taxas | abertura | encerramento | realização | relevância","Registro institucional da edição mais recente localizada; não foi encontrada convocatória pública."
"chamada","festival-missoes-research-2026-category-1","festival-missoes","festival-missoes-source-1","Mostra de Cinema das Missões — página 2026","https://filmfreeway.com/cinemissoes","plataforma de inscrição","edição 2026 / regras residuais de 2025","Página ou regulamento consultado","confirmado na edição atual","confirmado","2026-10-04","2026-10-04","localização | atividade | categorias | duração | elegibilidade territorial | produção/conclusão | estreia | exibição online | pessoa autorizada a inscrever | taxas | abertura | encerramento | realização | relevância","Metadados, cartões de taxa e descrição são atuais; o corpo do regulamento ainda está datado de 2025."
"chamada","festival-maff-research-2026-general","festival-maff","festival-maff-source-1","Prefeitura de Macaé — chamada do 1º MAFF","https://www.macae.rj.gov.br/noticias/leitura/noticia/macae-film-festival-alcanca-250-producoes-no-primeiro-dia-de-inscricao","oficial","1ª edição / 2026","Página ou regulamento consultado","confirmado na edição atual","confirmado","2026-10-04","2026-10-04","localização | atividade | categorias | duração | elegibilidade territorial | produção/conclusão | estreia | exibição online | pessoa autorizada a inscrever | taxas | abertura | encerramento | realização | relevância","Comunicado oficial integralmente lido; o link externo do regulamento não foi recuperado."
"chamada","festival-maff-research-2026-general","festival-maff","festival-maff-source-2","MAFF — formatos e ano mínimo","https://economianegocios.com.br/2026/09/05/primeiro-macae-film-festival-fortalece-economia-criativa-e-ja-atrai-producoes-de-seis-paises/","fonte secundária","1ª edição / 2026","Página ou regulamento consultado","confirmado na edição atual","confirmado","2026-10-04","2026-10-04","formats | productionYear | relevance","Usada apenas nos campos explicitados; não substitui regulamento."
"chamada","festival-maff-research-2026-call-internacional","festival-maff","festival-maff-source-1","Prefeitura de Macaé — chamada do 1º MAFF","https://www.macae.rj.gov.br/noticias/leitura/noticia/macae-film-festival-alcanca-250-producoes-no-primeiro-dia-de-inscricao","oficial","1ª edição / 2026","Página ou regulamento consultado","confirmado na edição atual","confirmado","2026-10-04","2026-10-04","localização | atividade | categorias | duração | elegibilidade territorial | produção/conclusão | estreia | exibição online | pessoa autorizada a inscrever | taxas | abertura | encerramento | realização | relevância","Comunicado oficial integralmente lido; o link externo do regulamento não foi recuperado."
"chamada","festival-maff-research-2026-call-internacional","festival-maff","festival-maff-source-2","MAFF — formatos e ano mínimo","https://economianegocios.com.br/2026/09/05/primeiro-macae-film-festival-fortalece-economia-criativa-e-ja-atrai-producoes-de-seis-paises/","fonte secundária","1ª edição / 2026","Página ou regulamento consultado","confirmado na edição atual","confirmado","2026-10-04","2026-10-04","formats | productionYear | relevance","Usada apenas nos campos explicitados; não substitui regulamento."
"chamada","festival-maff-research-2026-call-macaba-doce","festival-maff","festival-maff-source-1","Prefeitura de Macaé — chamada do 1º MAFF","https://www.macae.rj.gov.br/noticias/leitura/noticia/macae-film-festival-alcanca-250-producoes-no-primeiro-dia-de-inscricao","oficial","1ª edição / 2026","Página ou regulamento consultado","confirmado na edição atual","confirmado","2026-10-04","2026-10-04","localização | atividade | categorias | duração | elegibilidade territorial | produção/conclusão | estreia | exibição online | pessoa autorizada a inscrever | taxas | abertura | encerramento | realização | relevância","Comunicado oficial integralmente lido; o link externo do regulamento não foi recuperado."
"chamada","festival-maff-research-2026-call-macaba-doce","festival-maff","festival-maff-source-2","MAFF — formatos e ano mínimo","https://economianegocios.com.br/2026/09/05/primeiro-macae-film-festival-fortalece-economia-criativa-e-ja-atrai-producoes-de-seis-paises/","fonte secundária","1ª edição / 2026","Página ou regulamento consultado","confirmado na edição atual","confirmado","2026-10-04","2026-10-04","formats | productionYear | relevance","Usada apenas nos campos explicitados; não substitui regulamento."
"chamada","festival-nicho-research-2026-general","festival-nicho","festival-nicho-source-1","Site oficial NICHO54","https://nicho54.com.br/","oficial","8ª edição / 2026","Página ou regulamento consultado","confirmado na edição atual","confirmado","2026-10-04","2026-10-04","localização | atividade | categorias | duração | elegibilidade territorial | produção/conclusão | estreia | exibição online | pessoa autorizada a inscrever | taxas | abertura | encerramento | realização | relevância","A página atual direciona ao festival, mas o regulamento completo não ficou indexado."
"chamada","festival-nicho-research-2026-general","festival-nicho","festival-nicho-source-2","8º Festival Nicho — chamada detalhada","https://telaviva.com.br/10/09/2026/8o-festival-nicho-abre-inscricoes-para-filmes-de-autoria-negra/","fonte secundária","8ª edição / 2026","Página ou regulamento consultado","confirmado na edição atual","confirmado","2026-10-04","2026-10-04","activity | categories | duration | territory | productionYear | premiere | online | eligibleEntrants | fees | closing | eventDates | relevance","Reportagem especializada integralmente lida; usada somente nos campos detalhados."
"chamada","festival-nicho-research-2026-call-os-cria","festival-nicho","festival-nicho-source-1","Site oficial NICHO54","https://nicho54.com.br/","oficial","8ª edição / 2026","Página ou regulamento consultado","confirmado na edição atual","confirmado","2026-10-04","2026-10-04","localização | atividade | categorias | duração | elegibilidade territorial | produção/conclusão | estreia | exibição online | pessoa autorizada a inscrever | taxas | abertura | encerramento | realização | relevância","A página atual direciona ao festival, mas o regulamento completo não ficou indexado."
"chamada","festival-nicho-research-2026-call-os-cria","festival-nicho","festival-nicho-source-2","8º Festival Nicho — chamada detalhada","https://telaviva.com.br/10/09/2026/8o-festival-nicho-abre-inscricoes-para-filmes-de-autoria-negra/","fonte secundária","8ª edição / 2026","Página ou regulamento consultado","confirmado na edição atual","confirmado","2026-10-04","2026-10-04","activity | categories | duration | territory | productionYear | premiere | online | eligibleEntrants | fees | closing | eventDates | relevance","Reportagem especializada integralmente lida; usada somente nos campos detalhados."
"chamada","festival-nicho-research-2026-call-eres","festival-nicho","festival-nicho-source-1","Site oficial NICHO54","https://nicho54.com.br/","oficial","8ª edição / 2026","Página ou regulamento consultado","confirmado na edição atual","confirmado","2026-10-04","2026-10-04","localização | atividade | categorias | duração | elegibilidade territorial | produção/conclusão | estreia | exibição online | pessoa autorizada a inscrever | taxas | abertura | encerramento | realização | relevância","A página atual direciona ao festival, mas o regulamento completo não ficou indexado."
"chamada","festival-nicho-research-2026-call-eres","festival-nicho","festival-nicho-source-2","8º Festival Nicho — chamada detalhada","https://telaviva.com.br/10/09/2026/8o-festival-nicho-abre-inscricoes-para-filmes-de-autoria-negra/","fonte secundária","8ª edição / 2026","Página ou regulamento consultado","confirmado na edição atual","confirmado","2026-10-04","2026-10-04","activity | categories | duration | territory | productionYear | premiere | online | eligibleEntrants | fees | closing | eventDates | relevance","Reportagem especializada integralmente lida; usada somente nos campos detalhados."
"chamada","festival-femucine-research-2025-general","festival-femucine","festival-femucine-source-1","DODF — ocupação do Teatro de Sobradinho pelo FEMUCINE","https://www.sinj.df.gov.br/sinj/TextoArquivoDiario.aspx?id_file=797edd0d-e9f3-32a2-9895-61b46062ae63","oficial","3ª edição / 2025","Página ou regulamento consultado","confirmado em edição anterior","edição anterior","2026-10-04","2026-10-04","localização | atividade | categorias | duração | elegibilidade territorial | produção/conclusão | estreia | exibição online | pessoa autorizada a inscrever | taxas | abertura | encerramento | realização | relevância","Fonte oficial comprova a realização, não as regras da chamada."
"chamada","festival-femucine-research-2025-general","festival-femucine","festival-femucine-source-2","FEMUCINE retorna para a 3ª edição","https://brasiliaetc.com.br/festival-multicultural-de-cinema-femucine-retorna-para-sua-3a-edicao-em-sobradinho/","fonte secundária","3ª edição / 2025","Página ou regulamento consultado","confirmado em edição anterior","edição anterior","2026-10-04","2026-10-04","localização | atividade | categorias | duração | elegibilidade territorial | produção/conclusão | estreia | exibição online | pessoa autorizada a inscrever | taxas | abertura | encerramento | realização | relevância","Usada para programação e perfil; diverge do DODF em um dia da ocupação."
"chamada","festival-fronteira-research-2023-general","festival-fronteira","festival-fronteira-source-1","Regulamento do V Fronteira","https://www.fronteirafestival.com/doc/regulamento_vfff_pt_en.pdf","oficial","5ª edição / 2023","Página ou regulamento consultado","confirmado em edição anterior","edição anterior","2026-10-04","2026-10-04","localização | atividade | categorias | duração | elegibilidade territorial | produção/conclusão | estreia | exibição online | pessoa autorizada a inscrever | taxas | abertura | encerramento | realização | relevância","Regulamento integralmente lido; nenhuma edição posterior localizada."
"chamada","festival-fronteira-research-2023-general","festival-fronteira","festival-fronteira-source-2","Fronteira — histórico oficial","https://www.fronteirafestival.com/pt/sobre/festival","oficial","5ª edição / 2023","Página ou regulamento consultado","confirmado em edição anterior","edição anterior","2026-10-04","2026-10-04","localização | atividade | categorias | duração | elegibilidade territorial | produção/conclusão | estreia | exibição online | pessoa autorizada a inscrever | taxas | abertura | encerramento | realização | relevância",""
"chamada","festival-fronteira-research-2023-call-longas","festival-fronteira","festival-fronteira-source-1","Regulamento do V Fronteira","https://www.fronteirafestival.com/doc/regulamento_vfff_pt_en.pdf","oficial","5ª edição / 2023","Página ou regulamento consultado","confirmado em edição anterior","edição anterior","2026-10-04","2026-10-04","localização | atividade | categorias | duração | elegibilidade territorial | produção/conclusão | estreia | exibição online | pessoa autorizada a inscrever | taxas | abertura | encerramento | realização | relevância","Regulamento integralmente lido; nenhuma edição posterior localizada."
"chamada","festival-fronteira-research-2023-call-longas","festival-fronteira","festival-fronteira-source-2","Fronteira — histórico oficial","https://www.fronteirafestival.com/pt/sobre/festival","oficial","5ª edição / 2023","Página ou regulamento consultado","confirmado em edição anterior","edição anterior","2026-10-04","2026-10-04","localização | atividade | categorias | duração | elegibilidade territorial | produção/conclusão | estreia | exibição online | pessoa autorizada a inscrever | taxas | abertura | encerramento | realização | relevância",""
"chamada","festival-cinecipo-research-2026-general","festival-cinecipo","festival-cinecipo-source-1","14º Cinecipó — página oficial","https://cinecipo.com.br/","oficial","14ª edição / 2026","Página ou regulamento consultado","confirmado na edição atual","confirmado","2026-10-04","2026-10-04","localização | atividade | categorias | duração | elegibilidade territorial | produção/conclusão | estreia | exibição online | pessoa autorizada a inscrever | taxas | abertura | encerramento | realização | relevância","Confirma 8–12/9/2026 e sede."
"chamada","festival-cinecipo-research-2026-general","festival-cinecipo","festival-cinecipo-source-2","14º Cinecipó — regras de inscrição","https://filmfreeway.com/cinecipo","plataforma de inscrição","14ª edição / 2026","Página ou regulamento consultado","confirmado na edição atual","confirmado","2026-10-04","2026-10-04","localização | atividade | categorias | duração | elegibilidade territorial | produção/conclusão | estreia | exibição online | pessoa autorizada a inscrever | taxas | abertura | encerramento | realização | relevância","Regras integralmente lidas; o texto traz mês de realização e cláusula de edição residual divergentes."
"chamada","festival-pinhais-research-2026-general","festival-pinhais","festival-pinhais-source-1","Prefeitura de Pinhais — vencedores do 14º FESTCINE","https://atendenet.pinhais.pr.gov.br/cidadao/noticia/14-festival-de-cinema-de-pinhais-divulga-filmes-vencedores-que-serao-exibidos-no-centro-cultural","oficial","14ª edição / 2026","Página ou regulamento consultado","confirmado na edição atual","confirmado","2026-10-04","2026-10-04","localização | atividade | categorias | duração | elegibilidade territorial | produção/conclusão | estreia | exibição online | pessoa autorizada a inscrever | taxas | abertura | encerramento | realização | relevância","Página oficial comprova edição, categorias, alcance e sessões; edital não localizado."
"chamada","festival-mostrasp-research-2026-general","festival-mostrasp","festival-mostrasp-source-1","50ª Mostra — inscrições abertas","https://mostra.org/jornal-da-mostra/estao-abertas-as-inscricoes-para-a-50-mostra-internacional-de-cinema-em-sao-paulo","oficial","50ª edição / 2026","Página ou regulamento consultado","confirmado na edição atual","confirmado","2026-10-04","2026-10-04","localização | atividade | categorias | duração | elegibilidade territorial | produção/conclusão | estreia | exibição online | pessoa autorizada a inscrever | taxas | abertura | encerramento | realização | relevância","Página oficial confirma janela e datas."
"chamada","festival-mostrasp-research-2026-general","festival-mostrasp","festival-mostrasp-source-2","Regulamento da 50ª Mostra","https://static.mostra.org/_uploads/371c67a471638a92.pdf?v=1775088994396","oficial","50ª edição / 2026","Página ou regulamento consultado","confirmado na edição atual","confirmado","2026-10-04","2026-10-04","localização | atividade | categorias | duração | elegibilidade territorial | produção/conclusão | estreia | exibição online | pessoa autorizada a inscrever | taxas | abertura | encerramento | realização | relevância","PDF oficial de dez páginas integralmente lido."
"chamada","festival-mostrasp-research-2026-call-perspectiva","festival-mostrasp","festival-mostrasp-source-1","50ª Mostra — inscrições abertas","https://mostra.org/jornal-da-mostra/estao-abertas-as-inscricoes-para-a-50-mostra-internacional-de-cinema-em-sao-paulo","oficial","50ª edição / 2026","Página ou regulamento consultado","confirmado na edição atual","confirmado","2026-10-04","2026-10-04","localização | atividade | categorias | duração | elegibilidade territorial | produção/conclusão | estreia | exibição online | pessoa autorizada a inscrever | taxas | abertura | encerramento | realização | relevância","Página oficial confirma janela e datas."
"chamada","festival-mostrasp-research-2026-call-perspectiva","festival-mostrasp","festival-mostrasp-source-2","Regulamento da 50ª Mostra","https://static.mostra.org/_uploads/371c67a471638a92.pdf?v=1775088994396","oficial","50ª edição / 2026","Página ou regulamento consultado","confirmado na edição atual","confirmado","2026-10-04","2026-10-04","localização | atividade | categorias | duração | elegibilidade territorial | produção/conclusão | estreia | exibição online | pessoa autorizada a inscrever | taxas | abertura | encerramento | realização | relevância","PDF oficial de dez páginas integralmente lido."
"chamada","festival-noturno-research-2026-general","festival-noturno","festival-noturno-source-1","Noturno Festival — site oficial","https://www.noturnofestival.info/","oficial","2ª edição / 2026","Página ou regulamento consultado","confirmado na edição atual","confirmado","2026-10-04","2026-10-04","localização | atividade | categorias | duração | elegibilidade territorial | produção/conclusão | estreia | exibição online | pessoa autorizada a inscrever | taxas | abertura | encerramento | realização | relevância","O domínio foi consultado, mas páginas internas passaram a redirecionar para conteúdo estranho; regras não puderam ser lidas."
"chamada","festival-noturno-research-2026-general","festival-noturno","festival-noturno-source-2","JC — inscrições para o 2º Noturno","https://jc.uol.com.br/cultura/2026/04/13/segunda-edicao-do-noturno-festival-internacional-de-cinema-do-recife-abre-inscricoes-para-filmes.html","fonte secundária","2ª edição / 2026","Página ou regulamento consultado","confirmado na edição atual","confirmado","2026-10-04","2026-10-04","localização | atividade | categorias | duração | elegibilidade territorial | produção/conclusão | estreia | exibição online | pessoa autorizada a inscrever | taxas | abertura | encerramento | realização | relevância","Usada para datas e critérios publicados enquanto o regulamento oficial estava inacessível."
"chamada","festival-arapiraca-research-2026-category-1","festival-arapiraca","festival-arapiraca-source-1","V Festival de Cinema de Arapiraca — regulamento","https://festivaldecinemadearapiraca.com/home/regulamentoptbr/","oficial","5ª edição / 2026","Página ou regulamento consultado","confirmado na edição atual","confirmado","2026-10-04","2026-10-04","localização | atividade | categorias | duração | elegibilidade territorial | produção/conclusão | estreia | exibição online | pessoa autorizada a inscrever | taxas | abertura | encerramento | realização | relevância","Regulamento oficial integralmente lido."
"chamada","festival-arapiraca-research-2026-call-margens","festival-arapiraca","festival-arapiraca-source-1","V Festival de Cinema de Arapiraca — regulamento","https://festivaldecinemadearapiraca.com/home/regulamentoptbr/","oficial","5ª edição / 2026","Página ou regulamento consultado","confirmado na edição atual","confirmado","2026-10-04","2026-10-04","localização | atividade | categorias | duração | elegibilidade territorial | produção/conclusão | estreia | exibição online | pessoa autorizada a inscrever | taxas | abertura | encerramento | realização | relevância","Regulamento oficial integralmente lido."
"chamada","festival-arapiraca-research-2026-call-latino","festival-arapiraca","festival-arapiraca-source-1","V Festival de Cinema de Arapiraca — regulamento","https://festivaldecinemadearapiraca.com/home/regulamentoptbr/","oficial","5ª edição / 2026","Página ou regulamento consultado","confirmado na edição atual","confirmado","2026-10-04","2026-10-04","localização | atividade | categorias | duração | elegibilidade territorial | produção/conclusão | estreia | exibição online | pessoa autorizada a inscrever | taxas | abertura | encerramento | realização | relevância","Regulamento oficial integralmente lido."
"chamada","festival-arapiraca-research-2026-call-infantil","festival-arapiraca","festival-arapiraca-source-1","V Festival de Cinema de Arapiraca — regulamento","https://festivaldecinemadearapiraca.com/home/regulamentoptbr/","oficial","5ª edição / 2026","Página ou regulamento consultado","confirmado na edição atual","confirmado","2026-10-04","2026-10-04","localização | atividade | categorias | duração | elegibilidade territorial | produção/conclusão | estreia | exibição online | pessoa autorizada a inscrever | taxas | abertura | encerramento | realização | relevância","Regulamento oficial integralmente lido."
"chamada","festival-motriz-research-2024-general","festival-motriz","festival-motriz-source-1","Regulamento do 3º Motriz","https://www.cinemotriz.com.br/wp-content/uploads/2024/06/Regulamento-3o-Motriz-Festival-de-Cinema-de-Planaltina.pdf","oficial","3ª edição / 2024","Página ou regulamento consultado","confirmado em edição anterior","edição anterior","2026-10-04","2026-10-04","localização | atividade | categorias | duração | elegibilidade territorial | produção/conclusão | estreia | exibição online | pessoa autorizada a inscrever | taxas | abertura | encerramento | realização | relevância","Regulamento oficial de cinco páginas integralmente lido; nenhuma edição de 2025/2026 localizada."
"chamada","festival-motriz-research-2024-general","festival-motriz","festival-motriz-source-2","Motriz 2024 — programação e balanço","https://www.cinemotriz.com.br/","oficial","3ª edição / 2024","Página ou regulamento consultado","confirmado em edição anterior","edição anterior","2026-10-04","2026-10-04","localização | atividade | categorias | duração | elegibilidade territorial | produção/conclusão | estreia | exibição online | pessoa autorizada a inscrever | taxas | abertura | encerramento | realização | relevância",""
"chamada","festival-cinejardim-research-2026-general","festival-cinejardim","festival-cinejardim-source-1","9º Cine Jardim — site oficial","https://cinejardim.com/","oficial","9ª edição / 2026","Página ou regulamento consultado","confirmado na edição atual","confirmado","2026-10-04","2026-10-04","localização | atividade | categorias | duração | elegibilidade territorial | produção/conclusão | estreia | exibição online | pessoa autorizada a inscrever | taxas | abertura | encerramento | realização | relevância","Confirma edição, programação e período de 17–22/8."
"chamada","festival-cinejardim-research-2026-general","festival-cinejardim","festival-cinejardim-source-2","9º Cine Jardim — regulamento","https://filmfreeway.com/CineJardim","plataforma de inscrição","9ª edição / 2026","Página ou regulamento consultado","confirmado na edição atual","confirmado","2026-10-04","2026-10-04","localização | atividade | categorias | duração | elegibilidade territorial | produção/conclusão | estreia | exibição online | pessoa autorizada a inscrever | taxas | abertura | encerramento | realização | relevância","Regras integralmente lidas; contém conflitos entre títulos de seções e data final do evento."
"chamada","festival-cinejardim-research-2026-call-longas-br","festival-cinejardim","festival-cinejardim-source-1","9º Cine Jardim — site oficial","https://cinejardim.com/","oficial","9ª edição / 2026","Página ou regulamento consultado","confirmado na edição atual","confirmado","2026-10-04","2026-10-04","localização | atividade | categorias | duração | elegibilidade territorial | produção/conclusão | estreia | exibição online | pessoa autorizada a inscrever | taxas | abertura | encerramento | realização | relevância","Confirma edição, programação e período de 17–22/8."
"chamada","festival-cinejardim-research-2026-call-longas-br","festival-cinejardim","festival-cinejardim-source-2","9º Cine Jardim — regulamento","https://filmfreeway.com/CineJardim","plataforma de inscrição","9ª edição / 2026","Página ou regulamento consultado","confirmado na edição atual","confirmado","2026-10-04","2026-10-04","localização | atividade | categorias | duração | elegibilidade territorial | produção/conclusão | estreia | exibição online | pessoa autorizada a inscrever | taxas | abertura | encerramento | realização | relevância","Regras integralmente lidas; contém conflitos entre títulos de seções e data final do evento."
"chamada","festival-cinejardim-research-2026-call-infantojuvenil","festival-cinejardim","festival-cinejardim-source-1","9º Cine Jardim — site oficial","https://cinejardim.com/","oficial","9ª edição / 2026","Página ou regulamento consultado","confirmado na edição atual","confirmado","2026-10-04","2026-10-04","localização | atividade | categorias | duração | elegibilidade territorial | produção/conclusão | estreia | exibição online | pessoa autorizada a inscrever | taxas | abertura | encerramento | realização | relevância","Confirma edição, programação e período de 17–22/8."
"chamada","festival-cinejardim-research-2026-call-infantojuvenil","festival-cinejardim","festival-cinejardim-source-2","9º Cine Jardim — regulamento","https://filmfreeway.com/CineJardim","plataforma de inscrição","9ª edição / 2026","Página ou regulamento consultado","confirmado na edição atual","confirmado","2026-10-04","2026-10-04","localização | atividade | categorias | duração | elegibilidade territorial | produção/conclusão | estreia | exibição online | pessoa autorizada a inscrever | taxas | abertura | encerramento | realização | relevância","Regras integralmente lidas; contém conflitos entre títulos de seções e data final do evento."
"chamada","festival-cinejardim-research-2026-call-curtas-br","festival-cinejardim","festival-cinejardim-source-1","9º Cine Jardim — site oficial","https://cinejardim.com/","oficial","9ª edição / 2026","Página ou regulamento consultado","confirmado na edição atual","confirmado","2026-10-04","2026-10-04","localização | atividade | categorias | duração | elegibilidade territorial | produção/conclusão | estreia | exibição online | pessoa autorizada a inscrever | taxas | abertura | encerramento | realização | relevância","Confirma edição, programação e período de 17–22/8."
"chamada","festival-cinejardim-research-2026-call-curtas-br","festival-cinejardim","festival-cinejardim-source-2","9º Cine Jardim — regulamento","https://filmfreeway.com/CineJardim","plataforma de inscrição","9ª edição / 2026","Página ou regulamento consultado","confirmado na edição atual","confirmado","2026-10-04","2026-10-04","localização | atividade | categorias | duração | elegibilidade territorial | produção/conclusão | estreia | exibição online | pessoa autorizada a inscrever | taxas | abertura | encerramento | realização | relevância","Regras integralmente lidas; contém conflitos entre títulos de seções e data final do evento."
"chamada","festival-fecine-research-2025-general","festival-fecine","festival-fecine-source-1","Regulamento do 2º FECINE","https://fecine.com.br/wp-content/uploads/2025/08/2-FECINE-Regulamento.pdf","oficial","2ª edição / 2025","Página ou regulamento consultado","confirmado em edição anterior","edição anterior","2026-10-04","2026-10-04","localização | atividade | categorias | duração | elegibilidade territorial | produção/conclusão | estreia | exibição online | pessoa autorizada a inscrever | taxas | abertura | encerramento | realização | relevância","Regulamento oficial integralmente lido; nenhuma chamada de 2026 localizada."
"chamada","festival-fecine-research-2025-call-longas","festival-fecine","festival-fecine-source-1","Regulamento do 2º FECINE","https://fecine.com.br/wp-content/uploads/2025/08/2-FECINE-Regulamento.pdf","oficial","2ª edição / 2025","Página ou regulamento consultado","confirmado em edição anterior","edição anterior","2026-10-04","2026-10-04","localização | atividade | categorias | duração | elegibilidade territorial | produção/conclusão | estreia | exibição online | pessoa autorizada a inscrever | taxas | abertura | encerramento | realização | relevância","Regulamento oficial integralmente lido; nenhuma chamada de 2026 localizada."
"chamada","festival-lobofest-research-2025-general","festival-lobofest","festival-lobofest-source-1","17º LoboFest — regras","https://filmfreeway.com/LoboFestFestivalInternacionaldeFilmes","plataforma de inscrição","17ª edição / chamada 2025, realização 2026","Página ou regulamento consultado","confirmado na edição atual","confirmado","2026-10-04","2026-10-04","localização | atividade | categorias | duração | elegibilidade territorial | produção/conclusão | estreia | exibição online | pessoa autorizada a inscrever | taxas | abertura | encerramento | realização | relevância","Regras integralmente lidas; versões portuguesa/inglesa divergem nas datas internacionais."
"chamada","festival-lobofest-research-2025-general","festival-lobofest","festival-lobofest-source-2","Programação da 17ª edição do LoboFest","https://aguasclarasmidia.com.br/wp-content/uploads/2026/03/FolhadeAG360.pdf","fonte secundária","17ª edição / chamada 2025, realização 2026","Página ou regulamento consultado","confirmado na edição atual","confirmado","2026-10-04","2026-10-04","localização | atividade | categorias | duração | elegibilidade territorial | produção/conclusão | estreia | exibição online | pessoa autorizada a inscrever | taxas | abertura | encerramento | realização | relevância","Confirma realização de 18–20/3/2026 no Riacho Fundo."
"chamada","festival-lobofest-research-2025-call-internacionais","festival-lobofest","festival-lobofest-source-1","17º LoboFest — regras","https://filmfreeway.com/LoboFestFestivalInternacionaldeFilmes","plataforma de inscrição","17ª edição / chamada 2025, realização 2026","Página ou regulamento consultado","confirmado na edição atual","confirmado","2026-10-04","2026-10-04","localização | atividade | categorias | duração | elegibilidade territorial | produção/conclusão | estreia | exibição online | pessoa autorizada a inscrever | taxas | abertura | encerramento | realização | relevância","Regras integralmente lidas; versões portuguesa/inglesa divergem nas datas internacionais."
"chamada","festival-lobofest-research-2025-call-internacionais","festival-lobofest","festival-lobofest-source-2","Programação da 17ª edição do LoboFest","https://aguasclarasmidia.com.br/wp-content/uploads/2026/03/FolhadeAG360.pdf","fonte secundária","17ª edição / chamada 2025, realização 2026","Página ou regulamento consultado","confirmado na edição atual","confirmado","2026-10-04","2026-10-04","localização | atividade | categorias | duração | elegibilidade territorial | produção/conclusão | estreia | exibição online | pessoa autorizada a inscrever | taxas | abertura | encerramento | realização | relevância","Confirma realização de 18–20/3/2026 no Riacho Fundo."
"chamada","festival-estranhos-research-2026-general","festival-estranhos","festival-estranhos-source-1","2º Estranhos Encontros — site oficial","https://www.estranhosencontros.com/","oficial","2ª edição / 2026","Página ou regulamento consultado","confirmado na edição atual","confirmado","2026-10-04","2026-10-04","localização | atividade | categorias | duração | elegibilidade territorial | produção/conclusão | estreia | exibição online | pessoa autorizada a inscrever | taxas | abertura | encerramento | realização | relevância","Confirma programa, datas e espaços."
"chamada","festival-estranhos-research-2026-general","festival-estranhos","festival-estranhos-source-2","2º Estranhos Encontros — regras e taxas","https://filmfreeway.com/estranhosencontros","plataforma de inscrição","2ª edição / 2026","Página ou regulamento consultado","confirmado na edição atual","confirmado","2026-10-04","2026-10-04","localização | atividade | categorias | duração | elegibilidade territorial | produção/conclusão | estreia | exibição online | pessoa autorizada a inscrever | taxas | abertura | encerramento | realização | relevância","Regras, lotes e taxas integralmente lidos."
"chamada","festival-estranhos-research-2026-call-curtas-int","festival-estranhos","festival-estranhos-source-1","2º Estranhos Encontros — site oficial","https://www.estranhosencontros.com/","oficial","2ª edição / 2026","Página ou regulamento consultado","confirmado na edição atual","confirmado","2026-10-04","2026-10-04","localização | atividade | categorias | duração | elegibilidade territorial | produção/conclusão | estreia | exibição online | pessoa autorizada a inscrever | taxas | abertura | encerramento | realização | relevância","Confirma programa, datas e espaços."
"chamada","festival-estranhos-research-2026-call-curtas-int","festival-estranhos","festival-estranhos-source-2","2º Estranhos Encontros — regras e taxas","https://filmfreeway.com/estranhosencontros","plataforma de inscrição","2ª edição / 2026","Página ou regulamento consultado","confirmado na edição atual","confirmado","2026-10-04","2026-10-04","localização | atividade | categorias | duração | elegibilidade territorial | produção/conclusão | estreia | exibição online | pessoa autorizada a inscrever | taxas | abertura | encerramento | realização | relevância","Regras, lotes e taxas integralmente lidos."
"chamada","festival-estranhos-research-2026-call-longas-br","festival-estranhos","festival-estranhos-source-1","2º Estranhos Encontros — site oficial","https://www.estranhosencontros.com/","oficial","2ª edição / 2026","Página ou regulamento consultado","confirmado na edição atual","confirmado","2026-10-04","2026-10-04","localização | atividade | categorias | duração | elegibilidade territorial | produção/conclusão | estreia | exibição online | pessoa autorizada a inscrever | taxas | abertura | encerramento | realização | relevância","Confirma programa, datas e espaços."
"chamada","festival-estranhos-research-2026-call-longas-br","festival-estranhos","festival-estranhos-source-2","2º Estranhos Encontros — regras e taxas","https://filmfreeway.com/estranhosencontros","plataforma de inscrição","2ª edição / 2026","Página ou regulamento consultado","confirmado na edição atual","confirmado","2026-10-04","2026-10-04","localização | atividade | categorias | duração | elegibilidade territorial | produção/conclusão | estreia | exibição online | pessoa autorizada a inscrever | taxas | abertura | encerramento | realização | relevância","Regras, lotes e taxas integralmente lidos."
"chamada","festival-estranhos-research-2026-call-longas-int","festival-estranhos","festival-estranhos-source-1","2º Estranhos Encontros — site oficial","https://www.estranhosencontros.com/","oficial","2ª edição / 2026","Página ou regulamento consultado","confirmado na edição atual","confirmado","2026-10-04","2026-10-04","localização | atividade | categorias | duração | elegibilidade territorial | produção/conclusão | estreia | exibição online | pessoa autorizada a inscrever | taxas | abertura | encerramento | realização | relevância","Confirma programa, datas e espaços."
"chamada","festival-estranhos-research-2026-call-longas-int","festival-estranhos","festival-estranhos-source-2","2º Estranhos Encontros — regras e taxas","https://filmfreeway.com/estranhosencontros","plataforma de inscrição","2ª edição / 2026","Página ou regulamento consultado","confirmado na edição atual","confirmado","2026-10-04","2026-10-04","localização | atividade | categorias | duração | elegibilidade territorial | produção/conclusão | estreia | exibição online | pessoa autorizada a inscrever | taxas | abertura | encerramento | realização | relevância","Regras, lotes e taxas integralmente lidos."
"chamada","festival-cinedoscampos-research-2025-general","festival-cinedoscampos","festival-cinedoscampos-source-1","2º Cine dos Campos — inscrições","https://www.cinedoscampos.com.br/inscri%C3%A7%C3%B5es","oficial","2ª edição / 2025","Página ou regulamento consultado","confirmado em edição anterior","edição anterior","2026-10-04","2026-10-04","localização | atividade | categorias | duração | elegibilidade territorial | produção/conclusão | estreia | exibição online | pessoa autorizada a inscrever | taxas | abertura | encerramento | realização | relevância","Página oficial integralmente lida; nenhuma edição de 2026 localizada."
"chamada","festival-cinedoscampos-research-2025-call-pg","festival-cinedoscampos","festival-cinedoscampos-source-1","2º Cine dos Campos — inscrições","https://www.cinedoscampos.com.br/inscri%C3%A7%C3%B5es","oficial","2ª edição / 2025","Página ou regulamento consultado","confirmado em edição anterior","edição anterior","2026-10-04","2026-10-04","localização | atividade | categorias | duração | elegibilidade territorial | produção/conclusão | estreia | exibição online | pessoa autorizada a inscrever | taxas | abertura | encerramento | realização | relevância","Página oficial integralmente lida; nenhuma edição de 2026 localizada."
"chamada","festival-blackqueer-research-2026-general","festival-blackqueer","festival-blackqueer-source-1","Black Queer Festival 2026 — site oficial","https://www.blackqueerfestival.com/","oficial","2ª edição / 2026","Página ou regulamento consultado","confirmado na edição atual","confirmado","2026-10-04","2026-10-04","localização | atividade | categorias | duração | elegibilidade territorial | produção/conclusão | estreia | exibição online | pessoa autorizada a inscrever | taxas | abertura | encerramento | realização | relevância","Confirma cidades, espaços e período geral."
"chamada","festival-blackqueer-research-2026-general","festival-blackqueer","festival-blackqueer-source-2","Black Queer Festival — regras, lotes e taxas","https://filmfreeway.com/BlackQueerFestival","plataforma de inscrição","2ª edição / 2026","Página ou regulamento consultado","confirmado na edição atual","confirmado","2026-10-04","2026-10-04","localização | atividade | categorias | duração | elegibilidade territorial | produção/conclusão | estreia | exibição online | pessoa autorizada a inscrever | taxas | abertura | encerramento | realização | relevância","Regras integralmente lidas; o corpo e os campos da plataforma contêm conflitos de edição, ano e prazo."
"chamada","festival-blackqueer-research-2026-call-curtas-int","festival-blackqueer","festival-blackqueer-source-1","Black Queer Festival 2026 — site oficial","https://www.blackqueerfestival.com/","oficial","2ª edição / 2026","Página ou regulamento consultado","confirmado na edição atual","confirmado","2026-10-04","2026-10-04","localização | atividade | categorias | duração | elegibilidade territorial | produção/conclusão | estreia | exibição online | pessoa autorizada a inscrever | taxas | abertura | encerramento | realização | relevância","Confirma cidades, espaços e período geral."
"chamada","festival-blackqueer-research-2026-call-curtas-int","festival-blackqueer","festival-blackqueer-source-2","Black Queer Festival — regras, lotes e taxas","https://filmfreeway.com/BlackQueerFestival","plataforma de inscrição","2ª edição / 2026","Página ou regulamento consultado","confirmado na edição atual","confirmado","2026-10-04","2026-10-04","localização | atividade | categorias | duração | elegibilidade territorial | produção/conclusão | estreia | exibição online | pessoa autorizada a inscrever | taxas | abertura | encerramento | realização | relevância","Regras integralmente lidas; o corpo e os campos da plataforma contêm conflitos de edição, ano e prazo."
"chamada","festival-blackqueer-research-2026-call-paralela-int","festival-blackqueer","festival-blackqueer-source-1","Black Queer Festival 2026 — site oficial","https://www.blackqueerfestival.com/","oficial","2ª edição / 2026","Página ou regulamento consultado","confirmado na edição atual","confirmado","2026-10-04","2026-10-04","localização | atividade | categorias | duração | elegibilidade territorial | produção/conclusão | estreia | exibição online | pessoa autorizada a inscrever | taxas | abertura | encerramento | realização | relevância","Confirma cidades, espaços e período geral."
"chamada","festival-blackqueer-research-2026-call-paralela-int","festival-blackqueer","festival-blackqueer-source-2","Black Queer Festival — regras, lotes e taxas","https://filmfreeway.com/BlackQueerFestival","plataforma de inscrição","2ª edição / 2026","Página ou regulamento consultado","confirmado na edição atual","confirmado","2026-10-04","2026-10-04","localização | atividade | categorias | duração | elegibilidade territorial | produção/conclusão | estreia | exibição online | pessoa autorizada a inscrever | taxas | abertura | encerramento | realização | relevância","Regras integralmente lidas; o corpo e os campos da plataforma contêm conflitos de edição, ano e prazo."
"chamada","festival-blackqueer-research-2026-call-paralela-br","festival-blackqueer","festival-blackqueer-source-1","Black Queer Festival 2026 — site oficial","https://www.blackqueerfestival.com/","oficial","2ª edição / 2026","Página ou regulamento consultado","confirmado na edição atual","confirmado","2026-10-04","2026-10-04","localização | atividade | categorias | duração | elegibilidade territorial | produção/conclusão | estreia | exibição online | pessoa autorizada a inscrever | taxas | abertura | encerramento | realização | relevância","Confirma cidades, espaços e período geral."
"chamada","festival-blackqueer-research-2026-call-paralela-br","festival-blackqueer","festival-blackqueer-source-2","Black Queer Festival — regras, lotes e taxas","https://filmfreeway.com/BlackQueerFestival","plataforma de inscrição","2ª edição / 2026","Página ou regulamento consultado","confirmado na edição atual","confirmado","2026-10-04","2026-10-04","localização | atividade | categorias | duração | elegibilidade territorial | produção/conclusão | estreia | exibição online | pessoa autorizada a inscrever | taxas | abertura | encerramento | realização | relevância","Regras integralmente lidas; o corpo e os campos da plataforma contêm conflitos de edição, ano e prazo."
"chamada","festival-blackqueer-research-2026-call-longas","festival-blackqueer","festival-blackqueer-source-1","Black Queer Festival 2026 — site oficial","https://www.blackqueerfestival.com/","oficial","2ª edição / 2026","Página ou regulamento consultado","confirmado na edição atual","confirmado","2026-10-04","2026-10-04","localização | atividade | categorias | duração | elegibilidade territorial | produção/conclusão | estreia | exibição online | pessoa autorizada a inscrever | taxas | abertura | encerramento | realização | relevância","Confirma cidades, espaços e período geral."
"chamada","festival-blackqueer-research-2026-call-longas","festival-blackqueer","festival-blackqueer-source-2","Black Queer Festival — regras, lotes e taxas","https://filmfreeway.com/BlackQueerFestival","plataforma de inscrição","2ª edição / 2026","Página ou regulamento consultado","confirmado na edição atual","confirmado","2026-10-04","2026-10-04","localização | atividade | categorias | duração | elegibilidade territorial | produção/conclusão | estreia | exibição online | pessoa autorizada a inscrever | taxas | abertura | encerramento | realização | relevância","Regras integralmente lidas; o corpo e os campos da plataforma contêm conflitos de edição, ano e prazo."
"chamada","festival-macacucine-research-2026-category-1","festival-macacucine","festival-macacucine-source-1","18º MacacuCine — inscrições","https://www.macacucine.com.br/inscricao","oficial","18ª edição / 2026","Página ou regulamento consultado","confirmado na edição atual","confirmado","2026-10-04","2026-10-04","localização | atividade | categorias | duração | elegibilidade territorial | produção/conclusão | estreia | exibição online | pessoa autorizada a inscrever | taxas | abertura | encerramento | realização | relevância","Página oficial com os seis regulamentos atuais."
"chamada","festival-macacucine-research-2026-category-1","festival-macacucine","festival-macacucine-source-2","Regulamento Mostra Livre 2026","https://drive.google.com/file/d/18tTUm3WhQlPOVOYYdt-Cck-jwK2OdrgL/view","oficial","18ª edição / 2026","Página ou regulamento consultado","confirmado na edição atual","confirmado","2026-10-04","2026-10-04","localização | atividade | categorias | duração | elegibilidade territorial | produção/conclusão | estreia | exibição online | pessoa autorizada a inscrever | taxas | abertura | encerramento | realização | relevância","PDF oficial integralmente lido."
"chamada","festival-macacucine-research-2026-category-1","festival-macacucine","festival-macacucine-source-3","Regulamento Curtas Escolares Brasil 2026","https://drive.google.com/file/d/1exE8qNeoe5RThkSleqWP80WLs7gg90Om/view","oficial","18ª edição / 2026","Página ou regulamento consultado","confirmado na edição atual","confirmado","2026-10-04","2026-10-04","localização | atividade | categorias | duração | elegibilidade territorial | produção/conclusão | estreia | exibição online | pessoa autorizada a inscrever | taxas | abertura | encerramento | realização | relevância","PDF oficial integralmente lido."
"chamada","festival-macacucine-research-2026-category-1","festival-macacucine","festival-macacucine-source-4","Regulamento Curtas Universitários Brasil 2026","https://drive.google.com/file/d/1GrQ8MYIwevBi84lpF2QMBQOELT__OWB2/view","oficial","18ª edição / 2026","Página ou regulamento consultado","confirmado na edição atual","confirmado","2026-10-04","2026-10-04","localização | atividade | categorias | duração | elegibilidade territorial | produção/conclusão | estreia | exibição online | pessoa autorizada a inscrever | taxas | abertura | encerramento | realização | relevância","PDF oficial integralmente lido."
"chamada","festival-macacucine-research-2026-category-1","festival-macacucine","festival-macacucine-source-5","Regulamento Micrometragens 2026","https://drive.google.com/file/d/1ACoCKiYQb0zn9xNys52b8DRgh_af_Cb2/view","oficial","18ª edição / 2026","Página ou regulamento consultado","confirmado na edição atual","confirmado","2026-10-04","2026-10-04","localização | atividade | categorias | duração | elegibilidade territorial | produção/conclusão | estreia | exibição online | pessoa autorizada a inscrever | taxas | abertura | encerramento | realização | relevância","PDF oficial integralmente lido."
"chamada","festival-macacucine-research-2026-category-1","festival-macacucine","festival-macacucine-source-6","Regulamento Curtas Escolares Internacional 2026","https://drive.google.com/file/d/1oOYzV0dKalFatxRBsFIYTI4hN5tCRnMd/view","oficial","18ª edição / 2026","Página ou regulamento consultado","confirmado na edição atual","confirmado","2026-10-04","2026-10-04","localização | atividade | categorias | duração | elegibilidade territorial | produção/conclusão | estreia | exibição online | pessoa autorizada a inscrever | taxas | abertura | encerramento | realização | relevância","PDF oficial integralmente lido."
"chamada","festival-macacucine-research-2026-category-1","festival-macacucine","festival-macacucine-source-7","Regulamento Curtas Universitários Internacional 2026","https://drive.google.com/file/d/1W4jnplVNhYJPI3XrIN-b-jgbGQdZueb-/view","oficial","18ª edição / 2026","Página ou regulamento consultado","confirmado na edição atual","confirmado","2026-10-04","2026-10-04","localização | atividade | categorias | duração | elegibilidade territorial | produção/conclusão | estreia | exibição online | pessoa autorizada a inscrever | taxas | abertura | encerramento | realização | relevância","PDF oficial integralmente lido."
"chamada","festival-macacucine-research-2026-call-escolar-br","festival-macacucine","festival-macacucine-source-1","18º MacacuCine — inscrições","https://www.macacucine.com.br/inscricao","oficial","18ª edição / 2026","Página ou regulamento consultado","confirmado na edição atual","confirmado","2026-10-04","2026-10-04","localização | atividade | categorias | duração | elegibilidade territorial | produção/conclusão | estreia | exibição online | pessoa autorizada a inscrever | taxas | abertura | encerramento | realização | relevância","Página oficial com os seis regulamentos atuais."
"chamada","festival-macacucine-research-2026-call-escolar-br","festival-macacucine","festival-macacucine-source-2","Regulamento Mostra Livre 2026","https://drive.google.com/file/d/18tTUm3WhQlPOVOYYdt-Cck-jwK2OdrgL/view","oficial","18ª edição / 2026","Página ou regulamento consultado","confirmado na edição atual","confirmado","2026-10-04","2026-10-04","localização | atividade | categorias | duração | elegibilidade territorial | produção/conclusão | estreia | exibição online | pessoa autorizada a inscrever | taxas | abertura | encerramento | realização | relevância","PDF oficial integralmente lido."
"chamada","festival-macacucine-research-2026-call-escolar-br","festival-macacucine","festival-macacucine-source-3","Regulamento Curtas Escolares Brasil 2026","https://drive.google.com/file/d/1exE8qNeoe5RThkSleqWP80WLs7gg90Om/view","oficial","18ª edição / 2026","Página ou regulamento consultado","confirmado na edição atual","confirmado","2026-10-04","2026-10-04","localização | atividade | categorias | duração | elegibilidade territorial | produção/conclusão | estreia | exibição online | pessoa autorizada a inscrever | taxas | abertura | encerramento | realização | relevância","PDF oficial integralmente lido."
"chamada","festival-macacucine-research-2026-call-escolar-br","festival-macacucine","festival-macacucine-source-4","Regulamento Curtas Universitários Brasil 2026","https://drive.google.com/file/d/1GrQ8MYIwevBi84lpF2QMBQOELT__OWB2/view","oficial","18ª edição / 2026","Página ou regulamento consultado","confirmado na edição atual","confirmado","2026-10-04","2026-10-04","localização | atividade | categorias | duração | elegibilidade territorial | produção/conclusão | estreia | exibição online | pessoa autorizada a inscrever | taxas | abertura | encerramento | realização | relevância","PDF oficial integralmente lido."
"chamada","festival-macacucine-research-2026-call-escolar-br","festival-macacucine","festival-macacucine-source-5","Regulamento Micrometragens 2026","https://drive.google.com/file/d/1ACoCKiYQb0zn9xNys52b8DRgh_af_Cb2/view","oficial","18ª edição / 2026","Página ou regulamento consultado","confirmado na edição atual","confirmado","2026-10-04","2026-10-04","localização | atividade | categorias | duração | elegibilidade territorial | produção/conclusão | estreia | exibição online | pessoa autorizada a inscrever | taxas | abertura | encerramento | realização | relevância","PDF oficial integralmente lido."
"chamada","festival-macacucine-research-2026-call-escolar-br","festival-macacucine","festival-macacucine-source-6","Regulamento Curtas Escolares Internacional 2026","https://drive.google.com/file/d/1oOYzV0dKalFatxRBsFIYTI4hN5tCRnMd/view","oficial","18ª edição / 2026","Página ou regulamento consultado","confirmado na edição atual","confirmado","2026-10-04","2026-10-04","localização | atividade | categorias | duração | elegibilidade territorial | produção/conclusão | estreia | exibição online | pessoa autorizada a inscrever | taxas | abertura | encerramento | realização | relevância","PDF oficial integralmente lido."
"chamada","festival-macacucine-research-2026-call-escolar-br","festival-macacucine","festival-macacucine-source-7","Regulamento Curtas Universitários Internacional 2026","https://drive.google.com/file/d/1W4jnplVNhYJPI3XrIN-b-jgbGQdZueb-/view","oficial","18ª edição / 2026","Página ou regulamento consultado","confirmado na edição atual","confirmado","2026-10-04","2026-10-04","localização | atividade | categorias | duração | elegibilidade territorial | produção/conclusão | estreia | exibição online | pessoa autorizada a inscrever | taxas | abertura | encerramento | realização | relevância","PDF oficial integralmente lido."
"chamada","festival-macacucine-research-2026-call-universitario-br","festival-macacucine","festival-macacucine-source-1","18º MacacuCine — inscrições","https://www.macacucine.com.br/inscricao","oficial","18ª edição / 2026","Página ou regulamento consultado","confirmado na edição atual","confirmado","2026-10-04","2026-10-04","localização | atividade | categorias | duração | elegibilidade territorial | produção/conclusão | estreia | exibição online | pessoa autorizada a inscrever | taxas | abertura | encerramento | realização | relevância","Página oficial com os seis regulamentos atuais."
"chamada","festival-macacucine-research-2026-call-universitario-br","festival-macacucine","festival-macacucine-source-2","Regulamento Mostra Livre 2026","https://drive.google.com/file/d/18tTUm3WhQlPOVOYYdt-Cck-jwK2OdrgL/view","oficial","18ª edição / 2026","Página ou regulamento consultado","confirmado na edição atual","confirmado","2026-10-04","2026-10-04","localização | atividade | categorias | duração | elegibilidade territorial | produção/conclusão | estreia | exibição online | pessoa autorizada a inscrever | taxas | abertura | encerramento | realização | relevância","PDF oficial integralmente lido."
"chamada","festival-macacucine-research-2026-call-universitario-br","festival-macacucine","festival-macacucine-source-3","Regulamento Curtas Escolares Brasil 2026","https://drive.google.com/file/d/1exE8qNeoe5RThkSleqWP80WLs7gg90Om/view","oficial","18ª edição / 2026","Página ou regulamento consultado","confirmado na edição atual","confirmado","2026-10-04","2026-10-04","localização | atividade | categorias | duração | elegibilidade territorial | produção/conclusão | estreia | exibição online | pessoa autorizada a inscrever | taxas | abertura | encerramento | realização | relevância","PDF oficial integralmente lido."
"chamada","festival-macacucine-research-2026-call-universitario-br","festival-macacucine","festival-macacucine-source-4","Regulamento Curtas Universitários Brasil 2026","https://drive.google.com/file/d/1GrQ8MYIwevBi84lpF2QMBQOELT__OWB2/view","oficial","18ª edição / 2026","Página ou regulamento consultado","confirmado na edição atual","confirmado","2026-10-04","2026-10-04","localização | atividade | categorias | duração | elegibilidade territorial | produção/conclusão | estreia | exibição online | pessoa autorizada a inscrever | taxas | abertura | encerramento | realização | relevância","PDF oficial integralmente lido."
"chamada","festival-macacucine-research-2026-call-universitario-br","festival-macacucine","festival-macacucine-source-5","Regulamento Micrometragens 2026","https://drive.google.com/file/d/1ACoCKiYQb0zn9xNys52b8DRgh_af_Cb2/view","oficial","18ª edição / 2026","Página ou regulamento consultado","confirmado na edição atual","confirmado","2026-10-04","2026-10-04","localização | atividade | categorias | duração | elegibilidade territorial | produção/conclusão | estreia | exibição online | pessoa autorizada a inscrever | taxas | abertura | encerramento | realização | relevância","PDF oficial integralmente lido."
"chamada","festival-macacucine-research-2026-call-universitario-br","festival-macacucine","festival-macacucine-source-6","Regulamento Curtas Escolares Internacional 2026","https://drive.google.com/file/d/1oOYzV0dKalFatxRBsFIYTI4hN5tCRnMd/view","oficial","18ª edição / 2026","Página ou regulamento consultado","confirmado na edição atual","confirmado","2026-10-04","2026-10-04","localização | atividade | categorias | duração | elegibilidade territorial | produção/conclusão | estreia | exibição online | pessoa autorizada a inscrever | taxas | abertura | encerramento | realização | relevância","PDF oficial integralmente lido."
"chamada","festival-macacucine-research-2026-call-universitario-br","festival-macacucine","festival-macacucine-source-7","Regulamento Curtas Universitários Internacional 2026","https://drive.google.com/file/d/1W4jnplVNhYJPI3XrIN-b-jgbGQdZueb-/view","oficial","18ª edição / 2026","Página ou regulamento consultado","confirmado na edição atual","confirmado","2026-10-04","2026-10-04","localização | atividade | categorias | duração | elegibilidade territorial | produção/conclusão | estreia | exibição online | pessoa autorizada a inscrever | taxas | abertura | encerramento | realização | relevância","PDF oficial integralmente lido."
"chamada","festival-macacucine-research-2026-call-micro","festival-macacucine","festival-macacucine-source-1","18º MacacuCine — inscrições","https://www.macacucine.com.br/inscricao","oficial","18ª edição / 2026","Página ou regulamento consultado","confirmado na edição atual","confirmado","2026-10-04","2026-10-04","localização | atividade | categorias | duração | elegibilidade territorial | produção/conclusão | estreia | exibição online | pessoa autorizada a inscrever | taxas | abertura | encerramento | realização | relevância","Página oficial com os seis regulamentos atuais."
"chamada","festival-macacucine-research-2026-call-micro","festival-macacucine","festival-macacucine-source-2","Regulamento Mostra Livre 2026","https://drive.google.com/file/d/18tTUm3WhQlPOVOYYdt-Cck-jwK2OdrgL/view","oficial","18ª edição / 2026","Página ou regulamento consultado","confirmado na edição atual","confirmado","2026-10-04","2026-10-04","localização | atividade | categorias | duração | elegibilidade territorial | produção/conclusão | estreia | exibição online | pessoa autorizada a inscrever | taxas | abertura | encerramento | realização | relevância","PDF oficial integralmente lido."
"chamada","festival-macacucine-research-2026-call-micro","festival-macacucine","festival-macacucine-source-3","Regulamento Curtas Escolares Brasil 2026","https://drive.google.com/file/d/1exE8qNeoe5RThkSleqWP80WLs7gg90Om/view","oficial","18ª edição / 2026","Página ou regulamento consultado","confirmado na edição atual","confirmado","2026-10-04","2026-10-04","localização | atividade | categorias | duração | elegibilidade territorial | produção/conclusão | estreia | exibição online | pessoa autorizada a inscrever | taxas | abertura | encerramento | realização | relevância","PDF oficial integralmente lido."
"chamada","festival-macacucine-research-2026-call-micro","festival-macacucine","festival-macacucine-source-4","Regulamento Curtas Universitários Brasil 2026","https://drive.google.com/file/d/1GrQ8MYIwevBi84lpF2QMBQOELT__OWB2/view","oficial","18ª edição / 2026","Página ou regulamento consultado","confirmado na edição atual","confirmado","2026-10-04","2026-10-04","localização | atividade | categorias | duração | elegibilidade territorial | produção/conclusão | estreia | exibição online | pessoa autorizada a inscrever | taxas | abertura | encerramento | realização | relevância","PDF oficial integralmente lido."
"chamada","festival-macacucine-research-2026-call-micro","festival-macacucine","festival-macacucine-source-5","Regulamento Micrometragens 2026","https://drive.google.com/file/d/1ACoCKiYQb0zn9xNys52b8DRgh_af_Cb2/view","oficial","18ª edição / 2026","Página ou regulamento consultado","confirmado na edição atual","confirmado","2026-10-04","2026-10-04","localização | atividade | categorias | duração | elegibilidade territorial | produção/conclusão | estreia | exibição online | pessoa autorizada a inscrever | taxas | abertura | encerramento | realização | relevância","PDF oficial integralmente lido."
"chamada","festival-macacucine-research-2026-call-micro","festival-macacucine","festival-macacucine-source-6","Regulamento Curtas Escolares Internacional 2026","https://drive.google.com/file/d/1oOYzV0dKalFatxRBsFIYTI4hN5tCRnMd/view","oficial","18ª edição / 2026","Página ou regulamento consultado","confirmado na edição atual","confirmado","2026-10-04","2026-10-04","localização | atividade | categorias | duração | elegibilidade territorial | produção/conclusão | estreia | exibição online | pessoa autorizada a inscrever | taxas | abertura | encerramento | realização | relevância","PDF oficial integralmente lido."
"chamada","festival-macacucine-research-2026-call-micro","festival-macacucine","festival-macacucine-source-7","Regulamento Curtas Universitários Internacional 2026","https://drive.google.com/file/d/1W4jnplVNhYJPI3XrIN-b-jgbGQdZueb-/view","oficial","18ª edição / 2026","Página ou regulamento consultado","confirmado na edição atual","confirmado","2026-10-04","2026-10-04","localização | atividade | categorias | duração | elegibilidade territorial | produção/conclusão | estreia | exibição online | pessoa autorizada a inscrever | taxas | abertura | encerramento | realização | relevância","PDF oficial integralmente lido."
"chamada","festival-macacucine-research-2026-call-escolar-int","festival-macacucine","festival-macacucine-source-1","18º MacacuCine — inscrições","https://www.macacucine.com.br/inscricao","oficial","18ª edição / 2026","Página ou regulamento consultado","confirmado na edição atual","confirmado","2026-10-04","2026-10-04","localização | atividade | categorias | duração | elegibilidade territorial | produção/conclusão | estreia | exibição online | pessoa autorizada a inscrever | taxas | abertura | encerramento | realização | relevância","Página oficial com os seis regulamentos atuais."
"chamada","festival-macacucine-research-2026-call-escolar-int","festival-macacucine","festival-macacucine-source-2","Regulamento Mostra Livre 2026","https://drive.google.com/file/d/18tTUm3WhQlPOVOYYdt-Cck-jwK2OdrgL/view","oficial","18ª edição / 2026","Página ou regulamento consultado","confirmado na edição atual","confirmado","2026-10-04","2026-10-04","localização | atividade | categorias | duração | elegibilidade territorial | produção/conclusão | estreia | exibição online | pessoa autorizada a inscrever | taxas | abertura | encerramento | realização | relevância","PDF oficial integralmente lido."
"chamada","festival-macacucine-research-2026-call-escolar-int","festival-macacucine","festival-macacucine-source-3","Regulamento Curtas Escolares Brasil 2026","https://drive.google.com/file/d/1exE8qNeoe5RThkSleqWP80WLs7gg90Om/view","oficial","18ª edição / 2026","Página ou regulamento consultado","confirmado na edição atual","confirmado","2026-10-04","2026-10-04","localização | atividade | categorias | duração | elegibilidade territorial | produção/conclusão | estreia | exibição online | pessoa autorizada a inscrever | taxas | abertura | encerramento | realização | relevância","PDF oficial integralmente lido."
"chamada","festival-macacucine-research-2026-call-escolar-int","festival-macacucine","festival-macacucine-source-4","Regulamento Curtas Universitários Brasil 2026","https://drive.google.com/file/d/1GrQ8MYIwevBi84lpF2QMBQOELT__OWB2/view","oficial","18ª edição / 2026","Página ou regulamento consultado","confirmado na edição atual","confirmado","2026-10-04","2026-10-04","localização | atividade | categorias | duração | elegibilidade territorial | produção/conclusão | estreia | exibição online | pessoa autorizada a inscrever | taxas | abertura | encerramento | realização | relevância","PDF oficial integralmente lido."
"chamada","festival-macacucine-research-2026-call-escolar-int","festival-macacucine","festival-macacucine-source-5","Regulamento Micrometragens 2026","https://drive.google.com/file/d/1ACoCKiYQb0zn9xNys52b8DRgh_af_Cb2/view","oficial","18ª edição / 2026","Página ou regulamento consultado","confirmado na edição atual","confirmado","2026-10-04","2026-10-04","localização | atividade | categorias | duração | elegibilidade territorial | produção/conclusão | estreia | exibição online | pessoa autorizada a inscrever | taxas | abertura | encerramento | realização | relevância","PDF oficial integralmente lido."
"chamada","festival-macacucine-research-2026-call-escolar-int","festival-macacucine","festival-macacucine-source-6","Regulamento Curtas Escolares Internacional 2026","https://drive.google.com/file/d/1oOYzV0dKalFatxRBsFIYTI4hN5tCRnMd/view","oficial","18ª edição / 2026","Página ou regulamento consultado","confirmado na edição atual","confirmado","2026-10-04","2026-10-04","localização | atividade | categorias | duração | elegibilidade territorial | produção/conclusão | estreia | exibição online | pessoa autorizada a inscrever | taxas | abertura | encerramento | realização | relevância","PDF oficial integralmente lido."
"chamada","festival-macacucine-research-2026-call-escolar-int","festival-macacucine","festival-macacucine-source-7","Regulamento Curtas Universitários Internacional 2026","https://drive.google.com/file/d/1W4jnplVNhYJPI3XrIN-b-jgbGQdZueb-/view","oficial","18ª edição / 2026","Página ou regulamento consultado","confirmado na edição atual","confirmado","2026-10-04","2026-10-04","localização | atividade | categorias | duração | elegibilidade territorial | produção/conclusão | estreia | exibição online | pessoa autorizada a inscrever | taxas | abertura | encerramento | realização | relevância","PDF oficial integralmente lido."
"chamada","festival-macacucine-research-2026-call-universitario-int","festival-macacucine","festival-macacucine-source-1","18º MacacuCine — inscrições","https://www.macacucine.com.br/inscricao","oficial","18ª edição / 2026","Página ou regulamento consultado","confirmado na edição atual","confirmado","2026-10-04","2026-10-04","localização | atividade | categorias | duração | elegibilidade territorial | produção/conclusão | estreia | exibição online | pessoa autorizada a inscrever | taxas | abertura | encerramento | realização | relevância","Página oficial com os seis regulamentos atuais."
"chamada","festival-macacucine-research-2026-call-universitario-int","festival-macacucine","festival-macacucine-source-2","Regulamento Mostra Livre 2026","https://drive.google.com/file/d/18tTUm3WhQlPOVOYYdt-Cck-jwK2OdrgL/view","oficial","18ª edição / 2026","Página ou regulamento consultado","confirmado na edição atual","confirmado","2026-10-04","2026-10-04","localização | atividade | categorias | duração | elegibilidade territorial | produção/conclusão | estreia | exibição online | pessoa autorizada a inscrever | taxas | abertura | encerramento | realização | relevância","PDF oficial integralmente lido."
"chamada","festival-macacucine-research-2026-call-universitario-int","festival-macacucine","festival-macacucine-source-3","Regulamento Curtas Escolares Brasil 2026","https://drive.google.com/file/d/1exE8qNeoe5RThkSleqWP80WLs7gg90Om/view","oficial","18ª edição / 2026","Página ou regulamento consultado","confirmado na edição atual","confirmado","2026-10-04","2026-10-04","localização | atividade | categorias | duração | elegibilidade territorial | produção/conclusão | estreia | exibição online | pessoa autorizada a inscrever | taxas | abertura | encerramento | realização | relevância","PDF oficial integralmente lido."
"chamada","festival-macacucine-research-2026-call-universitario-int","festival-macacucine","festival-macacucine-source-4","Regulamento Curtas Universitários Brasil 2026","https://drive.google.com/file/d/1GrQ8MYIwevBi84lpF2QMBQOELT__OWB2/view","oficial","18ª edição / 2026","Página ou regulamento consultado","confirmado na edição atual","confirmado","2026-10-04","2026-10-04","localização | atividade | categorias | duração | elegibilidade territorial | produção/conclusão | estreia | exibição online | pessoa autorizada a inscrever | taxas | abertura | encerramento | realização | relevância","PDF oficial integralmente lido."
"chamada","festival-macacucine-research-2026-call-universitario-int","festival-macacucine","festival-macacucine-source-5","Regulamento Micrometragens 2026","https://drive.google.com/file/d/1ACoCKiYQb0zn9xNys52b8DRgh_af_Cb2/view","oficial","18ª edição / 2026","Página ou regulamento consultado","confirmado na edição atual","confirmado","2026-10-04","2026-10-04","localização | atividade | categorias | duração | elegibilidade territorial | produção/conclusão | estreia | exibição online | pessoa autorizada a inscrever | taxas | abertura | encerramento | realização | relevância","PDF oficial integralmente lido."
"chamada","festival-macacucine-research-2026-call-universitario-int","festival-macacucine","festival-macacucine-source-6","Regulamento Curtas Escolares Internacional 2026","https://drive.google.com/file/d/1oOYzV0dKalFatxRBsFIYTI4hN5tCRnMd/view","oficial","18ª edição / 2026","Página ou regulamento consultado","confirmado na edição atual","confirmado","2026-10-04","2026-10-04","localização | atividade | categorias | duração | elegibilidade territorial | produção/conclusão | estreia | exibição online | pessoa autorizada a inscrever | taxas | abertura | encerramento | realização | relevância","PDF oficial integralmente lido."
"chamada","festival-macacucine-research-2026-call-universitario-int","festival-macacucine","festival-macacucine-source-7","Regulamento Curtas Universitários Internacional 2026","https://drive.google.com/file/d/1W4jnplVNhYJPI3XrIN-b-jgbGQdZueb-/view","oficial","18ª edição / 2026","Página ou regulamento consultado","confirmado na edição atual","confirmado","2026-10-04","2026-10-04","localização | atividade | categorias | duração | elegibilidade territorial | produção/conclusão | estreia | exibição online | pessoa autorizada a inscrever | taxas | abertura | encerramento | realização | relevância","PDF oficial integralmente lido."
"chamada","festival-fiacafi-research-2026-general","festival-fiacafi","festival-fiacafi-source-1","FIACAFI — programação remarcada","https://www.fiacafi.com.br/","oficial","FIACAFI 2026 / realização remarcada para 2027","Página ou regulamento consultado","confirmado na edição atual","confirmado","2026-10-04","2026-10-04","localização | atividade | categorias | duração | elegibilidade territorial | produção/conclusão | estreia | exibição online | pessoa autorizada a inscrever | taxas | abertura | encerramento | realização | relevância","Página oficial remarca a programação para 21–28/3/2027."
"chamada","festival-fiacafi-research-2026-general","festival-fiacafi","festival-fiacafi-source-2","Regulamento Mostra Imagem","https://www.fiacafi.com.br/regulamento-oficial","oficial","FIACAFI 2026 / realização remarcada para 2027","Página ou regulamento consultado","confirmado na edição atual","confirmado","2026-10-04","2026-10-04","localização | atividade | categorias | duração | elegibilidade territorial | produção/conclusão | estreia | exibição online | pessoa autorizada a inscrever | taxas | abertura | encerramento | realização | relevância","Regulamento atual integralmente lido; mantém uma data de premiação residual de 2026."
"chamada","festival-fiacafi-research-2026-general","festival-fiacafi","festival-fiacafi-source-3","Regulamento Mostra Francofonia","https://www.fiacafi.com.br/regulamento","oficial","FIACAFI 2026 / realização remarcada para 2027","Página ou regulamento consultado","confirmado na edição atual","confirmado","2026-10-04","2026-10-04","localização | atividade | categorias | duração | elegibilidade territorial | produção/conclusão | estreia | exibição online | pessoa autorizada a inscrever | taxas | abertura | encerramento | realização | relevância","Regulamento integralmente lido; calendário de agosto/2026 ficou desatualizado após a remarcação geral."
"chamada","festival-fiacafi-research-2026-call-imagem-longas","festival-fiacafi","festival-fiacafi-source-1","FIACAFI — programação remarcada","https://www.fiacafi.com.br/","oficial","FIACAFI 2026 / realização remarcada para 2027","Página ou regulamento consultado","confirmado na edição atual","confirmado","2026-10-04","2026-10-04","localização | atividade | categorias | duração | elegibilidade territorial | produção/conclusão | estreia | exibição online | pessoa autorizada a inscrever | taxas | abertura | encerramento | realização | relevância","Página oficial remarca a programação para 21–28/3/2027."
"chamada","festival-fiacafi-research-2026-call-imagem-longas","festival-fiacafi","festival-fiacafi-source-2","Regulamento Mostra Imagem","https://www.fiacafi.com.br/regulamento-oficial","oficial","FIACAFI 2026 / realização remarcada para 2027","Página ou regulamento consultado","confirmado na edição atual","confirmado","2026-10-04","2026-10-04","localização | atividade | categorias | duração | elegibilidade territorial | produção/conclusão | estreia | exibição online | pessoa autorizada a inscrever | taxas | abertura | encerramento | realização | relevância","Regulamento atual integralmente lido; mantém uma data de premiação residual de 2026."
"chamada","festival-fiacafi-research-2026-call-imagem-longas","festival-fiacafi","festival-fiacafi-source-3","Regulamento Mostra Francofonia","https://www.fiacafi.com.br/regulamento","oficial","FIACAFI 2026 / realização remarcada para 2027","Página ou regulamento consultado","confirmado na edição atual","confirmado","2026-10-04","2026-10-04","localização | atividade | categorias | duração | elegibilidade territorial | produção/conclusão | estreia | exibição online | pessoa autorizada a inscrever | taxas | abertura | encerramento | realização | relevância","Regulamento integralmente lido; calendário de agosto/2026 ficou desatualizado após a remarcação geral."
"chamada","festival-fiacafi-research-2026-call-francofonia-curtas","festival-fiacafi","festival-fiacafi-source-1","FIACAFI — programação remarcada","https://www.fiacafi.com.br/","oficial","FIACAFI 2026 / realização remarcada para 2027","Página ou regulamento consultado","confirmado na edição atual","confirmado","2026-10-04","2026-10-04","localização | atividade | categorias | duração | elegibilidade territorial | produção/conclusão | estreia | exibição online | pessoa autorizada a inscrever | taxas | abertura | encerramento | realização | relevância","Página oficial remarca a programação para 21–28/3/2027."
"chamada","festival-fiacafi-research-2026-call-francofonia-curtas","festival-fiacafi","festival-fiacafi-source-2","Regulamento Mostra Imagem","https://www.fiacafi.com.br/regulamento-oficial","oficial","FIACAFI 2026 / realização remarcada para 2027","Página ou regulamento consultado","confirmado na edição atual","confirmado","2026-10-04","2026-10-04","localização | atividade | categorias | duração | elegibilidade territorial | produção/conclusão | estreia | exibição online | pessoa autorizada a inscrever | taxas | abertura | encerramento | realização | relevância","Regulamento atual integralmente lido; mantém uma data de premiação residual de 2026."
"chamada","festival-fiacafi-research-2026-call-francofonia-curtas","festival-fiacafi","festival-fiacafi-source-3","Regulamento Mostra Francofonia","https://www.fiacafi.com.br/regulamento","oficial","FIACAFI 2026 / realização remarcada para 2027","Página ou regulamento consultado","confirmado na edição atual","confirmado","2026-10-04","2026-10-04","localização | atividade | categorias | duração | elegibilidade territorial | produção/conclusão | estreia | exibição online | pessoa autorizada a inscrever | taxas | abertura | encerramento | realização | relevância","Regulamento integralmente lido; calendário de agosto/2026 ficou desatualizado após a remarcação geral."
"chamada","festival-fiacafi-research-2026-call-francofonia-longas","festival-fiacafi","festival-fiacafi-source-1","FIACAFI — programação remarcada","https://www.fiacafi.com.br/","oficial","FIACAFI 2026 / realização remarcada para 2027","Página ou regulamento consultado","confirmado na edição atual","confirmado","2026-10-04","2026-10-04","localização | atividade | categorias | duração | elegibilidade territorial | produção/conclusão | estreia | exibição online | pessoa autorizada a inscrever | taxas | abertura | encerramento | realização | relevância","Página oficial remarca a programação para 21–28/3/2027."
"chamada","festival-fiacafi-research-2026-call-francofonia-longas","festival-fiacafi","festival-fiacafi-source-2","Regulamento Mostra Imagem","https://www.fiacafi.com.br/regulamento-oficial","oficial","FIACAFI 2026 / realização remarcada para 2027","Página ou regulamento consultado","confirmado na edição atual","confirmado","2026-10-04","2026-10-04","localização | atividade | categorias | duração | elegibilidade territorial | produção/conclusão | estreia | exibição online | pessoa autorizada a inscrever | taxas | abertura | encerramento | realização | relevância","Regulamento atual integralmente lido; mantém uma data de premiação residual de 2026."
"chamada","festival-fiacafi-research-2026-call-francofonia-longas","festival-fiacafi","festival-fiacafi-source-3","Regulamento Mostra Francofonia","https://www.fiacafi.com.br/regulamento","oficial","FIACAFI 2026 / realização remarcada para 2027","Página ou regulamento consultado","confirmado na edição atual","confirmado","2026-10-04","2026-10-04","localização | atividade | categorias | duração | elegibilidade territorial | produção/conclusão | estreia | exibição online | pessoa autorizada a inscrever | taxas | abertura | encerramento | realização | relevância","Regulamento integralmente lido; calendário de agosto/2026 ficou desatualizado após a remarcação geral."
"chamada","festival-recanto-research-2026-general","festival-recanto","festival-recanto-source-1","IFB — 5º Recanto do Cinema","https://www.ifb.edu.br/recantodasemas/48432-5-edicao-do-festival-recanto-do-cinema-audiovisual-na-periferia-edital-2","oficial","5ª edição / 2026 — chamada interna","Página ou regulamento consultado","confirmado na edição atual","confirmado","2026-10-04","2026-10-04","localização | atividade | categorias | duração | elegibilidade territorial | produção/conclusão | estreia | exibição online | pessoa autorizada a inscrever | taxas | abertura | encerramento | realização | relevância","Página oficial da chamada interna."
"chamada","festival-recanto-research-2026-general","festival-recanto","festival-recanto-source-2","Edital interno do 5º Recanto do Cinema","https://www.ifb.edu.br/attachments/article/48432/Edital_interno_RecantodoCinema.pdf","oficial","5ª edição / 2026 — chamada interna","Página ou regulamento consultado","confirmado na edição atual","confirmado","2026-10-04","2026-10-04","localização | atividade | categorias | duração | elegibilidade territorial | produção/conclusão | estreia | exibição online | pessoa autorizada a inscrever | taxas | abertura | encerramento | realização | relevância","PDF oficial integralmente lido."
"chamada","festival-sururu-research-2026-general","festival-sururu","festival-sururu-source-1","17ª Mostra Sururu — site oficial","https://mostrasururu.com.br/","oficial","17ª edição / 2026","Página ou regulamento consultado","confirmado na edição atual","confirmado","2026-10-04","2026-10-04","localização | atividade | categorias | duração | elegibilidade territorial | produção/conclusão | estreia | exibição online | pessoa autorizada a inscrever | taxas | abertura | encerramento | realização | relevância","Confirma edição e chamadas."
"chamada","festival-sururu-research-2026-general","festival-sururu","festival-sururu-source-2","Regulamento de curtas 2026","https://mostrasururu.com.br/wp-content/uploads/2026/09/REGULAMENTO-DA-MOSTRA-DE-CURTA-METRAGENS-2026-final.pdf","oficial","17ª edição / 2026","Página ou regulamento consultado","confirmado na edição atual","confirmado","2026-10-04","2026-10-04","localização | atividade | categorias | duração | elegibilidade territorial | produção/conclusão | estreia | exibição online | pessoa autorizada a inscrever | taxas | abertura | encerramento | realização | relevância","PDF oficial integralmente lido."
"chamada","festival-sururu-research-2026-general","festival-sururu","festival-sururu-source-3","Regulamento de videoclipes 2026","https://mostrasururu.com.br/wp-content/uploads/2026/09/REGULAMENTO-DA-MOSTRA-DE-VIDEOCLIPES-2026-final.pdf","oficial","17ª edição / 2026","Página ou regulamento consultado","confirmado na edição atual","confirmado","2026-10-04","2026-10-04","localização | atividade | categorias | duração | elegibilidade territorial | produção/conclusão | estreia | exibição online | pessoa autorizada a inscrever | taxas | abertura | encerramento | realização | relevância","PDF oficial integralmente lido."
"chamada","festival-sururu-research-2026-general","festival-sururu","festival-sururu-source-4","Mostra Sururu — datas e local","https://revistaalagoana.com/17a-mostra-sururu-de-cinema-alagoano-abre-inscricoes-para-curtas-metragens-e-videoclipes/","fonte secundária","17ª edição / 2026","Página ou regulamento consultado","confirmado na edição atual","confirmado","2026-10-04","2026-10-04","localização | atividade | categorias | duração | elegibilidade territorial | produção/conclusão | estreia | exibição online | pessoa autorizada a inscrever | taxas | abertura | encerramento | realização | relevância","Usada para período e espaço da realização."
"chamada","festival-sururu-research-2026-call-videoclipes","festival-sururu","festival-sururu-source-1","17ª Mostra Sururu — site oficial","https://mostrasururu.com.br/","oficial","17ª edição / 2026","Página ou regulamento consultado","confirmado na edição atual","confirmado","2026-10-04","2026-10-04","localização | atividade | categorias | duração | elegibilidade territorial | produção/conclusão | estreia | exibição online | pessoa autorizada a inscrever | taxas | abertura | encerramento | realização | relevância","Confirma edição e chamadas."
"chamada","festival-sururu-research-2026-call-videoclipes","festival-sururu","festival-sururu-source-2","Regulamento de curtas 2026","https://mostrasururu.com.br/wp-content/uploads/2026/09/REGULAMENTO-DA-MOSTRA-DE-CURTA-METRAGENS-2026-final.pdf","oficial","17ª edição / 2026","Página ou regulamento consultado","confirmado na edição atual","confirmado","2026-10-04","2026-10-04","localização | atividade | categorias | duração | elegibilidade territorial | produção/conclusão | estreia | exibição online | pessoa autorizada a inscrever | taxas | abertura | encerramento | realização | relevância","PDF oficial integralmente lido."
"chamada","festival-sururu-research-2026-call-videoclipes","festival-sururu","festival-sururu-source-3","Regulamento de videoclipes 2026","https://mostrasururu.com.br/wp-content/uploads/2026/09/REGULAMENTO-DA-MOSTRA-DE-VIDEOCLIPES-2026-final.pdf","oficial","17ª edição / 2026","Página ou regulamento consultado","confirmado na edição atual","confirmado","2026-10-04","2026-10-04","localização | atividade | categorias | duração | elegibilidade territorial | produção/conclusão | estreia | exibição online | pessoa autorizada a inscrever | taxas | abertura | encerramento | realização | relevância","PDF oficial integralmente lido."
"chamada","festival-sururu-research-2026-call-videoclipes","festival-sururu","festival-sururu-source-4","Mostra Sururu — datas e local","https://revistaalagoana.com/17a-mostra-sururu-de-cinema-alagoano-abre-inscricoes-para-curtas-metragens-e-videoclipes/","fonte secundária","17ª edição / 2026","Página ou regulamento consultado","confirmado na edição atual","confirmado","2026-10-04","2026-10-04","localização | atividade | categorias | duração | elegibilidade territorial | produção/conclusão | estreia | exibição online | pessoa autorizada a inscrever | taxas | abertura | encerramento | realização | relevância","Usada para período e espaço da realização."
"chamada","festival-cineop-research-2026-general","festival-cineop","festival-cineop-source-1","21ª CineOP — site oficial","https://cineop.com.br/","oficial","21ª edição / 2026","Página ou regulamento consultado","confirmado na edição atual","confirmado","2026-10-04","2026-10-04","localização | atividade | categorias | duração | elegibilidade territorial | produção/conclusão | estreia | exibição online | pessoa autorizada a inscrever | taxas | abertura | encerramento | realização | relevância","Página oficial confirma edição, programação, datas e escopo."
"chamada","festival-cineop-research-2026-general","festival-cineop","festival-cineop-source-2","21ª CineOP — inscrições para encontros","https://cineop.com.br/n/21a-cineop-recebe-inscricoes-para-encontro-de-arquivos-e-acervos-audiovisuais-e-encontro-da-educacao/","oficial","21ª edição / 2026","Página ou regulamento consultado","confirmado na edição atual","confirmado","2026-10-04","2026-10-04","localização | atividade | categorias | duração | elegibilidade territorial | produção/conclusão | estreia | exibição online | pessoa autorizada a inscrever | taxas | abertura | encerramento | realização | relevância","A inscrição é de participantes dos encontros, não uma chamada de filmes."
"chamada","festival-cineverao-research-2025-general","festival-cineverao","festival-cineverao-source-1","Cine Verão encerra inscrições da 6ª edição","https://magalzine.substack.com/p/cine-verao-encerra-inscricoes-nesta","fonte secundária","6ª edição / 2025","Página ou regulamento consultado","confirmado em edição anterior","edição anterior","2026-10-04","2026-10-04","localização | atividade | categorias | duração | elegibilidade territorial | produção/conclusão | estreia | exibição online | pessoa autorizada a inscrever | taxas | abertura | encerramento | realização | relevância","Fonte detalha a chamada; site oficial cineverao.art não estava acessível/indexado."
"chamada","festival-cineverao-research-2025-general","festival-cineverao","festival-cineverao-source-2","6º Cine Verão — programação e balanço","https://magalzine.substack.com/p/cine-verao-incentiva-a-profissionalizacao","fonte secundária","6ª edição / 2025","Página ou regulamento consultado","confirmado em edição anterior","edição anterior","2026-10-04","2026-10-04","localização | atividade | categorias | duração | elegibilidade territorial | produção/conclusão | estreia | exibição online | pessoa autorizada a inscrever | taxas | abertura | encerramento | realização | relevância","Confirma realização, local e mais de 600 inscrições."
"chamada","festival-cineverao-research-2025-call-poti","festival-cineverao","festival-cineverao-source-1","Cine Verão encerra inscrições da 6ª edição","https://magalzine.substack.com/p/cine-verao-encerra-inscricoes-nesta","fonte secundária","6ª edição / 2025","Página ou regulamento consultado","confirmado em edição anterior","edição anterior","2026-10-04","2026-10-04","localização | atividade | categorias | duração | elegibilidade territorial | produção/conclusão | estreia | exibição online | pessoa autorizada a inscrever | taxas | abertura | encerramento | realização | relevância","Fonte detalha a chamada; site oficial cineverao.art não estava acessível/indexado."
"chamada","festival-cineverao-research-2025-call-poti","festival-cineverao","festival-cineverao-source-2","6º Cine Verão — programação e balanço","https://magalzine.substack.com/p/cine-verao-incentiva-a-profissionalizacao","fonte secundária","6ª edição / 2025","Página ou regulamento consultado","confirmado em edição anterior","edição anterior","2026-10-04","2026-10-04","localização | atividade | categorias | duração | elegibilidade territorial | produção/conclusão | estreia | exibição online | pessoa autorizada a inscrever | taxas | abertura | encerramento | realização | relevância","Confirma realização, local e mais de 600 inscrições."
"chamada","festival-mataatlantica-research-2026-general","festival-mataatlantica","festival-mataatlantica-source-1","Mata Atlântica Film Festival 2026 — chamada oficial","https://filmfreeway.com/mataatlanticafilmfestival","plataforma de inscrição","5ª edição / 2026","Página ou regulamento consultado","confirmado na edição atual","confirmado","2026-10-04","2026-10-04","localização | atividade | categorias | duração | elegibilidade territorial | produção/conclusão | estreia | exibição online | pessoa autorizada a inscrever | taxas | abertura | encerramento | realização | relevância","Página integralmente lida em 4/10/2026."
"chamada","festival-mataatlantica-research-2026-call-nature","festival-mataatlantica","festival-mataatlantica-source-1","Mata Atlântica Film Festival 2026 — chamada oficial","https://filmfreeway.com/mataatlanticafilmfestival","plataforma de inscrição","5ª edição / 2026","Página ou regulamento consultado","confirmado na edição atual","confirmado","2026-10-04","2026-10-04","localização | atividade | categorias | duração | elegibilidade territorial | produção/conclusão | estreia | exibição online | pessoa autorizada a inscrever | taxas | abertura | encerramento | realização | relevância","Página integralmente lida em 4/10/2026."
"chamada","festival-portopostdoc-research-2026-category-1","festival-portopostdoc","festival-portopostdoc-source-1","Porto/Post/Doc 2026 — open call","https://www.portopostdoc.com/home/festival/2026/opencall/","oficial","13ª edição / 2026","Página ou regulamento consultado","confirmado na edição atual","confirmado","2026-10-04","2026-10-04","localização | atividade | categorias | duração | elegibilidade territorial | produção/conclusão | estreia | exibição online | pessoa autorizada a inscrever | taxas | abertura | encerramento | realização | relevância","Página oficial integralmente lida."
"chamada","festival-portopostdoc-research-2026-category-1","festival-portopostdoc","festival-portopostdoc-source-2","Porto/Post/Doc 2026 — Rules and Regulations","https://portopostdoc.com/assets/Uploads/PPD26-Rules-and-Regulations.pdf","oficial","13ª edição / 2026","Página ou regulamento consultado","confirmado na edição atual","confirmado","2026-10-04","2026-10-04","localização | atividade | categorias | duração | elegibilidade territorial | produção/conclusão | estreia | exibição online | pessoa autorizada a inscrever | taxas | abertura | encerramento | realização | relevância","PDF oficial integralmente lido; taxas de inscrição não são informadas."
"chamada","festival-portopostdoc-research-2026-call-short","festival-portopostdoc","festival-portopostdoc-source-1","Porto/Post/Doc 2026 — open call","https://www.portopostdoc.com/home/festival/2026/opencall/","oficial","13ª edição / 2026","Página ou regulamento consultado","confirmado na edição atual","confirmado","2026-10-04","2026-10-04","localização | atividade | categorias | duração | elegibilidade territorial | produção/conclusão | estreia | exibição online | pessoa autorizada a inscrever | taxas | abertura | encerramento | realização | relevância","Página oficial integralmente lida."
"chamada","festival-portopostdoc-research-2026-call-short","festival-portopostdoc","festival-portopostdoc-source-2","Porto/Post/Doc 2026 — Rules and Regulations","https://portopostdoc.com/assets/Uploads/PPD26-Rules-and-Regulations.pdf","oficial","13ª edição / 2026","Página ou regulamento consultado","confirmado na edição atual","confirmado","2026-10-04","2026-10-04","localização | atividade | categorias | duração | elegibilidade territorial | produção/conclusão | estreia | exibição online | pessoa autorizada a inscrever | taxas | abertura | encerramento | realização | relevância","PDF oficial integralmente lido; taxas de inscrição não são informadas."
"chamada","festival-portopostdoc-research-2026-call-medium","festival-portopostdoc","festival-portopostdoc-source-1","Porto/Post/Doc 2026 — open call","https://www.portopostdoc.com/home/festival/2026/opencall/","oficial","13ª edição / 2026","Página ou regulamento consultado","confirmado na edição atual","confirmado","2026-10-04","2026-10-04","localização | atividade | categorias | duração | elegibilidade territorial | produção/conclusão | estreia | exibição online | pessoa autorizada a inscrever | taxas | abertura | encerramento | realização | relevância","Página oficial integralmente lida."
"chamada","festival-portopostdoc-research-2026-call-medium","festival-portopostdoc","festival-portopostdoc-source-2","Porto/Post/Doc 2026 — Rules and Regulations","https://portopostdoc.com/assets/Uploads/PPD26-Rules-and-Regulations.pdf","oficial","13ª edição / 2026","Página ou regulamento consultado","confirmado na edição atual","confirmado","2026-10-04","2026-10-04","localização | atividade | categorias | duração | elegibilidade territorial | produção/conclusão | estreia | exibição online | pessoa autorizada a inscrever | taxas | abertura | encerramento | realização | relevância","PDF oficial integralmente lido; taxas de inscrição não são informadas."
"chamada","festival-portopostdoc-research-2026-call-cinema-falado","festival-portopostdoc","festival-portopostdoc-source-1","Porto/Post/Doc 2026 — open call","https://www.portopostdoc.com/home/festival/2026/opencall/","oficial","13ª edição / 2026","Página ou regulamento consultado","confirmado na edição atual","confirmado","2026-10-04","2026-10-04","localização | atividade | categorias | duração | elegibilidade territorial | produção/conclusão | estreia | exibição online | pessoa autorizada a inscrever | taxas | abertura | encerramento | realização | relevância","Página oficial integralmente lida."
"chamada","festival-portopostdoc-research-2026-call-cinema-falado","festival-portopostdoc","festival-portopostdoc-source-2","Porto/Post/Doc 2026 — Rules and Regulations","https://portopostdoc.com/assets/Uploads/PPD26-Rules-and-Regulations.pdf","oficial","13ª edição / 2026","Página ou regulamento consultado","confirmado na edição atual","confirmado","2026-10-04","2026-10-04","localização | atividade | categorias | duração | elegibilidade territorial | produção/conclusão | estreia | exibição online | pessoa autorizada a inscrever | taxas | abertura | encerramento | realização | relevância","PDF oficial integralmente lido; taxas de inscrição não são informadas."
"chamada","festival-portopostdoc-research-2026-call-cinema-novo","festival-portopostdoc","festival-portopostdoc-source-1","Porto/Post/Doc 2026 — open call","https://www.portopostdoc.com/home/festival/2026/opencall/","oficial","13ª edição / 2026","Página ou regulamento consultado","confirmado na edição atual","confirmado","2026-10-04","2026-10-04","localização | atividade | categorias | duração | elegibilidade territorial | produção/conclusão | estreia | exibição online | pessoa autorizada a inscrever | taxas | abertura | encerramento | realização | relevância","Página oficial integralmente lida."
"chamada","festival-portopostdoc-research-2026-call-cinema-novo","festival-portopostdoc","festival-portopostdoc-source-2","Porto/Post/Doc 2026 — Rules and Regulations","https://portopostdoc.com/assets/Uploads/PPD26-Rules-and-Regulations.pdf","oficial","13ª edição / 2026","Página ou regulamento consultado","confirmado na edição atual","confirmado","2026-10-04","2026-10-04","localização | atividade | categorias | duração | elegibilidade territorial | produção/conclusão | estreia | exibição online | pessoa autorizada a inscrever | taxas | abertura | encerramento | realização | relevância","PDF oficial integralmente lido; taxas de inscrição não são informadas."
"chamada","festival-portopostdoc-research-2026-call-transmission","festival-portopostdoc","festival-portopostdoc-source-1","Porto/Post/Doc 2026 — open call","https://www.portopostdoc.com/home/festival/2026/opencall/","oficial","13ª edição / 2026","Página ou regulamento consultado","confirmado na edição atual","confirmado","2026-10-04","2026-10-04","localização | atividade | categorias | duração | elegibilidade territorial | produção/conclusão | estreia | exibição online | pessoa autorizada a inscrever | taxas | abertura | encerramento | realização | relevância","Página oficial integralmente lida."
"chamada","festival-portopostdoc-research-2026-call-transmission","festival-portopostdoc","festival-portopostdoc-source-2","Porto/Post/Doc 2026 — Rules and Regulations","https://portopostdoc.com/assets/Uploads/PPD26-Rules-and-Regulations.pdf","oficial","13ª edição / 2026","Página ou regulamento consultado","confirmado na edição atual","confirmado","2026-10-04","2026-10-04","localização | atividade | categorias | duração | elegibilidade territorial | produção/conclusão | estreia | exibição online | pessoa autorizada a inscrever | taxas | abertura | encerramento | realização | relevância","PDF oficial integralmente lido; taxas de inscrição não são informadas."
"chamada","festival-doclisboa-research-2026-general","festival-doclisboa","festival-doclisboa-source-1","Doclisboa 2026 — regulamento","https://doclisboa.org/regulamento/","oficial","24ª edição / 2026","Página ou regulamento consultado","confirmado na edição atual","confirmado","2026-10-04","2026-10-04","localização | atividade | categorias | duração | elegibilidade territorial | produção/conclusão | estreia | exibição online | pessoa autorizada a inscrever | taxas | abertura | encerramento | realização | relevância","Regulamento oficial integralmente lido."
"chamada","festival-doclisboa-research-2026-general","festival-doclisboa","festival-doclisboa-source-2","Doclisboa 2026 — inscrições","https://doclisboa.org/inscricoes/","oficial","24ª edição / 2026","Página ou regulamento consultado","confirmado na edição atual","confirmado","2026-10-04","2026-10-04","localização | atividade | categorias | duração | elegibilidade territorial | produção/conclusão | estreia | exibição online | pessoa autorizada a inscrever | taxas | abertura | encerramento | realização | relevância","Página oficial de chamada, prazos e taxas integralmente lida."
"chamada","festival-doclisboa-research-2026-call-international-over","festival-doclisboa","festival-doclisboa-source-1","Doclisboa 2026 — regulamento","https://doclisboa.org/regulamento/","oficial","24ª edição / 2026","Página ou regulamento consultado","confirmado na edição atual","confirmado","2026-10-04","2026-10-04","localização | atividade | categorias | duração | elegibilidade territorial | produção/conclusão | estreia | exibição online | pessoa autorizada a inscrever | taxas | abertura | encerramento | realização | relevância","Regulamento oficial integralmente lido."
"chamada","festival-doclisboa-research-2026-call-international-over","festival-doclisboa","festival-doclisboa-source-2","Doclisboa 2026 — inscrições","https://doclisboa.org/inscricoes/","oficial","24ª edição / 2026","Página ou regulamento consultado","confirmado na edição atual","confirmado","2026-10-04","2026-10-04","localização | atividade | categorias | duração | elegibilidade territorial | produção/conclusão | estreia | exibição online | pessoa autorizada a inscrever | taxas | abertura | encerramento | realização | relevância","Página oficial de chamada, prazos e taxas integralmente lida."
"chamada","festival-doclisboa-research-2026-call-portuguese-under","festival-doclisboa","festival-doclisboa-source-1","Doclisboa 2026 — regulamento","https://doclisboa.org/regulamento/","oficial","24ª edição / 2026","Página ou regulamento consultado","confirmado na edição atual","confirmado","2026-10-04","2026-10-04","localização | atividade | categorias | duração | elegibilidade territorial | produção/conclusão | estreia | exibição online | pessoa autorizada a inscrever | taxas | abertura | encerramento | realização | relevância","Regulamento oficial integralmente lido."
"chamada","festival-doclisboa-research-2026-call-portuguese-under","festival-doclisboa","festival-doclisboa-source-2","Doclisboa 2026 — inscrições","https://doclisboa.org/inscricoes/","oficial","24ª edição / 2026","Página ou regulamento consultado","confirmado na edição atual","confirmado","2026-10-04","2026-10-04","localização | atividade | categorias | duração | elegibilidade territorial | produção/conclusão | estreia | exibição online | pessoa autorizada a inscrever | taxas | abertura | encerramento | realização | relevância","Página oficial de chamada, prazos e taxas integralmente lida."
"chamada","festival-doclisboa-research-2026-call-portuguese-over","festival-doclisboa","festival-doclisboa-source-1","Doclisboa 2026 — regulamento","https://doclisboa.org/regulamento/","oficial","24ª edição / 2026","Página ou regulamento consultado","confirmado na edição atual","confirmado","2026-10-04","2026-10-04","localização | atividade | categorias | duração | elegibilidade territorial | produção/conclusão | estreia | exibição online | pessoa autorizada a inscrever | taxas | abertura | encerramento | realização | relevância","Regulamento oficial integralmente lido."
"chamada","festival-doclisboa-research-2026-call-portuguese-over","festival-doclisboa","festival-doclisboa-source-2","Doclisboa 2026 — inscrições","https://doclisboa.org/inscricoes/","oficial","24ª edição / 2026","Página ou regulamento consultado","confirmado na edição atual","confirmado","2026-10-04","2026-10-04","localização | atividade | categorias | duração | elegibilidade territorial | produção/conclusão | estreia | exibição online | pessoa autorizada a inscrever | taxas | abertura | encerramento | realização | relevância","Página oficial de chamada, prazos e taxas integralmente lida."
"chamada","festival-doclisboa-research-2026-call-green-portuguese","festival-doclisboa","festival-doclisboa-source-1","Doclisboa 2026 — regulamento","https://doclisboa.org/regulamento/","oficial","24ª edição / 2026","Página ou regulamento consultado","confirmado na edição atual","confirmado","2026-10-04","2026-10-04","localização | atividade | categorias | duração | elegibilidade territorial | produção/conclusão | estreia | exibição online | pessoa autorizada a inscrever | taxas | abertura | encerramento | realização | relevância","Regulamento oficial integralmente lido."
"chamada","festival-doclisboa-research-2026-call-green-portuguese","festival-doclisboa","festival-doclisboa-source-2","Doclisboa 2026 — inscrições","https://doclisboa.org/inscricoes/","oficial","24ª edição / 2026","Página ou regulamento consultado","confirmado na edição atual","confirmado","2026-10-04","2026-10-04","localização | atividade | categorias | duração | elegibilidade territorial | produção/conclusão | estreia | exibição online | pessoa autorizada a inscrever | taxas | abertura | encerramento | realização | relevância","Página oficial de chamada, prazos e taxas integralmente lida."
"chamada","festival-doclisboa-research-2026-call-green-international","festival-doclisboa","festival-doclisboa-source-1","Doclisboa 2026 — regulamento","https://doclisboa.org/regulamento/","oficial","24ª edição / 2026","Página ou regulamento consultado","confirmado na edição atual","confirmado","2026-10-04","2026-10-04","localização | atividade | categorias | duração | elegibilidade territorial | produção/conclusão | estreia | exibição online | pessoa autorizada a inscrever | taxas | abertura | encerramento | realização | relevância","Regulamento oficial integralmente lido."
"chamada","festival-doclisboa-research-2026-call-green-international","festival-doclisboa","festival-doclisboa-source-2","Doclisboa 2026 — inscrições","https://doclisboa.org/inscricoes/","oficial","24ª edição / 2026","Página ou regulamento consultado","confirmado na edição atual","confirmado","2026-10-04","2026-10-04","localização | atividade | categorias | duração | elegibilidade territorial | produção/conclusão | estreia | exibição online | pessoa autorizada a inscrever | taxas | abertura | encerramento | realização | relevância","Página oficial de chamada, prazos e taxas integralmente lida."
"chamada","festival-sundance-research-2027-general","festival-sundance","festival-sundance-source-1","Sundance 2027 — submit","https://www.sundance.org/festivals/sundance-film-festival/submit/","oficial","edição 2027","Página ou regulamento consultado","confirmado na edição atual","confirmado","2026-10-04","2026-10-04","localização | atividade | categorias | duração | elegibilidade territorial | produção/conclusão | estreia | exibição online | pessoa autorizada a inscrever | taxas | abertura | encerramento | realização | relevância","Página oficial de inscrições consultada."
"chamada","festival-sundance-research-2027-general","festival-sundance","festival-sundance-source-2","Sundance 2027 — Submission Rules","https://www.sundance.org/wp-content/uploads/2026/06/2027_Submissions_Rules.pdf","oficial","edição 2027","Página ou regulamento consultado","confirmado na edição atual","confirmado","2026-10-04","2026-10-04","localização | atividade | categorias | duração | elegibilidade territorial | produção/conclusão | estreia | exibição online | pessoa autorizada a inscrever | taxas | abertura | encerramento | realização | relevância","PDF oficial integralmente lido."
"chamada","festival-sundance-research-2027-general","festival-sundance","festival-sundance-source-3","Sundance 2027 — Submissions FAQ","https://www.sundance.org/wp-content/uploads/2026/06/2027_Submissions_FAQ.pdf","oficial","edição 2027","Página ou regulamento consultado","confirmado na edição atual","confirmado","2026-10-04","2026-10-04","localização | atividade | categorias | duração | elegibilidade territorial | produção/conclusão | estreia | exibição online | pessoa autorizada a inscrever | taxas | abertura | encerramento | realização | relevância","FAQ oficial integralmente lida."
"chamada","festival-sundance-research-2027-general","festival-sundance","festival-sundance-source-4","Sundance anuncia datas e sede de 2027","https://www.sundance.org/blogs/2027-sundance-film-festival-to-take-place-january-21-31-in-boulder-colorado/","oficial","edição 2027","Página ou regulamento consultado","confirmado na edição atual","confirmado","2026-10-04","2026-10-04","localização | atividade | categorias | duração | elegibilidade territorial | produção/conclusão | estreia | exibição online | pessoa autorizada a inscrever | taxas | abertura | encerramento | realização | relevância","Fonte oficial para Boulder e datas."
"chamada","festival-sundance-research-2027-call-us-feature","festival-sundance","festival-sundance-source-1","Sundance 2027 — submit","https://www.sundance.org/festivals/sundance-film-festival/submit/","oficial","edição 2027","Página ou regulamento consultado","confirmado na edição atual","confirmado","2026-10-04","2026-10-04","localização | atividade | categorias | duração | elegibilidade territorial | produção/conclusão | estreia | exibição online | pessoa autorizada a inscrever | taxas | abertura | encerramento | realização | relevância","Página oficial de inscrições consultada."
"chamada","festival-sundance-research-2027-call-us-feature","festival-sundance","festival-sundance-source-2","Sundance 2027 — Submission Rules","https://www.sundance.org/wp-content/uploads/2026/06/2027_Submissions_Rules.pdf","oficial","edição 2027","Página ou regulamento consultado","confirmado na edição atual","confirmado","2026-10-04","2026-10-04","localização | atividade | categorias | duração | elegibilidade territorial | produção/conclusão | estreia | exibição online | pessoa autorizada a inscrever | taxas | abertura | encerramento | realização | relevância","PDF oficial integralmente lido."
"chamada","festival-sundance-research-2027-call-us-feature","festival-sundance","festival-sundance-source-3","Sundance 2027 — Submissions FAQ","https://www.sundance.org/wp-content/uploads/2026/06/2027_Submissions_FAQ.pdf","oficial","edição 2027","Página ou regulamento consultado","confirmado na edição atual","confirmado","2026-10-04","2026-10-04","localização | atividade | categorias | duração | elegibilidade territorial | produção/conclusão | estreia | exibição online | pessoa autorizada a inscrever | taxas | abertura | encerramento | realização | relevância","FAQ oficial integralmente lida."
"chamada","festival-sundance-research-2027-call-us-feature","festival-sundance","festival-sundance-source-4","Sundance anuncia datas e sede de 2027","https://www.sundance.org/blogs/2027-sundance-film-festival-to-take-place-january-21-31-in-boulder-colorado/","oficial","edição 2027","Página ou regulamento consultado","confirmado na edição atual","confirmado","2026-10-04","2026-10-04","localização | atividade | categorias | duração | elegibilidade territorial | produção/conclusão | estreia | exibição online | pessoa autorizada a inscrever | taxas | abertura | encerramento | realização | relevância","Fonte oficial para Boulder e datas."
"chamada","festival-sundance-research-2027-call-short","festival-sundance","festival-sundance-source-1","Sundance 2027 — submit","https://www.sundance.org/festivals/sundance-film-festival/submit/","oficial","edição 2027","Página ou regulamento consultado","confirmado na edição atual","confirmado","2026-10-04","2026-10-04","localização | atividade | categorias | duração | elegibilidade territorial | produção/conclusão | estreia | exibição online | pessoa autorizada a inscrever | taxas | abertura | encerramento | realização | relevância","Página oficial de inscrições consultada."
"chamada","festival-sundance-research-2027-call-short","festival-sundance","festival-sundance-source-2","Sundance 2027 — Submission Rules","https://www.sundance.org/wp-content/uploads/2026/06/2027_Submissions_Rules.pdf","oficial","edição 2027","Página ou regulamento consultado","confirmado na edição atual","confirmado","2026-10-04","2026-10-04","localização | atividade | categorias | duração | elegibilidade territorial | produção/conclusão | estreia | exibição online | pessoa autorizada a inscrever | taxas | abertura | encerramento | realização | relevância","PDF oficial integralmente lido."
"chamada","festival-sundance-research-2027-call-short","festival-sundance","festival-sundance-source-3","Sundance 2027 — Submissions FAQ","https://www.sundance.org/wp-content/uploads/2026/06/2027_Submissions_FAQ.pdf","oficial","edição 2027","Página ou regulamento consultado","confirmado na edição atual","confirmado","2026-10-04","2026-10-04","localização | atividade | categorias | duração | elegibilidade territorial | produção/conclusão | estreia | exibição online | pessoa autorizada a inscrever | taxas | abertura | encerramento | realização | relevância","FAQ oficial integralmente lida."
"chamada","festival-sundance-research-2027-call-short","festival-sundance","festival-sundance-source-4","Sundance anuncia datas e sede de 2027","https://www.sundance.org/blogs/2027-sundance-film-festival-to-take-place-january-21-31-in-boulder-colorado/","oficial","edição 2027","Página ou regulamento consultado","confirmado na edição atual","confirmado","2026-10-04","2026-10-04","localização | atividade | categorias | duração | elegibilidade territorial | produção/conclusão | estreia | exibição online | pessoa autorizada a inscrever | taxas | abertura | encerramento | realização | relevância","Fonte oficial para Boulder e datas."
"chamada","festival-sundance-research-2027-call-episodic-under","festival-sundance","festival-sundance-source-1","Sundance 2027 — submit","https://www.sundance.org/festivals/sundance-film-festival/submit/","oficial","edição 2027","Página ou regulamento consultado","confirmado na edição atual","confirmado","2026-10-04","2026-10-04","localização | atividade | categorias | duração | elegibilidade territorial | produção/conclusão | estreia | exibição online | pessoa autorizada a inscrever | taxas | abertura | encerramento | realização | relevância","Página oficial de inscrições consultada."
"chamada","festival-sundance-research-2027-call-episodic-under","festival-sundance","festival-sundance-source-2","Sundance 2027 — Submission Rules","https://www.sundance.org/wp-content/uploads/2026/06/2027_Submissions_Rules.pdf","oficial","edição 2027","Página ou regulamento consultado","confirmado na edição atual","confirmado","2026-10-04","2026-10-04","localização | atividade | categorias | duração | elegibilidade territorial | produção/conclusão | estreia | exibição online | pessoa autorizada a inscrever | taxas | abertura | encerramento | realização | relevância","PDF oficial integralmente lido."
"chamada","festival-sundance-research-2027-call-episodic-under","festival-sundance","festival-sundance-source-3","Sundance 2027 — Submissions FAQ","https://www.sundance.org/wp-content/uploads/2026/06/2027_Submissions_FAQ.pdf","oficial","edição 2027","Página ou regulamento consultado","confirmado na edição atual","confirmado","2026-10-04","2026-10-04","localização | atividade | categorias | duração | elegibilidade territorial | produção/conclusão | estreia | exibição online | pessoa autorizada a inscrever | taxas | abertura | encerramento | realização | relevância","FAQ oficial integralmente lida."
"chamada","festival-sundance-research-2027-call-episodic-under","festival-sundance","festival-sundance-source-4","Sundance anuncia datas e sede de 2027","https://www.sundance.org/blogs/2027-sundance-film-festival-to-take-place-january-21-31-in-boulder-colorado/","oficial","edição 2027","Página ou regulamento consultado","confirmado na edição atual","confirmado","2026-10-04","2026-10-04","localização | atividade | categorias | duração | elegibilidade territorial | produção/conclusão | estreia | exibição online | pessoa autorizada a inscrever | taxas | abertura | encerramento | realização | relevância","Fonte oficial para Boulder e datas."
"chamada","festival-sundance-research-2027-call-episodic-over","festival-sundance","festival-sundance-source-1","Sundance 2027 — submit","https://www.sundance.org/festivals/sundance-film-festival/submit/","oficial","edição 2027","Página ou regulamento consultado","confirmado na edição atual","confirmado","2026-10-04","2026-10-04","localização | atividade | categorias | duração | elegibilidade territorial | produção/conclusão | estreia | exibição online | pessoa autorizada a inscrever | taxas | abertura | encerramento | realização | relevância","Página oficial de inscrições consultada."
"chamada","festival-sundance-research-2027-call-episodic-over","festival-sundance","festival-sundance-source-2","Sundance 2027 — Submission Rules","https://www.sundance.org/wp-content/uploads/2026/06/2027_Submissions_Rules.pdf","oficial","edição 2027","Página ou regulamento consultado","confirmado na edição atual","confirmado","2026-10-04","2026-10-04","localização | atividade | categorias | duração | elegibilidade territorial | produção/conclusão | estreia | exibição online | pessoa autorizada a inscrever | taxas | abertura | encerramento | realização | relevância","PDF oficial integralmente lido."
"chamada","festival-sundance-research-2027-call-episodic-over","festival-sundance","festival-sundance-source-3","Sundance 2027 — Submissions FAQ","https://www.sundance.org/wp-content/uploads/2026/06/2027_Submissions_FAQ.pdf","oficial","edição 2027","Página ou regulamento consultado","confirmado na edição atual","confirmado","2026-10-04","2026-10-04","localização | atividade | categorias | duração | elegibilidade territorial | produção/conclusão | estreia | exibição online | pessoa autorizada a inscrever | taxas | abertura | encerramento | realização | relevância","FAQ oficial integralmente lida."
"chamada","festival-sundance-research-2027-call-episodic-over","festival-sundance","festival-sundance-source-4","Sundance anuncia datas e sede de 2027","https://www.sundance.org/blogs/2027-sundance-film-festival-to-take-place-january-21-31-in-boulder-colorado/","oficial","edição 2027","Página ou regulamento consultado","confirmado na edição atual","confirmado","2026-10-04","2026-10-04","localização | atividade | categorias | duração | elegibilidade territorial | produção/conclusão | estreia | exibição online | pessoa autorizada a inscrever | taxas | abertura | encerramento | realização | relevância","Fonte oficial para Boulder e datas."
"chamada","festival-indielisboa-research-2027-general","festival-indielisboa","festival-indielisboa-source-1","IndieLisboa 2027 — Rules and Terms","https://indielisboa.com/en/festival/rules-and-terms/","oficial","24ª edição / 2027","Página ou regulamento consultado","confirmado na edição atual","confirmado","2026-10-04","2026-10-04","localização | atividade | categorias | duração | elegibilidade territorial | produção/conclusão | estreia | exibição online | pessoa autorizada a inscrever | taxas | abertura | encerramento | realização | relevância","Regulamento oficial integralmente lido."
"chamada","festival-indielisboa-research-2027-call-international-feature","festival-indielisboa","festival-indielisboa-source-1","IndieLisboa 2027 — Rules and Terms","https://indielisboa.com/en/festival/rules-and-terms/","oficial","24ª edição / 2027","Página ou regulamento consultado","confirmado na edição atual","confirmado","2026-10-04","2026-10-04","localização | atividade | categorias | duração | elegibilidade territorial | produção/conclusão | estreia | exibição online | pessoa autorizada a inscrever | taxas | abertura | encerramento | realização | relevância","Regulamento oficial integralmente lido."
"chamada","festival-indielisboa-research-2027-call-silvestre-short","festival-indielisboa","festival-indielisboa-source-1","IndieLisboa 2027 — Rules and Terms","https://indielisboa.com/en/festival/rules-and-terms/","oficial","24ª edição / 2027","Página ou regulamento consultado","confirmado na edição atual","confirmado","2026-10-04","2026-10-04","localização | atividade | categorias | duração | elegibilidade territorial | produção/conclusão | estreia | exibição online | pessoa autorizada a inscrever | taxas | abertura | encerramento | realização | relevância","Regulamento oficial integralmente lido."
"chamada","festival-indielisboa-research-2027-call-silvestre-feature","festival-indielisboa","festival-indielisboa-source-1","IndieLisboa 2027 — Rules and Terms","https://indielisboa.com/en/festival/rules-and-terms/","oficial","24ª edição / 2027","Página ou regulamento consultado","confirmado na edição atual","confirmado","2026-10-04","2026-10-04","localização | atividade | categorias | duração | elegibilidade territorial | produção/conclusão | estreia | exibição online | pessoa autorizada a inscrever | taxas | abertura | encerramento | realização | relevância","Regulamento oficial integralmente lido."
"chamada","festival-indielisboa-research-2027-call-national-short","festival-indielisboa","festival-indielisboa-source-1","IndieLisboa 2027 — Rules and Terms","https://indielisboa.com/en/festival/rules-and-terms/","oficial","24ª edição / 2027","Página ou regulamento consultado","confirmado na edição atual","confirmado","2026-10-04","2026-10-04","localização | atividade | categorias | duração | elegibilidade territorial | produção/conclusão | estreia | exibição online | pessoa autorizada a inscrever | taxas | abertura | encerramento | realização | relevância","Regulamento oficial integralmente lido."
"chamada","festival-indielisboa-research-2027-call-national-feature","festival-indielisboa","festival-indielisboa-source-1","IndieLisboa 2027 — Rules and Terms","https://indielisboa.com/en/festival/rules-and-terms/","oficial","24ª edição / 2027","Página ou regulamento consultado","confirmado na edição atual","confirmado","2026-10-04","2026-10-04","localização | atividade | categorias | duração | elegibilidade territorial | produção/conclusão | estreia | exibição online | pessoa autorizada a inscrever | taxas | abertura | encerramento | realização | relevância","Regulamento oficial integralmente lido."
"chamada","festival-indielisboa-research-2027-call-indiejunior","festival-indielisboa","festival-indielisboa-source-1","IndieLisboa 2027 — Rules and Terms","https://indielisboa.com/en/festival/rules-and-terms/","oficial","24ª edição / 2027","Página ou regulamento consultado","confirmado na edição atual","confirmado","2026-10-04","2026-10-04","localização | atividade | categorias | duração | elegibilidade territorial | produção/conclusão | estreia | exibição online | pessoa autorizada a inscrever | taxas | abertura | encerramento | realização | relevância","Regulamento oficial integralmente lido."
"chamada","festival-idfa-research-2026-general","festival-idfa","festival-idfa-source-1","IDFA 2026 — Festival Entry Regulations","https://professionals.idfa.nl/program/festival-entries/festival-entry-regulations/","oficial","39ª edição / 2026","Página ou regulamento consultado","confirmado na edição atual","confirmado","2026-10-04","2026-10-04","localização | atividade | categorias | duração | elegibilidade territorial | produção/conclusão | estreia | exibição online | pessoa autorizada a inscrever | taxas | abertura | encerramento | realização | relevância","Regulamento oficial integralmente lido."
"chamada","festival-idfa-research-2026-call-film-40-plus","festival-idfa","festival-idfa-source-1","IDFA 2026 — Festival Entry Regulations","https://professionals.idfa.nl/program/festival-entries/festival-entry-regulations/","oficial","39ª edição / 2026","Página ou regulamento consultado","confirmado na edição atual","confirmado","2026-10-04","2026-10-04","localização | atividade | categorias | duração | elegibilidade territorial | produção/conclusão | estreia | exibição online | pessoa autorizada a inscrever | taxas | abertura | encerramento | realização | relevância","Regulamento oficial integralmente lido."
"chamada","festival-idfa-research-2026-call-student","festival-idfa","festival-idfa-source-1","IDFA 2026 — Festival Entry Regulations","https://professionals.idfa.nl/program/festival-entries/festival-entry-regulations/","oficial","39ª edição / 2026","Página ou regulamento consultado","confirmado na edição atual","confirmado","2026-10-04","2026-10-04","localização | atividade | categorias | duração | elegibilidade territorial | produção/conclusão | estreia | exibição online | pessoa autorizada a inscrever | taxas | abertura | encerramento | realização | relevância","Regulamento oficial integralmente lido."
"chamada","festival-idfa-research-2026-call-new-media","festival-idfa","festival-idfa-source-1","IDFA 2026 — Festival Entry Regulations","https://professionals.idfa.nl/program/festival-entries/festival-entry-regulations/","oficial","39ª edição / 2026","Página ou regulamento consultado","confirmado na edição atual","confirmado","2026-10-04","2026-10-04","localização | atividade | categorias | duração | elegibilidade territorial | produção/conclusão | estreia | exibição online | pessoa autorizada a inscrever | taxas | abertura | encerramento | realização | relevância","Regulamento oficial integralmente lido."
"chamada","festival-iffr-research-2026-general","festival-iffr","festival-iffr-source-1","IFFR 2027 — Film Entry","https://iffr.com/en/iffr-pro-submissions/film-entry","oficial","56ª edição / 2027","Página ou regulamento consultado","confirmado na edição atual","confirmado","2026-10-04","2026-10-04","localização | atividade | categorias | duração | elegibilidade territorial | produção/conclusão | estreia | exibição online | pessoa autorizada a inscrever | taxas | abertura | encerramento | realização | relevância","Página oficial de regras, prazos e taxas integralmente lida."
"chamada","festival-iffr-research-2026-call-short-mid","festival-iffr","festival-iffr-source-1","IFFR 2027 — Film Entry","https://iffr.com/en/iffr-pro-submissions/film-entry","oficial","56ª edição / 2027","Página ou regulamento consultado","confirmado na edição atual","confirmado","2026-10-04","2026-10-04","localização | atividade | categorias | duração | elegibilidade territorial | produção/conclusão | estreia | exibição online | pessoa autorizada a inscrever | taxas | abertura | encerramento | realização | relevância","Página oficial de regras, prazos e taxas integralmente lida."
"chamada","festival-cphdox-research-2027-general","festival-cphdox","festival-cphdox-source-1","CPH:DOX 2027 — Rules and Regulations","https://cphdox.dk/rules-and-regulations/","oficial","edição 2027","Página ou regulamento consultado","confirmado na edição atual","confirmado","2026-10-04","2026-10-04","localização | atividade | categorias | duração | elegibilidade territorial | produção/conclusão | estreia | exibição online | pessoa autorizada a inscrever | taxas | abertura | encerramento | realização | relevância","Regulamento oficial integralmente lido."
"chamada","festival-cphdox-research-2027-call-film-over-50","festival-cphdox","festival-cphdox-source-1","CPH:DOX 2027 — Rules and Regulations","https://cphdox.dk/rules-and-regulations/","oficial","edição 2027","Página ou regulamento consultado","confirmado na edição atual","confirmado","2026-10-04","2026-10-04","localização | atividade | categorias | duração | elegibilidade territorial | produção/conclusão | estreia | exibição online | pessoa autorizada a inscrever | taxas | abertura | encerramento | realização | relevância","Regulamento oficial integralmente lido."
"chamada","festival-cphdox-research-2027-call-interactive","festival-cphdox","festival-cphdox-source-1","CPH:DOX 2027 — Rules and Regulations","https://cphdox.dk/rules-and-regulations/","oficial","edição 2027","Página ou regulamento consultado","confirmado na edição atual","confirmado","2026-10-04","2026-10-04","localização | atividade | categorias | duração | elegibilidade territorial | produção/conclusão | estreia | exibição online | pessoa autorizada a inscrever | taxas | abertura | encerramento | realização | relevância","Regulamento oficial integralmente lido."
"chamada","festival-oberhausen-research-2027-category-1","festival-oberhausen","festival-oberhausen-source-1","Oberhausen 2027 — Submission","https://www.kurzfilmtage.de/en/festival/submission/","oficial","73ª edição / 2027","Página ou regulamento consultado","confirmado na edição atual","confirmado","2026-10-04","2026-10-04","localização | atividade | categorias | duração | elegibilidade territorial | produção/conclusão | estreia | exibição online | pessoa autorizada a inscrever | taxas | abertura | encerramento | realização | relevância","Página oficial de prazos e categorias integralmente lida."
"chamada","festival-oberhausen-research-2027-category-1","festival-oberhausen","festival-oberhausen-source-2","Oberhausen 2027 — Regulations","https://www.kurzfilmtage.de/en/festival/regulations/","oficial","73ª edição / 2027","Página ou regulamento consultado","confirmado na edição atual","confirmado","2026-10-04","2026-10-04","localização | atividade | categorias | duração | elegibilidade territorial | produção/conclusão | estreia | exibição online | pessoa autorizada a inscrever | taxas | abertura | encerramento | realização | relevância","Regulamento oficial integralmente lido."
"chamada","festival-oberhausen-research-2027-call-german","festival-oberhausen","festival-oberhausen-source-1","Oberhausen 2027 — Submission","https://www.kurzfilmtage.de/en/festival/submission/","oficial","73ª edição / 2027","Página ou regulamento consultado","confirmado na edição atual","confirmado","2026-10-04","2026-10-04","localização | atividade | categorias | duração | elegibilidade territorial | produção/conclusão | estreia | exibição online | pessoa autorizada a inscrever | taxas | abertura | encerramento | realização | relevância","Página oficial de prazos e categorias integralmente lida."
"chamada","festival-oberhausen-research-2027-call-german","festival-oberhausen","festival-oberhausen-source-2","Oberhausen 2027 — Regulations","https://www.kurzfilmtage.de/en/festival/regulations/","oficial","73ª edição / 2027","Página ou regulamento consultado","confirmado na edição atual","confirmado","2026-10-04","2026-10-04","localização | atividade | categorias | duração | elegibilidade territorial | produção/conclusão | estreia | exibição online | pessoa autorizada a inscrever | taxas | abertura | encerramento | realização | relevância","Regulamento oficial integralmente lido."
"chamada","festival-oberhausen-research-2027-call-nrw","festival-oberhausen","festival-oberhausen-source-1","Oberhausen 2027 — Submission","https://www.kurzfilmtage.de/en/festival/submission/","oficial","73ª edição / 2027","Página ou regulamento consultado","confirmado na edição atual","confirmado","2026-10-04","2026-10-04","localização | atividade | categorias | duração | elegibilidade territorial | produção/conclusão | estreia | exibição online | pessoa autorizada a inscrever | taxas | abertura | encerramento | realização | relevância","Página oficial de prazos e categorias integralmente lida."
"chamada","festival-oberhausen-research-2027-call-nrw","festival-oberhausen","festival-oberhausen-source-2","Oberhausen 2027 — Regulations","https://www.kurzfilmtage.de/en/festival/regulations/","oficial","73ª edição / 2027","Página ou regulamento consultado","confirmado na edição atual","confirmado","2026-10-04","2026-10-04","localização | atividade | categorias | duração | elegibilidade territorial | produção/conclusão | estreia | exibição online | pessoa autorizada a inscrever | taxas | abertura | encerramento | realização | relevância","Regulamento oficial integralmente lido."
"chamada","festival-oberhausen-research-2027-call-muvi","festival-oberhausen","festival-oberhausen-source-1","Oberhausen 2027 — Submission","https://www.kurzfilmtage.de/en/festival/submission/","oficial","73ª edição / 2027","Página ou regulamento consultado","confirmado na edição atual","confirmado","2026-10-04","2026-10-04","localização | atividade | categorias | duração | elegibilidade territorial | produção/conclusão | estreia | exibição online | pessoa autorizada a inscrever | taxas | abertura | encerramento | realização | relevância","Página oficial de prazos e categorias integralmente lida."
"chamada","festival-oberhausen-research-2027-call-muvi","festival-oberhausen","festival-oberhausen-source-2","Oberhausen 2027 — Regulations","https://www.kurzfilmtage.de/en/festival/regulations/","oficial","73ª edição / 2027","Página ou regulamento consultado","confirmado na edição atual","confirmado","2026-10-04","2026-10-04","localização | atividade | categorias | duração | elegibilidade territorial | produção/conclusão | estreia | exibição online | pessoa autorizada a inscrever | taxas | abertura | encerramento | realização | relevância","Regulamento oficial integralmente lido."
"chamada","festival-clermont-research-2027-general","festival-clermont","festival-clermont-source-1","Clermont-Ferrand 2027 — Submit a Film","https://www.lecourt-clermont.org/en/pros/submit-a-film/","oficial","49ª edição / 2027","Página ou regulamento consultado","confirmado na edição atual","confirmado","2026-10-04","2026-10-04","localização | atividade | categorias | duração | elegibilidade territorial | produção/conclusão | estreia | exibição online | pessoa autorizada a inscrever | taxas | abertura | encerramento | realização | relevância","Página oficial de categorias, prazos e taxas integralmente lida."
"chamada","festival-clermont-research-2027-general","festival-clermont","festival-clermont-source-2","Clermont-Ferrand 2027 — página oficial","https://www.lecourt-clermont.org/en/","oficial","49ª edição / 2027","Página ou regulamento consultado","confirmado na edição atual","confirmado","2026-10-04","2026-10-04","localização | atividade | categorias | duração | elegibilidade territorial | produção/conclusão | estreia | exibição online | pessoa autorizada a inscrever | taxas | abertura | encerramento | realização | relevância","Confirma datas do festival e do mercado."
"chamada","festival-clermont-research-2027-call-national","festival-clermont","festival-clermont-source-1","Clermont-Ferrand 2027 — Submit a Film","https://www.lecourt-clermont.org/en/pros/submit-a-film/","oficial","49ª edição / 2027","Página ou regulamento consultado","confirmado na edição atual","confirmado","2026-10-04","2026-10-04","localização | atividade | categorias | duração | elegibilidade territorial | produção/conclusão | estreia | exibição online | pessoa autorizada a inscrever | taxas | abertura | encerramento | realização | relevância","Página oficial de categorias, prazos e taxas integralmente lida."
"chamada","festival-clermont-research-2027-call-national","festival-clermont","festival-clermont-source-2","Clermont-Ferrand 2027 — página oficial","https://www.lecourt-clermont.org/en/","oficial","49ª edição / 2027","Página ou regulamento consultado","confirmado na edição atual","confirmado","2026-10-04","2026-10-04","localização | atividade | categorias | duração | elegibilidade territorial | produção/conclusão | estreia | exibição online | pessoa autorizada a inscrever | taxas | abertura | encerramento | realização | relevância","Confirma datas do festival e do mercado."
"chamada","festival-clermont-research-2027-call-xr","festival-clermont","festival-clermont-source-1","Clermont-Ferrand 2027 — Submit a Film","https://www.lecourt-clermont.org/en/pros/submit-a-film/","oficial","49ª edição / 2027","Página ou regulamento consultado","confirmado na edição atual","confirmado","2026-10-04","2026-10-04","localização | atividade | categorias | duração | elegibilidade territorial | produção/conclusão | estreia | exibição online | pessoa autorizada a inscrever | taxas | abertura | encerramento | realização | relevância","Página oficial de categorias, prazos e taxas integralmente lida."
"chamada","festival-clermont-research-2027-call-xr","festival-clermont","festival-clermont-source-2","Clermont-Ferrand 2027 — página oficial","https://www.lecourt-clermont.org/en/","oficial","49ª edição / 2027","Página ou regulamento consultado","confirmado na edição atual","confirmado","2026-10-04","2026-10-04","localização | atividade | categorias | duração | elegibilidade territorial | produção/conclusão | estreia | exibição online | pessoa autorizada a inscrever | taxas | abertura | encerramento | realização | relevância","Confirma datas do festival e do mercado."
"chamada","festival-visions-research-2026-general","festival-visions","festival-visions-source-1","Visions du Réel 2027 — Call for Films","https://www.visionsdureel.ch/en/call-for-entries/","oficial","58ª edição / 2027","Página ou regulamento consultado","confirmado na edição atual","confirmado","2026-10-04","2026-10-04","localização | atividade | categorias | duração | elegibilidade territorial | produção/conclusão | estreia | exibição online | pessoa autorizada a inscrever | taxas | abertura | encerramento | realização | relevância","Página oficial de prazos e taxas integralmente lida."
"chamada","festival-visions-research-2026-general","festival-visions","festival-visions-source-2","Visions du Réel 2027 — Regulations","https://www.visionsdureel.ch/wp-content/uploads/2026/09/VdR27_Regulations_EN-1.pdf","oficial","58ª edição / 2027","Página ou regulamento consultado","confirmado na edição atual","confirmado","2026-10-04","2026-10-04","localização | atividade | categorias | duração | elegibilidade territorial | produção/conclusão | estreia | exibição online | pessoa autorizada a inscrever | taxas | abertura | encerramento | realização | relevância","PDF oficial de dez páginas integralmente lido."
"chamada","festival-visions-research-2026-call-burning","festival-visions","festival-visions-source-1","Visions du Réel 2027 — Call for Films","https://www.visionsdureel.ch/en/call-for-entries/","oficial","58ª edição / 2027","Página ou regulamento consultado","confirmado na edição atual","confirmado","2026-10-04","2026-10-04","localização | atividade | categorias | duração | elegibilidade territorial | produção/conclusão | estreia | exibição online | pessoa autorizada a inscrever | taxas | abertura | encerramento | realização | relevância","Página oficial de prazos e taxas integralmente lida."
"chamada","festival-visions-research-2026-call-burning","festival-visions","festival-visions-source-2","Visions du Réel 2027 — Regulations","https://www.visionsdureel.ch/wp-content/uploads/2026/09/VdR27_Regulations_EN-1.pdf","oficial","58ª edição / 2027","Página ou regulamento consultado","confirmado na edição atual","confirmado","2026-10-04","2026-10-04","localização | atividade | categorias | duração | elegibilidade territorial | produção/conclusão | estreia | exibição online | pessoa autorizada a inscrever | taxas | abertura | encerramento | realização | relevância","PDF oficial de dez páginas integralmente lido."
"chamada","festival-visions-research-2026-call-international-short-medium","festival-visions","festival-visions-source-1","Visions du Réel 2027 — Call for Films","https://www.visionsdureel.ch/en/call-for-entries/","oficial","58ª edição / 2027","Página ou regulamento consultado","confirmado na edição atual","confirmado","2026-10-04","2026-10-04","localização | atividade | categorias | duração | elegibilidade territorial | produção/conclusão | estreia | exibição online | pessoa autorizada a inscrever | taxas | abertura | encerramento | realização | relevância","Página oficial de prazos e taxas integralmente lida."
"chamada","festival-visions-research-2026-call-international-short-medium","festival-visions","festival-visions-source-2","Visions du Réel 2027 — Regulations","https://www.visionsdureel.ch/wp-content/uploads/2026/09/VdR27_Regulations_EN-1.pdf","oficial","58ª edição / 2027","Página ou regulamento consultado","confirmado na edição atual","confirmado","2026-10-04","2026-10-04","localização | atividade | categorias | duração | elegibilidade territorial | produção/conclusão | estreia | exibição online | pessoa autorizada a inscrever | taxas | abertura | encerramento | realização | relevância","PDF oficial de dez páginas integralmente lido."
"chamada","festival-visions-research-2026-call-national","festival-visions","festival-visions-source-1","Visions du Réel 2027 — Call for Films","https://www.visionsdureel.ch/en/call-for-entries/","oficial","58ª edição / 2027","Página ou regulamento consultado","confirmado na edição atual","confirmado","2026-10-04","2026-10-04","localização | atividade | categorias | duração | elegibilidade territorial | produção/conclusão | estreia | exibição online | pessoa autorizada a inscrever | taxas | abertura | encerramento | realização | relevância","Página oficial de prazos e taxas integralmente lida."
"chamada","festival-visions-research-2026-call-national","festival-visions","festival-visions-source-2","Visions du Réel 2027 — Regulations","https://www.visionsdureel.ch/wp-content/uploads/2026/09/VdR27_Regulations_EN-1.pdf","oficial","58ª edição / 2027","Página ou regulamento consultado","confirmado na edição atual","confirmado","2026-10-04","2026-10-04","localização | atividade | categorias | duração | elegibilidade territorial | produção/conclusão | estreia | exibição online | pessoa autorizada a inscrever | taxas | abertura | encerramento | realização | relevância","PDF oficial de dez páginas integralmente lido."
"chamada","festival-visions-research-2026-call-wide-angle","festival-visions","festival-visions-source-1","Visions du Réel 2027 — Call for Films","https://www.visionsdureel.ch/en/call-for-entries/","oficial","58ª edição / 2027","Página ou regulamento consultado","confirmado na edição atual","confirmado","2026-10-04","2026-10-04","localização | atividade | categorias | duração | elegibilidade territorial | produção/conclusão | estreia | exibição online | pessoa autorizada a inscrever | taxas | abertura | encerramento | realização | relevância","Página oficial de prazos e taxas integralmente lida."
"chamada","festival-visions-research-2026-call-wide-angle","festival-visions","festival-visions-source-2","Visions du Réel 2027 — Regulations","https://www.visionsdureel.ch/wp-content/uploads/2026/09/VdR27_Regulations_EN-1.pdf","oficial","58ª edição / 2027","Página ou regulamento consultado","confirmado na edição atual","confirmado","2026-10-04","2026-10-04","localização | atividade | categorias | duração | elegibilidade territorial | produção/conclusão | estreia | exibição online | pessoa autorizada a inscrever | taxas | abertura | encerramento | realização | relevância","PDF oficial de dez páginas integralmente lido."
"chamada","festival-visions-research-2026-call-opening-scenes","festival-visions","festival-visions-source-1","Visions du Réel 2027 — Call for Films","https://www.visionsdureel.ch/en/call-for-entries/","oficial","58ª edição / 2027","Página ou regulamento consultado","confirmado na edição atual","confirmado","2026-10-04","2026-10-04","localização | atividade | categorias | duração | elegibilidade territorial | produção/conclusão | estreia | exibição online | pessoa autorizada a inscrever | taxas | abertura | encerramento | realização | relevância","Página oficial de prazos e taxas integralmente lida."
"chamada","festival-visions-research-2026-call-opening-scenes","festival-visions","festival-visions-source-2","Visions du Réel 2027 — Regulations","https://www.visionsdureel.ch/wp-content/uploads/2026/09/VdR27_Regulations_EN-1.pdf","oficial","58ª edição / 2027","Página ou regulamento consultado","confirmado na edição atual","confirmado","2026-10-04","2026-10-04","localização | atividade | categorias | duração | elegibilidade territorial | produção/conclusão | estreia | exibição online | pessoa autorizada a inscrever | taxas | abertura | encerramento | realização | relevância","PDF oficial de dez páginas integralmente lido."
"chamada","festival-fid-research-2026-general","festival-fid","festival-fid-source-1","FIDMarseille 2026 — Call for Films and Regulations","https://fidmarseille.org/en/festivals/festival-37/appel-a-films","oficial","37ª edição / 2026","Página ou regulamento consultado","confirmado na edição atual","confirmado","2026-10-04","2026-10-04","localização | atividade | categorias | duração | elegibilidade territorial | produção/conclusão | estreia | exibição online | pessoa autorizada a inscrever | taxas | abertura | encerramento | realização | relevância","Página oficial com regulamento integralmente lida."
"chamada","festival-fid-research-2026-call-feature","festival-fid","festival-fid-source-1","FIDMarseille 2026 — Call for Films and Regulations","https://fidmarseille.org/en/festivals/festival-37/appel-a-films","oficial","37ª edição / 2026","Página ou regulamento consultado","confirmado na edição atual","confirmado","2026-10-04","2026-10-04","localização | atividade | categorias | duração | elegibilidade territorial | produção/conclusão | estreia | exibição online | pessoa autorizada a inscrever | taxas | abertura | encerramento | realização | relevância","Página oficial com regulamento integralmente lida."
"chamada","festival-dokleipzig-research-2026-category-1","festival-dokleipzig","festival-dokleipzig-source-1","DOK Leipzig 2026 — Film Submission Regulations","https://www.dok-leipzig.de/en/film-submission-regulations","oficial","69ª edição / 2026","Página ou regulamento consultado","confirmado na edição atual","confirmado","2026-10-04","2026-10-04","localização | atividade | categorias | duração | elegibilidade territorial | produção/conclusão | estreia | exibição online | pessoa autorizada a inscrever | taxas | abertura | encerramento | realização | relevância","Regulamento oficial integralmente lido."
"chamada","festival-dokleipzig-research-2026-category-1","festival-dokleipzig","festival-dokleipzig-source-2","DOK Leipzig 2026 — Submission FAQ","https://www.dok-leipzig.de/en/faq-submission","oficial","69ª edição / 2026","Página ou regulamento consultado","confirmado na edição atual","confirmado","2026-10-04","2026-10-04","localização | atividade | categorias | duração | elegibilidade territorial | produção/conclusão | estreia | exibição online | pessoa autorizada a inscrever | taxas | abertura | encerramento | realização | relevância","FAQ oficial integralmente lida; confirma taxas e isenção para produções exclusivamente brasileiras."
"chamada","festival-dokleipzig-research-2026-call-feature","festival-dokleipzig","festival-dokleipzig-source-1","DOK Leipzig 2026 — Film Submission Regulations","https://www.dok-leipzig.de/en/film-submission-regulations","oficial","69ª edição / 2026","Página ou regulamento consultado","confirmado na edição atual","confirmado","2026-10-04","2026-10-04","localização | atividade | categorias | duração | elegibilidade territorial | produção/conclusão | estreia | exibição online | pessoa autorizada a inscrever | taxas | abertura | encerramento | realização | relevância","Regulamento oficial integralmente lido."
"chamada","festival-dokleipzig-research-2026-call-feature","festival-dokleipzig","festival-dokleipzig-source-2","DOK Leipzig 2026 — Submission FAQ","https://www.dok-leipzig.de/en/faq-submission","oficial","69ª edição / 2026","Página ou regulamento consultado","confirmado na edição atual","confirmado","2026-10-04","2026-10-04","localização | atividade | categorias | duração | elegibilidade territorial | produção/conclusão | estreia | exibição online | pessoa autorizada a inscrever | taxas | abertura | encerramento | realização | relevância","FAQ oficial integralmente lida; confirma taxas e isenção para produções exclusivamente brasileiras."
"chamada","festival-hotdocs-research-2026-general","festival-hotdocs","festival-hotdocs-source-1","Hot Docs 2027 — Submit a Film","https://hotdocs.ca/industry/submit/submit-a-film","oficial","edição 2027","Página ou regulamento consultado","confirmado na edição atual","confirmado","2026-10-04","2026-10-04","localização | atividade | categorias | duração | elegibilidade territorial | produção/conclusão | estreia | exibição online | pessoa autorizada a inscrever | taxas | abertura | encerramento | realização | relevância","Página oficial de regras, prazos, taxas e categorias integralmente lida."
"chamada","festival-hotdocs-research-2026-call-mid-feature","festival-hotdocs","festival-hotdocs-source-1","Hot Docs 2027 — Submit a Film","https://hotdocs.ca/industry/submit/submit-a-film","oficial","edição 2027","Página ou regulamento consultado","confirmado na edição atual","confirmado","2026-10-04","2026-10-04","localização | atividade | categorias | duração | elegibilidade territorial | produção/conclusão | estreia | exibição online | pessoa autorizada a inscrever | taxas | abertura | encerramento | realização | relevância","Página oficial de regras, prazos, taxas e categorias integralmente lida."
"chamada","festival-hotdocs-research-2026-call-episodic","festival-hotdocs","festival-hotdocs-source-1","Hot Docs 2027 — Submit a Film","https://hotdocs.ca/industry/submit/submit-a-film","oficial","edição 2027","Página ou regulamento consultado","confirmado na edição atual","confirmado","2026-10-04","2026-10-04","localização | atividade | categorias | duração | elegibilidade territorial | produção/conclusão | estreia | exibição online | pessoa autorizada a inscrever | taxas | abertura | encerramento | realização | relevância","Página oficial de regras, prazos, taxas e categorias integralmente lida."
"chamada","festival-sheffield-research-2027-general","festival-sheffield","festival-sheffield-source-1","Sheffield DocFest 2026 — Film Entries","https://cdn.sheffdocfest.com/news/2026-film-entries","oficial","33ª edição / 2026","Página ou regulamento consultado","confirmado na edição atual","parcial","2026-10-04","2026-10-04","localização | atividade | categorias | duração | elegibilidade territorial | produção/conclusão | estreia | exibição online | pessoa autorizada a inscrever | taxas | abertura | encerramento | realização | relevância","Página oficial de resumo lida; contém prazos e taxas."
"chamada","festival-sheffield-research-2027-general","festival-sheffield","festival-sheffield-source-2","Sheffield 2026 — Film Programme Entry Guidelines","https://drive.google.com/file/d/1Y0KcAX2SUIubFHwfXp3WcIteDwg5SJmI/view?usp=sharing","oficial","33ª edição / 2026","Página ou regulamento consultado","não localizado","parcial","2026-10-04","2026-10-04","localização | atividade | categorias | duração | elegibilidade territorial | produção/conclusão | estreia | exibição online | pessoa autorizada a inscrever | taxas | abertura | encerramento | realização | relevância","PDF oficial vinculado pelo festival, mas o proprietário desabilitou download; tentativa em 4/10/2026 devolveu acesso somente ao proprietário/editores."
"chamada","festival-sheffield-research-2027-call-mid-feature","festival-sheffield","festival-sheffield-source-1","Sheffield DocFest 2026 — Film Entries","https://cdn.sheffdocfest.com/news/2026-film-entries","oficial","33ª edição / 2026","Página ou regulamento consultado","confirmado na edição atual","parcial","2026-10-04","2026-10-04","localização | atividade | categorias | duração | elegibilidade territorial | produção/conclusão | estreia | exibição online | pessoa autorizada a inscrever | taxas | abertura | encerramento | realização | relevância","Página oficial de resumo lida; contém prazos e taxas."
"chamada","festival-sheffield-research-2027-call-mid-feature","festival-sheffield","festival-sheffield-source-2","Sheffield 2026 — Film Programme Entry Guidelines","https://drive.google.com/file/d/1Y0KcAX2SUIubFHwfXp3WcIteDwg5SJmI/view?usp=sharing","oficial","33ª edição / 2026","Página ou regulamento consultado","não localizado","parcial","2026-10-04","2026-10-04","localização | atividade | categorias | duração | elegibilidade territorial | produção/conclusão | estreia | exibição online | pessoa autorizada a inscrever | taxas | abertura | encerramento | realização | relevância","PDF oficial vinculado pelo festival, mas o proprietário desabilitou download; tentativa em 4/10/2026 devolveu acesso somente ao proprietário/editores."
"chamada","festival-docsbarcelona-research-2027-general","festival-docsbarcelona","festival-docsbarcelona-source-1","DocsBarcelona 2027 — Festival Submissions","https://docsbarcelona.com/en/inscripcions-festival/","oficial","30ª edição / 2027","Página ou regulamento consultado","confirmado na edição atual","confirmado","2026-10-04","2026-10-04","localização | atividade | categorias | duração | elegibilidade territorial | produção/conclusão | estreia | exibição online | pessoa autorizada a inscrever | taxas | abertura | encerramento | realização | relevância","Página oficial de chamada integralmente lida."
"chamada","festival-docsbarcelona-research-2027-general","festival-docsbarcelona","festival-docsbarcelona-source-2","DocsBarcelona 2027 — Rules and Regulations","https://drive.google.com/file/d/1iBAYvBLkBm0wn30aI5HLU6Mr1X4k6w5B/view","oficial","30ª edição / 2027","Página ou regulamento consultado","confirmado na edição atual","confirmado","2026-10-04","2026-10-04","localização | atividade | categorias | duração | elegibilidade territorial | produção/conclusão | estreia | exibição online | pessoa autorizada a inscrever | taxas | abertura | encerramento | realização | relevância","PDF oficial de seis páginas baixado e integralmente lido em 4/10/2026."
"chamada","festival-docsbarcelona-research-2027-call-short","festival-docsbarcelona","festival-docsbarcelona-source-1","DocsBarcelona 2027 — Festival Submissions","https://docsbarcelona.com/en/inscripcions-festival/","oficial","30ª edição / 2027","Página ou regulamento consultado","confirmado na edição atual","confirmado","2026-10-04","2026-10-04","localização | atividade | categorias | duração | elegibilidade territorial | produção/conclusão | estreia | exibição online | pessoa autorizada a inscrever | taxas | abertura | encerramento | realização | relevância","Página oficial de chamada integralmente lida."
"chamada","festival-docsbarcelona-research-2027-call-short","festival-docsbarcelona","festival-docsbarcelona-source-2","DocsBarcelona 2027 — Rules and Regulations","https://drive.google.com/file/d/1iBAYvBLkBm0wn30aI5HLU6Mr1X4k6w5B/view","oficial","30ª edição / 2027","Página ou regulamento consultado","confirmado na edição atual","confirmado","2026-10-04","2026-10-04","localização | atividade | categorias | duração | elegibilidade territorial | produção/conclusão | estreia | exibição online | pessoa autorizada a inscrever | taxas | abertura | encerramento | realização | relevância","PDF oficial de seis páginas baixado e integralmente lido em 4/10/2026."
"chamada","festival-jihlava-research-2026-general","festival-jihlava","festival-jihlava-source-1","Ji.hlava 2026 — Film Submissions","https://www.ji-hlava.com/prihlaseni-filmu","oficial","30ª edição / 2026","Página ou regulamento consultado","confirmado na edição atual","confirmado","2026-10-04","2026-10-04","localização | atividade | categorias | duração | elegibilidade territorial | produção/conclusão | estreia | exibição online | pessoa autorizada a inscrever | taxas | abertura | encerramento | realização | relevância","Página oficial de chamada integralmente lida."
"chamada","festival-jihlava-research-2026-general","festival-jihlava","festival-jihlava-source-2","Ji.hlava 2026 — Guidelines and Conditions","https://www.ji-hlava.com/media/editor/soubory/downloads/2026/submissions/Guidelines-and-Conditions-Ji.hlava%20idff%202026.pdf","oficial","30ª edição / 2026","Página ou regulamento consultado","confirmado na edição atual","confirmado","2026-10-04","2026-10-04","localização | atividade | categorias | duração | elegibilidade territorial | produção/conclusão | estreia | exibição online | pessoa autorizada a inscrever | taxas | abertura | encerramento | realização | relevância","PDF oficial de oito páginas integralmente lido."
"chamada","festival-jihlava-research-2026-call-first-lights","festival-jihlava","festival-jihlava-source-1","Ji.hlava 2026 — Film Submissions","https://www.ji-hlava.com/prihlaseni-filmu","oficial","30ª edição / 2026","Página ou regulamento consultado","confirmado na edição atual","confirmado","2026-10-04","2026-10-04","localização | atividade | categorias | duração | elegibilidade territorial | produção/conclusão | estreia | exibição online | pessoa autorizada a inscrever | taxas | abertura | encerramento | realização | relevância","Página oficial de chamada integralmente lida."
"chamada","festival-jihlava-research-2026-call-first-lights","festival-jihlava","festival-jihlava-source-2","Ji.hlava 2026 — Guidelines and Conditions","https://www.ji-hlava.com/media/editor/soubory/downloads/2026/submissions/Guidelines-and-Conditions-Ji.hlava%20idff%202026.pdf","oficial","30ª edição / 2026","Página ou regulamento consultado","confirmado na edição atual","confirmado","2026-10-04","2026-10-04","localização | atividade | categorias | duração | elegibilidade territorial | produção/conclusão | estreia | exibição online | pessoa autorizada a inscrever | taxas | abertura | encerramento | realização | relevância","PDF oficial de oito páginas integralmente lido."
"chamada","festival-jihlava-research-2026-call-testimonies","festival-jihlava","festival-jihlava-source-1","Ji.hlava 2026 — Film Submissions","https://www.ji-hlava.com/prihlaseni-filmu","oficial","30ª edição / 2026","Página ou regulamento consultado","confirmado na edição atual","confirmado","2026-10-04","2026-10-04","localização | atividade | categorias | duração | elegibilidade territorial | produção/conclusão | estreia | exibição online | pessoa autorizada a inscrever | taxas | abertura | encerramento | realização | relevância","Página oficial de chamada integralmente lida."
"chamada","festival-jihlava-research-2026-call-testimonies","festival-jihlava","festival-jihlava-source-2","Ji.hlava 2026 — Guidelines and Conditions","https://www.ji-hlava.com/media/editor/soubory/downloads/2026/submissions/Guidelines-and-Conditions-Ji.hlava%20idff%202026.pdf","oficial","30ª edição / 2026","Página ou regulamento consultado","confirmado na edição atual","confirmado","2026-10-04","2026-10-04","localização | atividade | categorias | duração | elegibilidade territorial | produção/conclusão | estreia | exibição online | pessoa autorizada a inscrever | taxas | abertura | encerramento | realização | relevância","PDF oficial de oito páginas integralmente lido."
"chamada","festival-jihlava-research-2026-call-fascinations","festival-jihlava","festival-jihlava-source-1","Ji.hlava 2026 — Film Submissions","https://www.ji-hlava.com/prihlaseni-filmu","oficial","30ª edição / 2026","Página ou regulamento consultado","confirmado na edição atual","confirmado","2026-10-04","2026-10-04","localização | atividade | categorias | duração | elegibilidade territorial | produção/conclusão | estreia | exibição online | pessoa autorizada a inscrever | taxas | abertura | encerramento | realização | relevância","Página oficial de chamada integralmente lida."
"chamada","festival-jihlava-research-2026-call-fascinations","festival-jihlava","festival-jihlava-source-2","Ji.hlava 2026 — Guidelines and Conditions","https://www.ji-hlava.com/media/editor/soubory/downloads/2026/submissions/Guidelines-and-Conditions-Ji.hlava%20idff%202026.pdf","oficial","30ª edição / 2026","Página ou regulamento consultado","confirmado na edição atual","confirmado","2026-10-04","2026-10-04","localização | atividade | categorias | duração | elegibilidade territorial | produção/conclusão | estreia | exibição online | pessoa autorizada a inscrever | taxas | abertura | encerramento | realização | relevância","PDF oficial de oito páginas integralmente lido."
"chamada","festival-jihlava-research-2026-call-fascinations-cz","festival-jihlava","festival-jihlava-source-1","Ji.hlava 2026 — Film Submissions","https://www.ji-hlava.com/prihlaseni-filmu","oficial","30ª edição / 2026","Página ou regulamento consultado","confirmado na edição atual","confirmado","2026-10-04","2026-10-04","localização | atividade | categorias | duração | elegibilidade territorial | produção/conclusão | estreia | exibição online | pessoa autorizada a inscrever | taxas | abertura | encerramento | realização | relevância","Página oficial de chamada integralmente lida."
"chamada","festival-jihlava-research-2026-call-fascinations-cz","festival-jihlava","festival-jihlava-source-2","Ji.hlava 2026 — Guidelines and Conditions","https://www.ji-hlava.com/media/editor/soubory/downloads/2026/submissions/Guidelines-and-Conditions-Ji.hlava%20idff%202026.pdf","oficial","30ª edição / 2026","Página ou regulamento consultado","confirmado na edição atual","confirmado","2026-10-04","2026-10-04","localização | atividade | categorias | duração | elegibilidade territorial | produção/conclusão | estreia | exibição online | pessoa autorizada a inscrever | taxas | abertura | encerramento | realização | relevância","PDF oficial de oito páginas integralmente lido."
"chamada","festival-jihlava-research-2026-call-short-joy","festival-jihlava","festival-jihlava-source-1","Ji.hlava 2026 — Film Submissions","https://www.ji-hlava.com/prihlaseni-filmu","oficial","30ª edição / 2026","Página ou regulamento consultado","confirmado na edição atual","confirmado","2026-10-04","2026-10-04","localização | atividade | categorias | duração | elegibilidade territorial | produção/conclusão | estreia | exibição online | pessoa autorizada a inscrever | taxas | abertura | encerramento | realização | relevância","Página oficial de chamada integralmente lida."
"chamada","festival-jihlava-research-2026-call-short-joy","festival-jihlava","festival-jihlava-source-2","Ji.hlava 2026 — Guidelines and Conditions","https://www.ji-hlava.com/media/editor/soubory/downloads/2026/submissions/Guidelines-and-Conditions-Ji.hlava%20idff%202026.pdf","oficial","30ª edição / 2026","Página ou regulamento consultado","confirmado na edição atual","confirmado","2026-10-04","2026-10-04","localização | atividade | categorias | duração | elegibilidade territorial | produção/conclusão | estreia | exibição online | pessoa autorizada a inscrever | taxas | abertura | encerramento | realização | relevância","PDF oficial de oito páginas integralmente lido."
"chamada","festival-curtaspt-research-2027-category-1","festival-curtaspt","festival-curtaspt-source-1","Curtas Vila do Conde 2027 — Call for Entries","https://www.festival.curtas.pt/info/call-for-entries/","oficial","35ª edição / 2027","Página ou regulamento consultado","confirmado na edição atual","parcial","2026-10-04","2026-10-04","localização | atividade | categorias | duração | elegibilidade territorial | produção/conclusão | estreia | exibição online | pessoa autorizada a inscrever | taxas | abertura | encerramento | realização | relevância","Página oficial atual lida integralmente; confirma categorias gerais, datas e taxas."
"chamada","festival-curtaspt-research-2027-category-1","festival-curtaspt","festival-curtaspt-source-2","Curtas Vila do Conde 2027 — regulamento","https://app.box.com/folder/415051902634","oficial","35ª edição / 2027","Página ou regulamento consultado","não localizado","parcial","2026-10-04","2026-10-04","localização | atividade | categorias | duração | elegibilidade territorial | produção/conclusão | estreia | exibição online | pessoa autorizada a inscrever | taxas | abertura | encerramento | realização | relevância","O link oficial do regulamento redireciona para login do Box e não permitiu leitura em 4/10/2026."
"chamada","festival-curtaspt-research-2027-call-portuguese","festival-curtaspt","festival-curtaspt-source-1","Curtas Vila do Conde 2027 — Call for Entries","https://www.festival.curtas.pt/info/call-for-entries/","oficial","35ª edição / 2027","Página ou regulamento consultado","confirmado na edição atual","parcial","2026-10-04","2026-10-04","localização | atividade | categorias | duração | elegibilidade territorial | produção/conclusão | estreia | exibição online | pessoa autorizada a inscrever | taxas | abertura | encerramento | realização | relevância","Página oficial atual lida integralmente; confirma categorias gerais, datas e taxas."
"chamada","festival-curtaspt-research-2027-call-portuguese","festival-curtaspt","festival-curtaspt-source-2","Curtas Vila do Conde 2027 — regulamento","https://app.box.com/folder/415051902634","oficial","35ª edição / 2027","Página ou regulamento consultado","não localizado","parcial","2026-10-04","2026-10-04","localização | atividade | categorias | duração | elegibilidade territorial | produção/conclusão | estreia | exibição online | pessoa autorizada a inscrever | taxas | abertura | encerramento | realização | relevância","O link oficial do regulamento redireciona para login do Box e não permitiu leitura em 4/10/2026."
"chamada","festival-curtaspt-research-2027-call-experimental","festival-curtaspt","festival-curtaspt-source-1","Curtas Vila do Conde 2027 — Call for Entries","https://www.festival.curtas.pt/info/call-for-entries/","oficial","35ª edição / 2027","Página ou regulamento consultado","confirmado na edição atual","parcial","2026-10-04","2026-10-04","localização | atividade | categorias | duração | elegibilidade territorial | produção/conclusão | estreia | exibição online | pessoa autorizada a inscrever | taxas | abertura | encerramento | realização | relevância","Página oficial atual lida integralmente; confirma categorias gerais, datas e taxas."
"chamada","festival-curtaspt-research-2027-call-experimental","festival-curtaspt","festival-curtaspt-source-2","Curtas Vila do Conde 2027 — regulamento","https://app.box.com/folder/415051902634","oficial","35ª edição / 2027","Página ou regulamento consultado","não localizado","parcial","2026-10-04","2026-10-04","localização | atividade | categorias | duração | elegibilidade territorial | produção/conclusão | estreia | exibição online | pessoa autorizada a inscrever | taxas | abertura | encerramento | realização | relevância","O link oficial do regulamento redireciona para login do Box e não permitiu leitura em 4/10/2026."
"chamada","festival-curtaspt-research-2027-call-take-one","festival-curtaspt","festival-curtaspt-source-1","Curtas Vila do Conde 2027 — Call for Entries","https://www.festival.curtas.pt/info/call-for-entries/","oficial","35ª edição / 2027","Página ou regulamento consultado","confirmado na edição atual","parcial","2026-10-04","2026-10-04","localização | atividade | categorias | duração | elegibilidade territorial | produção/conclusão | estreia | exibição online | pessoa autorizada a inscrever | taxas | abertura | encerramento | realização | relevância","Página oficial atual lida integralmente; confirma categorias gerais, datas e taxas."
"chamada","festival-curtaspt-research-2027-call-take-one","festival-curtaspt","festival-curtaspt-source-2","Curtas Vila do Conde 2027 — regulamento","https://app.box.com/folder/415051902634","oficial","35ª edição / 2027","Página ou regulamento consultado","não localizado","parcial","2026-10-04","2026-10-04","localização | atividade | categorias | duração | elegibilidade territorial | produção/conclusão | estreia | exibição online | pessoa autorizada a inscrever | taxas | abertura | encerramento | realização | relevância","O link oficial do regulamento redireciona para login do Box e não permitiu leitura em 4/10/2026."
"chamada","festival-curtaspt-research-2027-call-my-generation","festival-curtaspt","festival-curtaspt-source-1","Curtas Vila do Conde 2027 — Call for Entries","https://www.festival.curtas.pt/info/call-for-entries/","oficial","35ª edição / 2027","Página ou regulamento consultado","confirmado na edição atual","parcial","2026-10-04","2026-10-04","localização | atividade | categorias | duração | elegibilidade territorial | produção/conclusão | estreia | exibição online | pessoa autorizada a inscrever | taxas | abertura | encerramento | realização | relevância","Página oficial atual lida integralmente; confirma categorias gerais, datas e taxas."
"chamada","festival-curtaspt-research-2027-call-my-generation","festival-curtaspt","festival-curtaspt-source-2","Curtas Vila do Conde 2027 — regulamento","https://app.box.com/folder/415051902634","oficial","35ª edição / 2027","Página ou regulamento consultado","não localizado","parcial","2026-10-04","2026-10-04","localização | atividade | categorias | duração | elegibilidade territorial | produção/conclusão | estreia | exibição online | pessoa autorizada a inscrever | taxas | abertura | encerramento | realização | relevância","O link oficial do regulamento redireciona para login do Box e não permitiu leitura em 4/10/2026."
"chamada","festival-curtaspt-research-2027-call-curtinhas","festival-curtaspt","festival-curtaspt-source-1","Curtas Vila do Conde 2027 — Call for Entries","https://www.festival.curtas.pt/info/call-for-entries/","oficial","35ª edição / 2027","Página ou regulamento consultado","confirmado na edição atual","parcial","2026-10-04","2026-10-04","localização | atividade | categorias | duração | elegibilidade territorial | produção/conclusão | estreia | exibição online | pessoa autorizada a inscrever | taxas | abertura | encerramento | realização | relevância","Página oficial atual lida integralmente; confirma categorias gerais, datas e taxas."
"chamada","festival-curtaspt-research-2027-call-curtinhas","festival-curtaspt","festival-curtaspt-source-2","Curtas Vila do Conde 2027 — regulamento","https://app.box.com/folder/415051902634","oficial","35ª edição / 2027","Página ou regulamento consultado","não localizado","parcial","2026-10-04","2026-10-04","localização | atividade | categorias | duração | elegibilidade territorial | produção/conclusão | estreia | exibição online | pessoa autorizada a inscrever | taxas | abertura | encerramento | realização | relevância","O link oficial do regulamento redireciona para login do Box e não permitiu leitura em 4/10/2026."
"chamada","festival-curtaspt-research-2027-call-music-video","festival-curtaspt","festival-curtaspt-source-1","Curtas Vila do Conde 2027 — Call for Entries","https://www.festival.curtas.pt/info/call-for-entries/","oficial","35ª edição / 2027","Página ou regulamento consultado","confirmado na edição atual","parcial","2026-10-04","2026-10-04","localização | atividade | categorias | duração | elegibilidade territorial | produção/conclusão | estreia | exibição online | pessoa autorizada a inscrever | taxas | abertura | encerramento | realização | relevância","Página oficial atual lida integralmente; confirma categorias gerais, datas e taxas."
"chamada","festival-curtaspt-research-2027-call-music-video","festival-curtaspt","festival-curtaspt-source-2","Curtas Vila do Conde 2027 — regulamento","https://app.box.com/folder/415051902634","oficial","35ª edição / 2027","Página ou regulamento consultado","não localizado","parcial","2026-10-04","2026-10-04","localização | atividade | categorias | duração | elegibilidade territorial | produção/conclusão | estreia | exibição online | pessoa autorizada a inscrever | taxas | abertura | encerramento | realização | relevância","O link oficial do regulamento redireciona para login do Box e não permitiu leitura em 4/10/2026."
"chamada","festival-tampere-research-2027-general","festival-tampere","festival-tampere-source-1","Tampere 2027 — Competitions","https://tamperefilmfestival.fi/en/industry/competitions/","oficial","57ª edição / 2027","Página ou regulamento consultado","confirmado na edição atual","confirmado","2026-10-04","2026-10-04","localização | atividade | categorias | duração | elegibilidade territorial | produção/conclusão | estreia | exibição online | pessoa autorizada a inscrever | taxas | abertura | encerramento | realização | relevância","Página oficial de competições e links de regras lida."
"chamada","festival-tampere-research-2027-general","festival-tampere","festival-tampere-source-2","Tampere 2027 — International Competition Regulations","https://tamperefilmfestival.fi/en/industry/competitions/regulations-international-competition-2027/","oficial","57ª edição / 2027","Página ou regulamento consultado","confirmado na edição atual","confirmado","2026-10-04","2026-10-04","localização | atividade | categorias | duração | elegibilidade territorial | produção/conclusão | estreia | exibição online | pessoa autorizada a inscrever | taxas | abertura | encerramento | realização | relevância","Regulamento oficial integralmente lido."
"chamada","festival-tampere-research-2027-general","festival-tampere","festival-tampere-source-3","Tampere 2027 — National Competition Regulations","https://tamperefilmfestival.fi/en/industry/competitions/regulations-national-competition-2027/","oficial","57ª edição / 2027","Página ou regulamento consultado","confirmado na edição atual","confirmado","2026-10-04","2026-10-04","localização | atividade | categorias | duração | elegibilidade territorial | produção/conclusão | estreia | exibição online | pessoa autorizada a inscrever | taxas | abertura | encerramento | realização | relevância","Regulamento oficial integralmente lido."
"chamada","festival-tampere-research-2027-general","festival-tampere","festival-tampere-source-4","Tampere 2027 — Genre Competition Regulations","https://tamperefilmfestival.fi/en/industry/competitions/regulations-genre-competition-2027/","oficial","57ª edição / 2027","Página ou regulamento consultado","confirmado na edição atual","confirmado","2026-10-04","2026-10-04","localização | atividade | categorias | duração | elegibilidade territorial | produção/conclusão | estreia | exibição online | pessoa autorizada a inscrever | taxas | abertura | encerramento | realização | relevância","Regulamento oficial integralmente lido."
"chamada","festival-tampere-research-2027-call-genre","festival-tampere","festival-tampere-source-1","Tampere 2027 — Competitions","https://tamperefilmfestival.fi/en/industry/competitions/","oficial","57ª edição / 2027","Página ou regulamento consultado","confirmado na edição atual","confirmado","2026-10-04","2026-10-04","localização | atividade | categorias | duração | elegibilidade territorial | produção/conclusão | estreia | exibição online | pessoa autorizada a inscrever | taxas | abertura | encerramento | realização | relevância","Página oficial de competições e links de regras lida."
"chamada","festival-tampere-research-2027-call-genre","festival-tampere","festival-tampere-source-2","Tampere 2027 — International Competition Regulations","https://tamperefilmfestival.fi/en/industry/competitions/regulations-international-competition-2027/","oficial","57ª edição / 2027","Página ou regulamento consultado","confirmado na edição atual","confirmado","2026-10-04","2026-10-04","localização | atividade | categorias | duração | elegibilidade territorial | produção/conclusão | estreia | exibição online | pessoa autorizada a inscrever | taxas | abertura | encerramento | realização | relevância","Regulamento oficial integralmente lido."
"chamada","festival-tampere-research-2027-call-genre","festival-tampere","festival-tampere-source-3","Tampere 2027 — National Competition Regulations","https://tamperefilmfestival.fi/en/industry/competitions/regulations-national-competition-2027/","oficial","57ª edição / 2027","Página ou regulamento consultado","confirmado na edição atual","confirmado","2026-10-04","2026-10-04","localização | atividade | categorias | duração | elegibilidade territorial | produção/conclusão | estreia | exibição online | pessoa autorizada a inscrever | taxas | abertura | encerramento | realização | relevância","Regulamento oficial integralmente lido."
"chamada","festival-tampere-research-2027-call-genre","festival-tampere","festival-tampere-source-4","Tampere 2027 — Genre Competition Regulations","https://tamperefilmfestival.fi/en/industry/competitions/regulations-genre-competition-2027/","oficial","57ª edição / 2027","Página ou regulamento consultado","confirmado na edição atual","confirmado","2026-10-04","2026-10-04","localização | atividade | categorias | duração | elegibilidade territorial | produção/conclusão | estreia | exibição online | pessoa autorizada a inscrever | taxas | abertura | encerramento | realização | relevância","Regulamento oficial integralmente lido."
"chamada","festival-tampere-research-2027-call-national-under","festival-tampere","festival-tampere-source-1","Tampere 2027 — Competitions","https://tamperefilmfestival.fi/en/industry/competitions/","oficial","57ª edição / 2027","Página ou regulamento consultado","confirmado na edição atual","confirmado","2026-10-04","2026-10-04","localização | atividade | categorias | duração | elegibilidade territorial | produção/conclusão | estreia | exibição online | pessoa autorizada a inscrever | taxas | abertura | encerramento | realização | relevância","Página oficial de competições e links de regras lida."
"chamada","festival-tampere-research-2027-call-national-under","festival-tampere","festival-tampere-source-2","Tampere 2027 — International Competition Regulations","https://tamperefilmfestival.fi/en/industry/competitions/regulations-international-competition-2027/","oficial","57ª edição / 2027","Página ou regulamento consultado","confirmado na edição atual","confirmado","2026-10-04","2026-10-04","localização | atividade | categorias | duração | elegibilidade territorial | produção/conclusão | estreia | exibição online | pessoa autorizada a inscrever | taxas | abertura | encerramento | realização | relevância","Regulamento oficial integralmente lido."
"chamada","festival-tampere-research-2027-call-national-under","festival-tampere","festival-tampere-source-3","Tampere 2027 — National Competition Regulations","https://tamperefilmfestival.fi/en/industry/competitions/regulations-national-competition-2027/","oficial","57ª edição / 2027","Página ou regulamento consultado","confirmado na edição atual","confirmado","2026-10-04","2026-10-04","localização | atividade | categorias | duração | elegibilidade territorial | produção/conclusão | estreia | exibição online | pessoa autorizada a inscrever | taxas | abertura | encerramento | realização | relevância","Regulamento oficial integralmente lido."
"chamada","festival-tampere-research-2027-call-national-under","festival-tampere","festival-tampere-source-4","Tampere 2027 — Genre Competition Regulations","https://tamperefilmfestival.fi/en/industry/competitions/regulations-genre-competition-2027/","oficial","57ª edição / 2027","Página ou regulamento consultado","confirmado na edição atual","confirmado","2026-10-04","2026-10-04","localização | atividade | categorias | duração | elegibilidade territorial | produção/conclusão | estreia | exibição online | pessoa autorizada a inscrever | taxas | abertura | encerramento | realização | relevância","Regulamento oficial integralmente lido."
"chamada","festival-tampere-research-2027-call-national-over","festival-tampere","festival-tampere-source-1","Tampere 2027 — Competitions","https://tamperefilmfestival.fi/en/industry/competitions/","oficial","57ª edição / 2027","Página ou regulamento consultado","confirmado na edição atual","confirmado","2026-10-04","2026-10-04","localização | atividade | categorias | duração | elegibilidade territorial | produção/conclusão | estreia | exibição online | pessoa autorizada a inscrever | taxas | abertura | encerramento | realização | relevância","Página oficial de competições e links de regras lida."
"chamada","festival-tampere-research-2027-call-national-over","festival-tampere","festival-tampere-source-2","Tampere 2027 — International Competition Regulations","https://tamperefilmfestival.fi/en/industry/competitions/regulations-international-competition-2027/","oficial","57ª edição / 2027","Página ou regulamento consultado","confirmado na edição atual","confirmado","2026-10-04","2026-10-04","localização | atividade | categorias | duração | elegibilidade territorial | produção/conclusão | estreia | exibição online | pessoa autorizada a inscrever | taxas | abertura | encerramento | realização | relevância","Regulamento oficial integralmente lido."
"chamada","festival-tampere-research-2027-call-national-over","festival-tampere","festival-tampere-source-3","Tampere 2027 — National Competition Regulations","https://tamperefilmfestival.fi/en/industry/competitions/regulations-national-competition-2027/","oficial","57ª edição / 2027","Página ou regulamento consultado","confirmado na edição atual","confirmado","2026-10-04","2026-10-04","localização | atividade | categorias | duração | elegibilidade territorial | produção/conclusão | estreia | exibição online | pessoa autorizada a inscrever | taxas | abertura | encerramento | realização | relevância","Regulamento oficial integralmente lido."
"chamada","festival-tampere-research-2027-call-national-over","festival-tampere","festival-tampere-source-4","Tampere 2027 — Genre Competition Regulations","https://tamperefilmfestival.fi/en/industry/competitions/regulations-genre-competition-2027/","oficial","57ª edição / 2027","Página ou regulamento consultado","confirmado na edição atual","confirmado","2026-10-04","2026-10-04","localização | atividade | categorias | duração | elegibilidade territorial | produção/conclusão | estreia | exibição online | pessoa autorizada a inscrever | taxas | abertura | encerramento | realização | relevância","Regulamento oficial integralmente lido."
"chamada","festival-uppsala-research-2026-general","festival-uppsala","festival-uppsala-source-1","Uppsala 2026 — Enter Your Film","https://shortfilmfestival.com/en/anmala-film/","oficial","edição 2026","Página ou regulamento consultado","confirmado na edição atual","parcial","2026-10-04","2026-10-04","localização | atividade | categorias | duração | elegibilidade territorial | produção/conclusão | estreia | exibição online | pessoa autorizada a inscrever | taxas | abertura | encerramento | realização | relevância","Página oficial de categorias, prazos e taxas lida integralmente; chama a edição de 45ª."
"chamada","festival-uppsala-research-2026-general","festival-uppsala","festival-uppsala-source-2","Uppsala 2026 — About the Festival","https://shortfilmfestival.com/en/about-the-festival/","oficial","edição 2026","Página ou regulamento consultado","confirmado na edição atual","parcial","2026-10-04","2026-10-04","localização | atividade | categorias | duração | elegibilidade territorial | produção/conclusão | estreia | exibição online | pessoa autorizada a inscrever | taxas | abertura | encerramento | realização | relevância","Página oficial confirma 19–25/10/2026, histórico e qualificações; chama a edição de 44ª."
"chamada","festival-uppsala-research-2026-call-children","festival-uppsala","festival-uppsala-source-1","Uppsala 2026 — Enter Your Film","https://shortfilmfestival.com/en/anmala-film/","oficial","edição 2026","Página ou regulamento consultado","confirmado na edição atual","parcial","2026-10-04","2026-10-04","localização | atividade | categorias | duração | elegibilidade territorial | produção/conclusão | estreia | exibição online | pessoa autorizada a inscrever | taxas | abertura | encerramento | realização | relevância","Página oficial de categorias, prazos e taxas lida integralmente; chama a edição de 45ª."
"chamada","festival-uppsala-research-2026-call-children","festival-uppsala","festival-uppsala-source-2","Uppsala 2026 — About the Festival","https://shortfilmfestival.com/en/about-the-festival/","oficial","edição 2026","Página ou regulamento consultado","confirmado na edição atual","parcial","2026-10-04","2026-10-04","localização | atividade | categorias | duração | elegibilidade territorial | produção/conclusão | estreia | exibição online | pessoa autorizada a inscrever | taxas | abertura | encerramento | realização | relevância","Página oficial confirma 19–25/10/2026, histórico e qualificações; chama a edição de 44ª."
"chamada","festival-encounters-research-2026-general","festival-encounters","festival-encounters-source-1","Encounters 2027 — Submissions","https://www.encounters.film/submissions","oficial","edição 2027","Página ou regulamento consultado","confirmado na edição atual","confirmado","2026-10-04","2026-10-04","localização | atividade | categorias | duração | elegibilidade territorial | produção/conclusão | estreia | exibição online | pessoa autorizada a inscrever | taxas | abertura | encerramento | realização | relevância","Página oficial de submissões integralmente lida."
"chamada","festival-encounters-research-2026-general","festival-encounters","festival-encounters-source-2","Encounters 2027 — FilmFreeway","https://filmfreeway.com/EncountersFilmFestival","plataforma de inscrição","edição 2027","Página ou regulamento consultado","confirmado na edição atual","confirmado","2026-10-04","2026-10-04","localização | atividade | categorias | duração | elegibilidade territorial | produção/conclusão | estreia | exibição online | pessoa autorizada a inscrever | taxas | abertura | encerramento | realização | relevância","Regras, categorias, prazos e taxas integralmente lidos."
"chamada","festival-encounters-research-2026-call-animation","festival-encounters","festival-encounters-source-1","Encounters 2027 — Submissions","https://www.encounters.film/submissions","oficial","edição 2027","Página ou regulamento consultado","confirmado na edição atual","confirmado","2026-10-04","2026-10-04","localização | atividade | categorias | duração | elegibilidade territorial | produção/conclusão | estreia | exibição online | pessoa autorizada a inscrever | taxas | abertura | encerramento | realização | relevância","Página oficial de submissões integralmente lida."
"chamada","festival-encounters-research-2026-call-animation","festival-encounters","festival-encounters-source-2","Encounters 2027 — FilmFreeway","https://filmfreeway.com/EncountersFilmFestival","plataforma de inscrição","edição 2027","Página ou regulamento consultado","confirmado na edição atual","confirmado","2026-10-04","2026-10-04","localização | atividade | categorias | duração | elegibilidade territorial | produção/conclusão | estreia | exibição online | pessoa autorizada a inscrever | taxas | abertura | encerramento | realização | relevância","Regras, categorias, prazos e taxas integralmente lidos."
"chamada","festival-encounters-research-2026-call-documentary","festival-encounters","festival-encounters-source-1","Encounters 2027 — Submissions","https://www.encounters.film/submissions","oficial","edição 2027","Página ou regulamento consultado","confirmado na edição atual","confirmado","2026-10-04","2026-10-04","localização | atividade | categorias | duração | elegibilidade territorial | produção/conclusão | estreia | exibição online | pessoa autorizada a inscrever | taxas | abertura | encerramento | realização | relevância","Página oficial de submissões integralmente lida."
"chamada","festival-encounters-research-2026-call-documentary","festival-encounters","festival-encounters-source-2","Encounters 2027 — FilmFreeway","https://filmfreeway.com/EncountersFilmFestival","plataforma de inscrição","edição 2027","Página ou regulamento consultado","confirmado na edição atual","confirmado","2026-10-04","2026-10-04","localização | atividade | categorias | duração | elegibilidade territorial | produção/conclusão | estreia | exibição online | pessoa autorizada a inscrever | taxas | abertura | encerramento | realização | relevância","Regras, categorias, prazos e taxas integralmente lidos."
"chamada","festival-encounters-research-2026-call-music-video","festival-encounters","festival-encounters-source-1","Encounters 2027 — Submissions","https://www.encounters.film/submissions","oficial","edição 2027","Página ou regulamento consultado","confirmado na edição atual","confirmado","2026-10-04","2026-10-04","localização | atividade | categorias | duração | elegibilidade territorial | produção/conclusão | estreia | exibição online | pessoa autorizada a inscrever | taxas | abertura | encerramento | realização | relevância","Página oficial de submissões integralmente lida."
"chamada","festival-encounters-research-2026-call-music-video","festival-encounters","festival-encounters-source-2","Encounters 2027 — FilmFreeway","https://filmfreeway.com/EncountersFilmFestival","plataforma de inscrição","edição 2027","Página ou regulamento consultado","confirmado na edição atual","confirmado","2026-10-04","2026-10-04","localização | atividade | categorias | duração | elegibilidade territorial | produção/conclusão | estreia | exibição online | pessoa autorizada a inscrever | taxas | abertura | encerramento | realização | relevância","Regras, categorias, prazos e taxas integralmente lidos."
"chamada","festival-encounters-research-2026-call-depict","festival-encounters","festival-encounters-source-1","Encounters 2027 — Submissions","https://www.encounters.film/submissions","oficial","edição 2027","Página ou regulamento consultado","confirmado na edição atual","confirmado","2026-10-04","2026-10-04","localização | atividade | categorias | duração | elegibilidade territorial | produção/conclusão | estreia | exibição online | pessoa autorizada a inscrever | taxas | abertura | encerramento | realização | relevância","Página oficial de submissões integralmente lida."
"chamada","festival-encounters-research-2026-call-depict","festival-encounters","festival-encounters-source-2","Encounters 2027 — FilmFreeway","https://filmfreeway.com/EncountersFilmFestival","plataforma de inscrição","edição 2027","Página ou regulamento consultado","confirmado na edição atual","confirmado","2026-10-04","2026-10-04","localização | atividade | categorias | duração | elegibilidade territorial | produção/conclusão | estreia | exibição online | pessoa autorizada a inscrever | taxas | abertura | encerramento | realização | relevância","Regras, categorias, prazos e taxas integralmente lidos."
"chamada","festival-winterthur-research-2026-general","festival-winterthur","festival-winterthur-source-1","Winterthur 2026 — Competition Rules and Regulations","https://www.kurzfilmtage.ch/-downloads-/document/3973/ikw26_Competitons_Rules_and_Regulations_260121.pdf","oficial","30ª edição / 2026","Página ou regulamento consultado","confirmado na edição atual","confirmado","2026-10-04","2026-10-04","localização | atividade | categorias | duração | elegibilidade territorial | produção/conclusão | estreia | exibição online | pessoa autorizada a inscrever | taxas | abertura | encerramento | realização | relevância","PDF oficial integralmente lido."
"chamada","festival-winterthur-research-2026-call-swiss","festival-winterthur","festival-winterthur-source-1","Winterthur 2026 — Competition Rules and Regulations","https://www.kurzfilmtage.ch/-downloads-/document/3973/ikw26_Competitons_Rules_and_Regulations_260121.pdf","oficial","30ª edição / 2026","Página ou regulamento consultado","confirmado na edição atual","confirmado","2026-10-04","2026-10-04","localização | atividade | categorias | duração | elegibilidade territorial | produção/conclusão | estreia | exibição online | pessoa autorizada a inscrever | taxas | abertura | encerramento | realização | relevância","PDF oficial integralmente lido."
"chamada","festival-winterthur-research-2026-call-family","festival-winterthur","festival-winterthur-source-1","Winterthur 2026 — Competition Rules and Regulations","https://www.kurzfilmtage.ch/-downloads-/document/3973/ikw26_Competitons_Rules_and_Regulations_260121.pdf","oficial","30ª edição / 2026","Página ou regulamento consultado","confirmado na edição atual","confirmado","2026-10-04","2026-10-04","localização | atividade | categorias | duração | elegibilidade territorial | produção/conclusão | estreia | exibição online | pessoa autorizada a inscrever | taxas | abertura | encerramento | realização | relevância","PDF oficial integralmente lido."
"chamada","festival-krakow-research-2026-general","festival-krakow","festival-krakow-source-1","Krakow Film Festival 2026 — regulamento","https://www.krakowfilmfestival.pl/66-kff/regulamin-66-kff/","oficial","66ª edição / 2026","Página ou regulamento consultado","confirmado na edição atual","confirmado","2026-10-04","2026-10-04","localização | atividade | categorias | duração | elegibilidade territorial | produção/conclusão | estreia | exibição online | pessoa autorizada a inscrever | taxas | abertura | encerramento | realização | relevância","Regulamento oficial integralmente lido; prevalece sobre comunicado em inglês com anos residuais."
"chamada","festival-krakow-research-2026-call-international-short","festival-krakow","festival-krakow-source-1","Krakow Film Festival 2026 — regulamento","https://www.krakowfilmfestival.pl/66-kff/regulamin-66-kff/","oficial","66ª edição / 2026","Página ou regulamento consultado","confirmado na edição atual","confirmado","2026-10-04","2026-10-04","localização | atividade | categorias | duração | elegibilidade territorial | produção/conclusão | estreia | exibição online | pessoa autorizada a inscrever | taxas | abertura | encerramento | realização | relevância","Regulamento oficial integralmente lido; prevalece sobre comunicado em inglês com anos residuais."
"chamada","festival-krakow-research-2026-call-docfilmmusic","festival-krakow","festival-krakow-source-1","Krakow Film Festival 2026 — regulamento","https://www.krakowfilmfestival.pl/66-kff/regulamin-66-kff/","oficial","66ª edição / 2026","Página ou regulamento consultado","confirmado na edição atual","confirmado","2026-10-04","2026-10-04","localização | atividade | categorias | duração | elegibilidade territorial | produção/conclusão | estreia | exibição online | pessoa autorizada a inscrever | taxas | abertura | encerramento | realização | relevância","Regulamento oficial integralmente lido; prevalece sobre comunicado em inglês com anos residuais."
"chamada","festival-krakow-research-2026-call-polish","festival-krakow","festival-krakow-source-1","Krakow Film Festival 2026 — regulamento","https://www.krakowfilmfestival.pl/66-kff/regulamin-66-kff/","oficial","66ª edição / 2026","Página ou regulamento consultado","confirmado na edição atual","confirmado","2026-10-04","2026-10-04","localização | atividade | categorias | duração | elegibilidade territorial | produção/conclusão | estreia | exibição online | pessoa autorizada a inscrever | taxas | abertura | encerramento | realização | relevância","Regulamento oficial integralmente lido; prevalece sobre comunicado em inglês com anos residuais."
"chamada","festival-goshort-research-2026-general","festival-goshort","festival-goshort-source-1","Go Short 2027 — Call for Entry","https://www.goshort.nl/en/news-overview/call-for-entry-go-short-2027","oficial","19ª edição / 2027","Página ou regulamento consultado","confirmado na edição atual","confirmado","2026-10-04","2026-10-04","localização | atividade | categorias | duração | elegibilidade territorial | produção/conclusão | estreia | exibição online | pessoa autorizada a inscrever | taxas | abertura | encerramento | realização | relevância","Página oficial de prazos e taxas integralmente lida."
"chamada","festival-goshort-research-2026-general","festival-goshort","festival-goshort-source-2","Go Short 2027 — Short Film Competition Regulations","https://www.goshort.nl/media/sghjttzm/regulations-go-short-2027-short-film-competition.pdf?v=1","oficial","19ª edição / 2027","Página ou regulamento consultado","confirmado na edição atual","parcial","2026-10-04","2026-10-04","localização | atividade | categorias | duração | elegibilidade territorial | produção/conclusão | estreia | exibição online | pessoa autorizada a inscrever | taxas | abertura | encerramento | realização | relevância","PDF integralmente lido; contém referências residuais à 18ª edição e a prazo de cópia de 2026."
"chamada","festival-goshort-research-2026-general","festival-goshort","festival-goshort-source-3","Go Short 2027 — VR/XR Regulations","https://www.goshort.nl/media/lb0mcmxp/go-short-video-game-vr-xr-performances-installations-regulations-2027.pdf","oficial","19ª edição / 2027","Página ou regulamento consultado","confirmado na edição atual","confirmado","2026-10-04","2026-10-04","localização | atividade | categorias | duração | elegibilidade territorial | produção/conclusão | estreia | exibição online | pessoa autorizada a inscrever | taxas | abertura | encerramento | realização | relevância","PDF oficial integralmente lido."
"chamada","festival-goshort-research-2026-general","festival-goshort","festival-goshort-source-4","Go Short 2027 — Music Video Regulations","https://www.goshort.nl/media/qdagmo5b/go-short-music-video-competition-regulations-2027.pdf","oficial","19ª edição / 2027","Página ou regulamento consultado","confirmado na edição atual","confirmado","2026-10-04","2026-10-04","localização | atividade | categorias | duração | elegibilidade territorial | produção/conclusão | estreia | exibição online | pessoa autorizada a inscrever | taxas | abertura | encerramento | realização | relevância","PDF oficial integralmente lido."
"chamada","festival-goshort-research-2026-call-dutch","festival-goshort","festival-goshort-source-1","Go Short 2027 — Call for Entry","https://www.goshort.nl/en/news-overview/call-for-entry-go-short-2027","oficial","19ª edição / 2027","Página ou regulamento consultado","confirmado na edição atual","confirmado","2026-10-04","2026-10-04","localização | atividade | categorias | duração | elegibilidade territorial | produção/conclusão | estreia | exibição online | pessoa autorizada a inscrever | taxas | abertura | encerramento | realização | relevância","Página oficial de prazos e taxas integralmente lida."
"chamada","festival-goshort-research-2026-call-dutch","festival-goshort","festival-goshort-source-2","Go Short 2027 — Short Film Competition Regulations","https://www.goshort.nl/media/sghjttzm/regulations-go-short-2027-short-film-competition.pdf?v=1","oficial","19ª edição / 2027","Página ou regulamento consultado","confirmado na edição atual","parcial","2026-10-04","2026-10-04","localização | atividade | categorias | duração | elegibilidade territorial | produção/conclusão | estreia | exibição online | pessoa autorizada a inscrever | taxas | abertura | encerramento | realização | relevância","PDF integralmente lido; contém referências residuais à 18ª edição e a prazo de cópia de 2026."
"chamada","festival-goshort-research-2026-call-dutch","festival-goshort","festival-goshort-source-3","Go Short 2027 — VR/XR Regulations","https://www.goshort.nl/media/lb0mcmxp/go-short-video-game-vr-xr-performances-installations-regulations-2027.pdf","oficial","19ª edição / 2027","Página ou regulamento consultado","confirmado na edição atual","confirmado","2026-10-04","2026-10-04","localização | atividade | categorias | duração | elegibilidade territorial | produção/conclusão | estreia | exibição online | pessoa autorizada a inscrever | taxas | abertura | encerramento | realização | relevância","PDF oficial integralmente lido."
"chamada","festival-goshort-research-2026-call-dutch","festival-goshort","festival-goshort-source-4","Go Short 2027 — Music Video Regulations","https://www.goshort.nl/media/qdagmo5b/go-short-music-video-competition-regulations-2027.pdf","oficial","19ª edição / 2027","Página ou regulamento consultado","confirmado na edição atual","confirmado","2026-10-04","2026-10-04","localização | atividade | categorias | duração | elegibilidade territorial | produção/conclusão | estreia | exibição online | pessoa autorizada a inscrever | taxas | abertura | encerramento | realização | relevância","PDF oficial integralmente lido."
"chamada","festival-goshort-research-2026-call-new-arrivals","festival-goshort","festival-goshort-source-1","Go Short 2027 — Call for Entry","https://www.goshort.nl/en/news-overview/call-for-entry-go-short-2027","oficial","19ª edição / 2027","Página ou regulamento consultado","confirmado na edição atual","confirmado","2026-10-04","2026-10-04","localização | atividade | categorias | duração | elegibilidade territorial | produção/conclusão | estreia | exibição online | pessoa autorizada a inscrever | taxas | abertura | encerramento | realização | relevância","Página oficial de prazos e taxas integralmente lida."
"chamada","festival-goshort-research-2026-call-new-arrivals","festival-goshort","festival-goshort-source-2","Go Short 2027 — Short Film Competition Regulations","https://www.goshort.nl/media/sghjttzm/regulations-go-short-2027-short-film-competition.pdf?v=1","oficial","19ª edição / 2027","Página ou regulamento consultado","confirmado na edição atual","parcial","2026-10-04","2026-10-04","localização | atividade | categorias | duração | elegibilidade territorial | produção/conclusão | estreia | exibição online | pessoa autorizada a inscrever | taxas | abertura | encerramento | realização | relevância","PDF integralmente lido; contém referências residuais à 18ª edição e a prazo de cópia de 2026."
"chamada","festival-goshort-research-2026-call-new-arrivals","festival-goshort","festival-goshort-source-3","Go Short 2027 — VR/XR Regulations","https://www.goshort.nl/media/lb0mcmxp/go-short-video-game-vr-xr-performances-installations-regulations-2027.pdf","oficial","19ª edição / 2027","Página ou regulamento consultado","confirmado na edição atual","confirmado","2026-10-04","2026-10-04","localização | atividade | categorias | duração | elegibilidade territorial | produção/conclusão | estreia | exibição online | pessoa autorizada a inscrever | taxas | abertura | encerramento | realização | relevância","PDF oficial integralmente lido."
"chamada","festival-goshort-research-2026-call-new-arrivals","festival-goshort","festival-goshort-source-4","Go Short 2027 — Music Video Regulations","https://www.goshort.nl/media/qdagmo5b/go-short-music-video-competition-regulations-2027.pdf","oficial","19ª edição / 2027","Página ou regulamento consultado","confirmado na edição atual","confirmado","2026-10-04","2026-10-04","localização | atividade | categorias | duração | elegibilidade territorial | produção/conclusão | estreia | exibição online | pessoa autorizada a inscrever | taxas | abertura | encerramento | realização | relevância","PDF oficial integralmente lido."
"chamada","festival-goshort-research-2026-call-music-video","festival-goshort","festival-goshort-source-1","Go Short 2027 — Call for Entry","https://www.goshort.nl/en/news-overview/call-for-entry-go-short-2027","oficial","19ª edição / 2027","Página ou regulamento consultado","confirmado na edição atual","confirmado","2026-10-04","2026-10-04","localização | atividade | categorias | duração | elegibilidade territorial | produção/conclusão | estreia | exibição online | pessoa autorizada a inscrever | taxas | abertura | encerramento | realização | relevância","Página oficial de prazos e taxas integralmente lida."
"chamada","festival-goshort-research-2026-call-music-video","festival-goshort","festival-goshort-source-2","Go Short 2027 — Short Film Competition Regulations","https://www.goshort.nl/media/sghjttzm/regulations-go-short-2027-short-film-competition.pdf?v=1","oficial","19ª edição / 2027","Página ou regulamento consultado","confirmado na edição atual","parcial","2026-10-04","2026-10-04","localização | atividade | categorias | duração | elegibilidade territorial | produção/conclusão | estreia | exibição online | pessoa autorizada a inscrever | taxas | abertura | encerramento | realização | relevância","PDF integralmente lido; contém referências residuais à 18ª edição e a prazo de cópia de 2026."
"chamada","festival-goshort-research-2026-call-music-video","festival-goshort","festival-goshort-source-3","Go Short 2027 — VR/XR Regulations","https://www.goshort.nl/media/lb0mcmxp/go-short-video-game-vr-xr-performances-installations-regulations-2027.pdf","oficial","19ª edição / 2027","Página ou regulamento consultado","confirmado na edição atual","confirmado","2026-10-04","2026-10-04","localização | atividade | categorias | duração | elegibilidade territorial | produção/conclusão | estreia | exibição online | pessoa autorizada a inscrever | taxas | abertura | encerramento | realização | relevância","PDF oficial integralmente lido."
"chamada","festival-goshort-research-2026-call-music-video","festival-goshort","festival-goshort-source-4","Go Short 2027 — Music Video Regulations","https://www.goshort.nl/media/qdagmo5b/go-short-music-video-competition-regulations-2027.pdf","oficial","19ª edição / 2027","Página ou regulamento consultado","confirmado na edição atual","confirmado","2026-10-04","2026-10-04","localização | atividade | categorias | duração | elegibilidade territorial | produção/conclusão | estreia | exibição online | pessoa autorizada a inscrever | taxas | abertura | encerramento | realização | relevância","PDF oficial integralmente lido."
"chamada","festival-goshort-research-2026-call-vr","festival-goshort","festival-goshort-source-1","Go Short 2027 — Call for Entry","https://www.goshort.nl/en/news-overview/call-for-entry-go-short-2027","oficial","19ª edição / 2027","Página ou regulamento consultado","confirmado na edição atual","confirmado","2026-10-04","2026-10-04","localização | atividade | categorias | duração | elegibilidade territorial | produção/conclusão | estreia | exibição online | pessoa autorizada a inscrever | taxas | abertura | encerramento | realização | relevância","Página oficial de prazos e taxas integralmente lida."
"chamada","festival-goshort-research-2026-call-vr","festival-goshort","festival-goshort-source-2","Go Short 2027 — Short Film Competition Regulations","https://www.goshort.nl/media/sghjttzm/regulations-go-short-2027-short-film-competition.pdf?v=1","oficial","19ª edição / 2027","Página ou regulamento consultado","confirmado na edição atual","parcial","2026-10-04","2026-10-04","localização | atividade | categorias | duração | elegibilidade territorial | produção/conclusão | estreia | exibição online | pessoa autorizada a inscrever | taxas | abertura | encerramento | realização | relevância","PDF integralmente lido; contém referências residuais à 18ª edição e a prazo de cópia de 2026."
"chamada","festival-goshort-research-2026-call-vr","festival-goshort","festival-goshort-source-3","Go Short 2027 — VR/XR Regulations","https://www.goshort.nl/media/lb0mcmxp/go-short-video-game-vr-xr-performances-installations-regulations-2027.pdf","oficial","19ª edição / 2027","Página ou regulamento consultado","confirmado na edição atual","confirmado","2026-10-04","2026-10-04","localização | atividade | categorias | duração | elegibilidade territorial | produção/conclusão | estreia | exibição online | pessoa autorizada a inscrever | taxas | abertura | encerramento | realização | relevância","PDF oficial integralmente lido."
"chamada","festival-goshort-research-2026-call-vr","festival-goshort","festival-goshort-source-4","Go Short 2027 — Music Video Regulations","https://www.goshort.nl/media/qdagmo5b/go-short-music-video-competition-regulations-2027.pdf","oficial","19ª edição / 2027","Página ou regulamento consultado","confirmado na edição atual","confirmado","2026-10-04","2026-10-04","localização | atividade | categorias | duração | elegibilidade territorial | produção/conclusão | estreia | exibição online | pessoa autorizada a inscrever | taxas | abertura | encerramento | realização | relevância","PDF oficial integralmente lido."
"chamada","festival-viennashorts-research-2026-general","festival-viennashorts","festival-viennashorts-source-1","Vienna Shorts 2027 — Submissions","https://www.viennashorts.com/en/submissions","oficial","24ª edição / 2027","Página ou regulamento consultado","confirmado na edição atual","confirmado","2026-10-04","2026-10-04","localização | atividade | categorias | duração | elegibilidade territorial | produção/conclusão | estreia | exibição online | pessoa autorizada a inscrever | taxas | abertura | encerramento | realização | relevância","Página oficial integralmente lida."
"chamada","festival-viennashorts-research-2026-general","festival-viennashorts","festival-viennashorts-source-2","Vienna Shorts 2027 — Submission Terms","https://www.viennashorts.com/assets/media/SubmissionTerms_ViennaShorts2027.pdf","oficial","24ª edição / 2027","Página ou regulamento consultado","confirmado na edição atual","confirmado","2026-10-04","2026-10-04","localização | atividade | categorias | duração | elegibilidade territorial | produção/conclusão | estreia | exibição online | pessoa autorizada a inscrever | taxas | abertura | encerramento | realização | relevância","PDF oficial de cinco páginas integralmente lido."
"chamada","festival-viennashorts-research-2026-call-animation-avantgarde","festival-viennashorts","festival-viennashorts-source-1","Vienna Shorts 2027 — Submissions","https://www.viennashorts.com/en/submissions","oficial","24ª edição / 2027","Página ou regulamento consultado","confirmado na edição atual","confirmado","2026-10-04","2026-10-04","localização | atividade | categorias | duração | elegibilidade territorial | produção/conclusão | estreia | exibição online | pessoa autorizada a inscrever | taxas | abertura | encerramento | realização | relevância","Página oficial integralmente lida."
"chamada","festival-viennashorts-research-2026-call-animation-avantgarde","festival-viennashorts","festival-viennashorts-source-2","Vienna Shorts 2027 — Submission Terms","https://www.viennashorts.com/assets/media/SubmissionTerms_ViennaShorts2027.pdf","oficial","24ª edição / 2027","Página ou regulamento consultado","confirmado na edição atual","confirmado","2026-10-04","2026-10-04","localização | atividade | categorias | duração | elegibilidade territorial | produção/conclusão | estreia | exibição online | pessoa autorizada a inscrever | taxas | abertura | encerramento | realização | relevância","PDF oficial de cinco páginas integralmente lido."
"chamada","festival-viennashorts-research-2026-call-austrian","festival-viennashorts","festival-viennashorts-source-1","Vienna Shorts 2027 — Submissions","https://www.viennashorts.com/en/submissions","oficial","24ª edição / 2027","Página ou regulamento consultado","confirmado na edição atual","confirmado","2026-10-04","2026-10-04","localização | atividade | categorias | duração | elegibilidade territorial | produção/conclusão | estreia | exibição online | pessoa autorizada a inscrever | taxas | abertura | encerramento | realização | relevância","Página oficial integralmente lida."
"chamada","festival-viennashorts-research-2026-call-austrian","festival-viennashorts","festival-viennashorts-source-2","Vienna Shorts 2027 — Submission Terms","https://www.viennashorts.com/assets/media/SubmissionTerms_ViennaShorts2027.pdf","oficial","24ª edição / 2027","Página ou regulamento consultado","confirmado na edição atual","confirmado","2026-10-04","2026-10-04","localização | atividade | categorias | duração | elegibilidade territorial | produção/conclusão | estreia | exibição online | pessoa autorizada a inscrever | taxas | abertura | encerramento | realização | relevância","PDF oficial de cinco páginas integralmente lido."
"chamada","festival-viennashorts-research-2026-call-music-video","festival-viennashorts","festival-viennashorts-source-1","Vienna Shorts 2027 — Submissions","https://www.viennashorts.com/en/submissions","oficial","24ª edição / 2027","Página ou regulamento consultado","confirmado na edição atual","confirmado","2026-10-04","2026-10-04","localização | atividade | categorias | duração | elegibilidade territorial | produção/conclusão | estreia | exibição online | pessoa autorizada a inscrever | taxas | abertura | encerramento | realização | relevância","Página oficial integralmente lida."
"chamada","festival-viennashorts-research-2026-call-music-video","festival-viennashorts","festival-viennashorts-source-2","Vienna Shorts 2027 — Submission Terms","https://www.viennashorts.com/assets/media/SubmissionTerms_ViennaShorts2027.pdf","oficial","24ª edição / 2027","Página ou regulamento consultado","confirmado na edição atual","confirmado","2026-10-04","2026-10-04","localização | atividade | categorias | duração | elegibilidade territorial | produção/conclusão | estreia | exibição online | pessoa autorizada a inscrever | taxas | abertura | encerramento | realização | relevância","PDF oficial de cinco páginas integralmente lido."
"chamada","festival-viennashorts-research-2026-call-noncompetitive","festival-viennashorts","festival-viennashorts-source-1","Vienna Shorts 2027 — Submissions","https://www.viennashorts.com/en/submissions","oficial","24ª edição / 2027","Página ou regulamento consultado","confirmado na edição atual","confirmado","2026-10-04","2026-10-04","localização | atividade | categorias | duração | elegibilidade territorial | produção/conclusão | estreia | exibição online | pessoa autorizada a inscrever | taxas | abertura | encerramento | realização | relevância","Página oficial integralmente lida."
"chamada","festival-viennashorts-research-2026-call-noncompetitive","festival-viennashorts","festival-viennashorts-source-2","Vienna Shorts 2027 — Submission Terms","https://www.viennashorts.com/assets/media/SubmissionTerms_ViennaShorts2027.pdf","oficial","24ª edição / 2027","Página ou regulamento consultado","confirmado na edição atual","confirmado","2026-10-04","2026-10-04","localização | atividade | categorias | duração | elegibilidade territorial | produção/conclusão | estreia | exibição online | pessoa autorizada a inscrever | taxas | abertura | encerramento | realização | relevância","PDF oficial de cinco páginas integralmente lido."
"chamada","festival-palmsprings-research-2027-general","festival-palmsprings","festival-palmsprings-source-1","Palm Springs International ShortFest 2027 — FilmFreeway","https://filmfreeway.com/PalmSpringsInternationalShortFest","plataforma de inscrição","edição 2027","Página ou regulamento consultado","confirmado na edição atual","confirmado","2026-10-04","2026-10-04","localização | atividade | categorias | duração | elegibilidade territorial | produção/conclusão | estreia | exibição online | pessoa autorizada a inscrever | taxas | abertura | encerramento | realização | relevância","Página oficial de inscrição e regras integralmente lida."
"chamada","festival-palmsprings-research-2027-call-animation","festival-palmsprings","festival-palmsprings-source-1","Palm Springs International ShortFest 2027 — FilmFreeway","https://filmfreeway.com/PalmSpringsInternationalShortFest","plataforma de inscrição","edição 2027","Página ou regulamento consultado","confirmado na edição atual","confirmado","2026-10-04","2026-10-04","localização | atividade | categorias | duração | elegibilidade territorial | produção/conclusão | estreia | exibição online | pessoa autorizada a inscrever | taxas | abertura | encerramento | realização | relevância","Página oficial de inscrição e regras integralmente lida."
"chamada","festival-palmsprings-research-2027-call-documentary","festival-palmsprings","festival-palmsprings-source-1","Palm Springs International ShortFest 2027 — FilmFreeway","https://filmfreeway.com/PalmSpringsInternationalShortFest","plataforma de inscrição","edição 2027","Página ou regulamento consultado","confirmado na edição atual","confirmado","2026-10-04","2026-10-04","localização | atividade | categorias | duração | elegibilidade territorial | produção/conclusão | estreia | exibição online | pessoa autorizada a inscrever | taxas | abertura | encerramento | realização | relevância","Página oficial de inscrição e regras integralmente lida."
"chamada","festival-aspen-research-2027-general","festival-aspen","festival-aspen-source-1","Aspen Shortsfest 2027 — FilmFreeway","https://filmfreeway.com/AspenShortsfest","plataforma de inscrição","edição 2027","Página ou regulamento consultado","confirmado na edição atual","confirmado","2026-10-04","2026-10-04","localização | atividade | categorias | duração | elegibilidade territorial | produção/conclusão | estreia | exibição online | pessoa autorizada a inscrever | taxas | abertura | encerramento | realização | relevância","Página oficial de inscrição e regras integralmente lida."
"chamada","festival-aspen-research-2027-call-comedy","festival-aspen","festival-aspen-source-1","Aspen Shortsfest 2027 — FilmFreeway","https://filmfreeway.com/AspenShortsfest","plataforma de inscrição","edição 2027","Página ou regulamento consultado","confirmado na edição atual","confirmado","2026-10-04","2026-10-04","localização | atividade | categorias | duração | elegibilidade territorial | produção/conclusão | estreia | exibição online | pessoa autorizada a inscrever | taxas | abertura | encerramento | realização | relevância","Página oficial de inscrição e regras integralmente lida."
"chamada","festival-aspen-research-2027-call-drama","festival-aspen","festival-aspen-source-1","Aspen Shortsfest 2027 — FilmFreeway","https://filmfreeway.com/AspenShortsfest","plataforma de inscrição","edição 2027","Página ou regulamento consultado","confirmado na edição atual","confirmado","2026-10-04","2026-10-04","localização | atividade | categorias | duração | elegibilidade territorial | produção/conclusão | estreia | exibição online | pessoa autorizada a inscrever | taxas | abertura | encerramento | realização | relevância","Página oficial de inscrição e regras integralmente lida."
"chamada","festival-aspen-research-2027-call-documentary","festival-aspen","festival-aspen-source-1","Aspen Shortsfest 2027 — FilmFreeway","https://filmfreeway.com/AspenShortsfest","plataforma de inscrição","edição 2027","Página ou regulamento consultado","confirmado na edição atual","confirmado","2026-10-04","2026-10-04","localização | atividade | categorias | duração | elegibilidade territorial | produção/conclusão | estreia | exibição online | pessoa autorizada a inscrever | taxas | abertura | encerramento | realização | relevância","Página oficial de inscrição e regras integralmente lida."
"chamada","festival-aspen-research-2027-call-student","festival-aspen","festival-aspen-source-1","Aspen Shortsfest 2027 — FilmFreeway","https://filmfreeway.com/AspenShortsfest","plataforma de inscrição","edição 2027","Página ou regulamento consultado","confirmado na edição atual","confirmado","2026-10-04","2026-10-04","localização | atividade | categorias | duração | elegibilidade territorial | produção/conclusão | estreia | exibição online | pessoa autorizada a inscrever | taxas | abertura | encerramento | realização | relevância","Página oficial de inscrição e regras integralmente lida."
"chamada","festival-cannes-research-2026-category-1","festival-cannes","festival-cannes-source-1","Cannes 2026 — Short Films in Competition Regulations","https://www.festival-cannes.com/en/take-part/submit-a-film/regulations-for-short-films-in-competition/","oficial","79ª edição / 2026","Página ou regulamento consultado","confirmado na edição atual","confirmado","2026-10-04","2026-10-04","localização | atividade | categorias | duração | elegibilidade territorial | produção/conclusão | estreia | exibição online | pessoa autorizada a inscrever | taxas | abertura | encerramento | realização | relevância","Regulamento oficial integralmente lido."
"chamada","festival-cannes-research-2026-category-1","festival-cannes","festival-cannes-source-2","Cannes 2026 — Submit a Film","https://www.festival-cannes.com/en/take-part/submit-a-film/","oficial","79ª edição / 2026","Página ou regulamento consultado","confirmado na edição atual","confirmado","2026-10-04","2026-10-04","localização | atividade | categorias | duração | elegibilidade territorial | produção/conclusão | estreia | exibição online | pessoa autorizada a inscrever | taxas | abertura | encerramento | realização | relevância","Página oficial de categorias, prazos e envio integralmente lida."
"chamada","festival-cannes-research-2026-call-official-feature","festival-cannes","festival-cannes-source-1","Cannes 2026 — Short Films in Competition Regulations","https://www.festival-cannes.com/en/take-part/submit-a-film/regulations-for-short-films-in-competition/","oficial","79ª edição / 2026","Página ou regulamento consultado","confirmado na edição atual","confirmado","2026-10-04","2026-10-04","localização | atividade | categorias | duração | elegibilidade territorial | produção/conclusão | estreia | exibição online | pessoa autorizada a inscrever | taxas | abertura | encerramento | realização | relevância","Regulamento oficial integralmente lido."
"chamada","festival-cannes-research-2026-call-official-feature","festival-cannes","festival-cannes-source-2","Cannes 2026 — Submit a Film","https://www.festival-cannes.com/en/take-part/submit-a-film/","oficial","79ª edição / 2026","Página ou regulamento consultado","confirmado na edição atual","confirmado","2026-10-04","2026-10-04","localização | atividade | categorias | duração | elegibilidade territorial | produção/conclusão | estreia | exibição online | pessoa autorizada a inscrever | taxas | abertura | encerramento | realização | relevância","Página oficial de categorias, prazos e envio integralmente lida."
"chamada","festival-berlinale-research-2026-general","festival-berlinale","festival-berlinale-source-1","Berlinale 2027 — Film Entry Guidelines","https://www.berlinale.de/en/film-entry/guidelines.html","oficial","77ª edição / 2027","Página ou regulamento consultado","não localizado","parcial","2026-10-04","2026-10-04","atividade | categorias | duração | produção/conclusão | estreia | taxas | encerramento","Endpoint oficial retornou indisponibilidade/503 nas tentativas de 4/10/2026; texto integral não recuperado."
"chamada","festival-berlinale-research-2026-general","festival-berlinale","festival-berlinale-source-2","Berlinale 2027 — comunicado oficial de abertura","https://www.linkedin.com/posts/berlinale_berlinale77-filmentry-activity-7364255737140535297-N2kd","oficial","77ª edição / 2027","Página ou regulamento consultado","confirmado na edição atual","parcial","2026-10-04","2026-10-04","atividade | abertura | encerramento | realização","Comunicado oficial confirma submissões e datas; não substitui o regulamento."
"chamada","festival-berlinale-research-2026-general","festival-berlinale","festival-berlinale-source-3","Catalan Films — Berlinale 2027","https://catalanfilms.cat/ca/alertes/tramesa-berlinale-2027","fonte secundária","77ª edição / 2027","Página ou regulamento consultado","confirmado na edição atual","parcial","2026-10-04","2026-10-04","categorias | duração | produção/conclusão | estreia | taxas","Agência pública parceira resume limites, estreias e taxas; mantidos como parciais enquanto a fonte normativa está inacessível."
"chamada","festival-berlinale-research-2026-call-short","festival-berlinale","festival-berlinale-source-1","Berlinale 2027 — Film Entry Guidelines","https://www.berlinale.de/en/film-entry/guidelines.html","oficial","77ª edição / 2027","Página ou regulamento consultado","não localizado","parcial","2026-10-04","2026-10-04","atividade | categorias | duração | produção/conclusão | estreia | taxas | encerramento","Endpoint oficial retornou indisponibilidade/503 nas tentativas de 4/10/2026; texto integral não recuperado."
"chamada","festival-berlinale-research-2026-call-short","festival-berlinale","festival-berlinale-source-2","Berlinale 2027 — comunicado oficial de abertura","https://www.linkedin.com/posts/berlinale_berlinale77-filmentry-activity-7364255737140535297-N2kd","oficial","77ª edição / 2027","Página ou regulamento consultado","confirmado na edição atual","parcial","2026-10-04","2026-10-04","atividade | abertura | encerramento | realização","Comunicado oficial confirma submissões e datas; não substitui o regulamento."
"chamada","festival-berlinale-research-2026-call-short","festival-berlinale","festival-berlinale-source-3","Catalan Films — Berlinale 2027","https://catalanfilms.cat/ca/alertes/tramesa-berlinale-2027","fonte secundária","77ª edição / 2027","Página ou regulamento consultado","confirmado na edição atual","parcial","2026-10-04","2026-10-04","categorias | duração | produção/conclusão | estreia | taxas","Agência pública parceira resume limites, estreias e taxas; mantidos como parciais enquanto a fonte normativa está inacessível."
"chamada","festival-berlinale-research-2026-call-generation","festival-berlinale","festival-berlinale-source-1","Berlinale 2027 — Film Entry Guidelines","https://www.berlinale.de/en/film-entry/guidelines.html","oficial","77ª edição / 2027","Página ou regulamento consultado","não localizado","parcial","2026-10-04","2026-10-04","atividade | categorias | duração | produção/conclusão | estreia | taxas | encerramento","Endpoint oficial retornou indisponibilidade/503 nas tentativas de 4/10/2026; texto integral não recuperado."
"chamada","festival-berlinale-research-2026-call-generation","festival-berlinale","festival-berlinale-source-2","Berlinale 2027 — comunicado oficial de abertura","https://www.linkedin.com/posts/berlinale_berlinale77-filmentry-activity-7364255737140535297-N2kd","oficial","77ª edição / 2027","Página ou regulamento consultado","confirmado na edição atual","parcial","2026-10-04","2026-10-04","atividade | abertura | encerramento | realização","Comunicado oficial confirma submissões e datas; não substitui o regulamento."
"chamada","festival-berlinale-research-2026-call-generation","festival-berlinale","festival-berlinale-source-3","Catalan Films — Berlinale 2027","https://catalanfilms.cat/ca/alertes/tramesa-berlinale-2027","fonte secundária","77ª edição / 2027","Página ou regulamento consultado","confirmado na edição atual","parcial","2026-10-04","2026-10-04","categorias | duração | produção/conclusão | estreia | taxas","Agência pública parceira resume limites, estreias e taxas; mantidos como parciais enquanto a fonte normativa está inacessível."
"chamada","festival-locarno-research-2027-general","festival-locarno","festival-locarno-source-1","Locarno 2026 — Film Submission","https://www.locarnofestival.ch/Film-Submission.html","oficial","79ª edição / 2026","Página ou regulamento consultado","não localizado","parcial","2026-10-04","2026-10-04","categorias | duração | estreia | taxas | encerramento","Página normativa oficial retornou bloqueio HTTP 402 nas tentativas de 4/10/2026."
"chamada","festival-locarno-research-2027-general","festival-locarno","festival-locarno-source-2","Locarno Film Festival — submission hub","https://www.locarnofestival.ch/en/festival/film-submission","oficial","79ª edição / 2026","Página ou regulamento consultado","confirmado na edição atual","parcial","2026-10-04","2026-10-04","atividade | categorias","Hub oficial localizado, mas regras integrais não foram recuperadas."
"chamada","festival-locarno-research-2027-general","festival-locarno","festival-locarno-source-3","Czech Film Center — Locarno 2026 open call","https://filmcenter.cz/en/news/2164-open-call-locarno-film-festival-2026","fonte secundária","79ª edição / 2026","Página ou regulamento consultado","confirmado na edição atual","parcial","2026-10-04","2026-10-04","categorias | duração | taxas | encerramento | realização","Agência cinematográfica pública resume a chamada; dados não promovidos a confirmação integral."
"chamada","festival-locarno-research-2027-call-pardi","festival-locarno","festival-locarno-source-1","Locarno 2026 — Film Submission","https://www.locarnofestival.ch/Film-Submission.html","oficial","79ª edição / 2026","Página ou regulamento consultado","não localizado","parcial","2026-10-04","2026-10-04","categorias | duração | estreia | taxas | encerramento","Página normativa oficial retornou bloqueio HTTP 402 nas tentativas de 4/10/2026."
"chamada","festival-locarno-research-2027-call-pardi","festival-locarno","festival-locarno-source-2","Locarno Film Festival — submission hub","https://www.locarnofestival.ch/en/festival/film-submission","oficial","79ª edição / 2026","Página ou regulamento consultado","confirmado na edição atual","parcial","2026-10-04","2026-10-04","atividade | categorias","Hub oficial localizado, mas regras integrais não foram recuperadas."
"chamada","festival-locarno-research-2027-call-pardi","festival-locarno","festival-locarno-source-3","Czech Film Center — Locarno 2026 open call","https://filmcenter.cz/en/news/2164-open-call-locarno-film-festival-2026","fonte secundária","79ª edição / 2026","Página ou regulamento consultado","confirmado na edição atual","parcial","2026-10-04","2026-10-04","categorias | duração | taxas | encerramento | realização","Agência cinematográfica pública resume a chamada; dados não promovidos a confirmação integral."
"chamada","festival-venezia-research-2026-general","festival-venezia","festival-venezia-source-1","Venice 2026 — 83rd Festival Regulations","https://static.labiennale.org/files/cinema/2026/Documenti/regulations-83.pdf","oficial","83ª edição / 2026","Página ou regulamento consultado","confirmado na edição atual","confirmado","2026-10-04","2026-10-04","localização | atividade | categorias | duração | elegibilidade territorial | produção/conclusão | estreia | exibição online | pessoa autorizada a inscrever | taxas | abertura | encerramento | realização | relevância","PDF oficial integralmente lido."
"chamada","festival-venezia-research-2026-general","festival-venezia","festival-venezia-source-2","Venice 2026 — Film Submission","https://web9.labiennale.org/Selezione26/One?culture=en","oficial","83ª edição / 2026","Página ou regulamento consultado","confirmado na edição atual","confirmado","2026-10-04","2026-10-04","localização | atividade | categorias | duração | elegibilidade territorial | produção/conclusão | estreia | exibição online | pessoa autorizada a inscrever | taxas | abertura | encerramento | realização | relevância","Formulário oficial de inscrição consultado."
"chamada","festival-venezia-research-2026-general","festival-venezia","festival-venezia-source-3","Venice 2026 — Information","https://www.labiennale.org/en/cinema/2026/information","oficial","83ª edição / 2026","Página ou regulamento consultado","confirmado na edição atual","confirmado","2026-10-04","2026-10-04","localização | atividade | categorias | duração | elegibilidade territorial | produção/conclusão | estreia | exibição online | pessoa autorizada a inscrever | taxas | abertura | encerramento | realização | relevância","Página oficial de datas e informações consultada."
"chamada","festival-venezia-research-2026-call-orizzonti-short","festival-venezia","festival-venezia-source-1","Venice 2026 — 83rd Festival Regulations","https://static.labiennale.org/files/cinema/2026/Documenti/regulations-83.pdf","oficial","83ª edição / 2026","Página ou regulamento consultado","confirmado na edição atual","confirmado","2026-10-04","2026-10-04","localização | atividade | categorias | duração | elegibilidade territorial | produção/conclusão | estreia | exibição online | pessoa autorizada a inscrever | taxas | abertura | encerramento | realização | relevância","PDF oficial integralmente lido."
"chamada","festival-venezia-research-2026-call-orizzonti-short","festival-venezia","festival-venezia-source-2","Venice 2026 — Film Submission","https://web9.labiennale.org/Selezione26/One?culture=en","oficial","83ª edição / 2026","Página ou regulamento consultado","confirmado na edição atual","confirmado","2026-10-04","2026-10-04","localização | atividade | categorias | duração | elegibilidade territorial | produção/conclusão | estreia | exibição online | pessoa autorizada a inscrever | taxas | abertura | encerramento | realização | relevância","Formulário oficial de inscrição consultado."
"chamada","festival-venezia-research-2026-call-orizzonti-short","festival-venezia","festival-venezia-source-3","Venice 2026 — Information","https://www.labiennale.org/en/cinema/2026/information","oficial","83ª edição / 2026","Página ou regulamento consultado","confirmado na edição atual","confirmado","2026-10-04","2026-10-04","localização | atividade | categorias | duração | elegibilidade territorial | produção/conclusão | estreia | exibição online | pessoa autorizada a inscrever | taxas | abertura | encerramento | realização | relevância","Página oficial de datas e informações consultada."
"chamada","festival-sansebastian-research-2026-general","festival-sansebastian","festival-sansebastian-source-1","San Sebastián 2026 — General Rules","https://www.sansebastianfestival.com/2026/film_registration/rules_and_regulations/1/23002/in","oficial","74ª edição / 2026","Página ou regulamento consultado","confirmado na edição atual","confirmado","2026-10-04","2026-10-04","localização | atividade | categorias | duração | elegibilidade territorial | produção/conclusão | estreia | exibição online | pessoa autorizada a inscrever | taxas | abertura | encerramento | realização | relevância","Regras gerais integralmente lidas."
"chamada","festival-sansebastian-research-2026-general","festival-sansebastian","festival-sansebastian-source-2","San Sebastián 2026 — Official Selection","https://www.sansebastianfestival.com/2026/film_registration/rules_and_regulations/1/23003/in","oficial","74ª edição / 2026","Página ou regulamento consultado","confirmado na edição atual","confirmado","2026-10-04","2026-10-04","localização | atividade | categorias | duração | elegibilidade territorial | produção/conclusão | estreia | exibição online | pessoa autorizada a inscrever | taxas | abertura | encerramento | realização | relevância","Regulamento da Seleção Oficial integralmente lido."
"chamada","festival-sansebastian-research-2026-general","festival-sansebastian","festival-sansebastian-source-3","San Sebastián 2026 — New Directors","https://www.sansebastianfestival.com/2026/film_registration/rules_and_regulations/1/23004/in","oficial","74ª edição / 2026","Página ou regulamento consultado","confirmado na edição atual","confirmado","2026-10-04","2026-10-04","localização | atividade | categorias | duração | elegibilidade territorial | produção/conclusão | estreia | exibição online | pessoa autorizada a inscrever | taxas | abertura | encerramento | realização | relevância","Regulamento integralmente lido."
"chamada","festival-sansebastian-research-2026-general","festival-sansebastian","festival-sansebastian-source-4","San Sebastián 2026 — Horizontes Latinos","https://www.sansebastianfestival.com/2026/film_registration/rules_and_regulations/1/23005/in","oficial","74ª edição / 2026","Página ou regulamento consultado","confirmado na edição atual","confirmado","2026-10-04","2026-10-04","localização | atividade | categorias | duração | elegibilidade territorial | produção/conclusão | estreia | exibição online | pessoa autorizada a inscrever | taxas | abertura | encerramento | realização | relevância","Regulamento integralmente lido."
"chamada","festival-sansebastian-research-2026-call-new-directors","festival-sansebastian","festival-sansebastian-source-1","San Sebastián 2026 — General Rules","https://www.sansebastianfestival.com/2026/film_registration/rules_and_regulations/1/23002/in","oficial","74ª edição / 2026","Página ou regulamento consultado","confirmado na edição atual","confirmado","2026-10-04","2026-10-04","localização | atividade | categorias | duração | elegibilidade territorial | produção/conclusão | estreia | exibição online | pessoa autorizada a inscrever | taxas | abertura | encerramento | realização | relevância","Regras gerais integralmente lidas."
"chamada","festival-sansebastian-research-2026-call-new-directors","festival-sansebastian","festival-sansebastian-source-2","San Sebastián 2026 — Official Selection","https://www.sansebastianfestival.com/2026/film_registration/rules_and_regulations/1/23003/in","oficial","74ª edição / 2026","Página ou regulamento consultado","confirmado na edição atual","confirmado","2026-10-04","2026-10-04","localização | atividade | categorias | duração | elegibilidade territorial | produção/conclusão | estreia | exibição online | pessoa autorizada a inscrever | taxas | abertura | encerramento | realização | relevância","Regulamento da Seleção Oficial integralmente lido."
"chamada","festival-sansebastian-research-2026-call-new-directors","festival-sansebastian","festival-sansebastian-source-3","San Sebastián 2026 — New Directors","https://www.sansebastianfestival.com/2026/film_registration/rules_and_regulations/1/23004/in","oficial","74ª edição / 2026","Página ou regulamento consultado","confirmado na edição atual","confirmado","2026-10-04","2026-10-04","localização | atividade | categorias | duração | elegibilidade territorial | produção/conclusão | estreia | exibição online | pessoa autorizada a inscrever | taxas | abertura | encerramento | realização | relevância","Regulamento integralmente lido."
"chamada","festival-sansebastian-research-2026-call-new-directors","festival-sansebastian","festival-sansebastian-source-4","San Sebastián 2026 — Horizontes Latinos","https://www.sansebastianfestival.com/2026/film_registration/rules_and_regulations/1/23005/in","oficial","74ª edição / 2026","Página ou regulamento consultado","confirmado na edição atual","confirmado","2026-10-04","2026-10-04","localização | atividade | categorias | duração | elegibilidade territorial | produção/conclusão | estreia | exibição online | pessoa autorizada a inscrever | taxas | abertura | encerramento | realização | relevância","Regulamento integralmente lido."
"chamada","festival-sansebastian-research-2026-call-horizontes","festival-sansebastian","festival-sansebastian-source-1","San Sebastián 2026 — General Rules","https://www.sansebastianfestival.com/2026/film_registration/rules_and_regulations/1/23002/in","oficial","74ª edição / 2026","Página ou regulamento consultado","confirmado na edição atual","confirmado","2026-10-04","2026-10-04","localização | atividade | categorias | duração | elegibilidade territorial | produção/conclusão | estreia | exibição online | pessoa autorizada a inscrever | taxas | abertura | encerramento | realização | relevância","Regras gerais integralmente lidas."
"chamada","festival-sansebastian-research-2026-call-horizontes","festival-sansebastian","festival-sansebastian-source-2","San Sebastián 2026 — Official Selection","https://www.sansebastianfestival.com/2026/film_registration/rules_and_regulations/1/23003/in","oficial","74ª edição / 2026","Página ou regulamento consultado","confirmado na edição atual","confirmado","2026-10-04","2026-10-04","localização | atividade | categorias | duração | elegibilidade territorial | produção/conclusão | estreia | exibição online | pessoa autorizada a inscrever | taxas | abertura | encerramento | realização | relevância","Regulamento da Seleção Oficial integralmente lido."
"chamada","festival-sansebastian-research-2026-call-horizontes","festival-sansebastian","festival-sansebastian-source-3","San Sebastián 2026 — New Directors","https://www.sansebastianfestival.com/2026/film_registration/rules_and_regulations/1/23004/in","oficial","74ª edição / 2026","Página ou regulamento consultado","confirmado na edição atual","confirmado","2026-10-04","2026-10-04","localização | atividade | categorias | duração | elegibilidade territorial | produção/conclusão | estreia | exibição online | pessoa autorizada a inscrever | taxas | abertura | encerramento | realização | relevância","Regulamento integralmente lido."
"chamada","festival-sansebastian-research-2026-call-horizontes","festival-sansebastian","festival-sansebastian-source-4","San Sebastián 2026 — Horizontes Latinos","https://www.sansebastianfestival.com/2026/film_registration/rules_and_regulations/1/23005/in","oficial","74ª edição / 2026","Página ou regulamento consultado","confirmado na edição atual","confirmado","2026-10-04","2026-10-04","localização | atividade | categorias | duração | elegibilidade territorial | produção/conclusão | estreia | exibição online | pessoa autorizada a inscrever | taxas | abertura | encerramento | realização | relevância","Regulamento integralmente lido."
"chamada","festival-tiff-research-2026-general","festival-tiff","festival-tiff-source-1","Toronto International Film Festival 2026 — FilmFreeway","https://filmfreeway.com/TIFF","plataforma de inscrição","51ª edição / 2026","Página ou regulamento consultado","confirmado na edição atual","confirmado","2026-10-04","2026-10-04","localização | atividade | categorias | duração | elegibilidade territorial | produção/conclusão | estreia | exibição online | pessoa autorizada a inscrever | taxas | abertura | encerramento | realização | relevância","Termos, categorias, taxas e calendário oficiais integralmente lidos."
"chamada","festival-tiff-research-2026-call-international-feature","festival-tiff","festival-tiff-source-1","Toronto International Film Festival 2026 — FilmFreeway","https://filmfreeway.com/TIFF","plataforma de inscrição","51ª edição / 2026","Página ou regulamento consultado","confirmado na edição atual","confirmado","2026-10-04","2026-10-04","localização | atividade | categorias | duração | elegibilidade territorial | produção/conclusão | estreia | exibição online | pessoa autorizada a inscrever | taxas | abertura | encerramento | realização | relevância","Termos, categorias, taxas e calendário oficiais integralmente lidos."
"chamada","festival-tiff-research-2026-call-international-doc","festival-tiff","festival-tiff-source-1","Toronto International Film Festival 2026 — FilmFreeway","https://filmfreeway.com/TIFF","plataforma de inscrição","51ª edição / 2026","Página ou regulamento consultado","confirmado na edição atual","confirmado","2026-10-04","2026-10-04","localização | atividade | categorias | duração | elegibilidade territorial | produção/conclusão | estreia | exibição online | pessoa autorizada a inscrever | taxas | abertura | encerramento | realização | relevância","Termos, categorias, taxas e calendário oficiais integralmente lidos."
"chamada","festival-tiff-research-2026-call-canadian-short","festival-tiff","festival-tiff-source-1","Toronto International Film Festival 2026 — FilmFreeway","https://filmfreeway.com/TIFF","plataforma de inscrição","51ª edição / 2026","Página ou regulamento consultado","confirmado na edição atual","confirmado","2026-10-04","2026-10-04","localização | atividade | categorias | duração | elegibilidade territorial | produção/conclusão | estreia | exibição online | pessoa autorizada a inscrever | taxas | abertura | encerramento | realização | relevância","Termos, categorias, taxas e calendário oficiais integralmente lidos."
"chamada","festival-tiff-research-2026-call-primetime","festival-tiff","festival-tiff-source-1","Toronto International Film Festival 2026 — FilmFreeway","https://filmfreeway.com/TIFF","plataforma de inscrição","51ª edição / 2026","Página ou regulamento consultado","confirmado na edição atual","confirmado","2026-10-04","2026-10-04","localização | atividade | categorias | duração | elegibilidade territorial | produção/conclusão | estreia | exibição online | pessoa autorizada a inscrever | taxas | abertura | encerramento | realização | relevância","Termos, categorias, taxas e calendário oficiais integralmente lidos."
"chamada","festival-tribeca-research-2027-general","festival-tribeca","festival-tribeca-source-1","Tribeca 2027 — Entry Rules & Regulations v2","https://d13jj08vfqimqg.cloudfront.net/uploads/document/document/1918/2027_Tribeca_Festival_Entry_Rules___Regulations_v2.pdf","oficial","26ª edição / 2027","Página ou regulamento consultado","confirmado na edição atual","confirmado","2026-10-04","2026-10-04","localização | atividade | categorias | duração | elegibilidade territorial | produção/conclusão | estreia | exibição online | pessoa autorizada a inscrever | taxas | abertura | encerramento | realização | relevância","PDF oficial de 14 páginas integralmente lido."
"chamada","festival-tribeca-research-2027-general","festival-tribeca","festival-tribeca-source-2","Tribeca Festival 2027 — FilmFreeway","https://filmfreeway.com/TribecaFestival","plataforma de inscrição","26ª edição / 2027","Página ou regulamento consultado","confirmado na edição atual","confirmado","2026-10-04","2026-10-04","localização | atividade | categorias | duração | elegibilidade territorial | produção/conclusão | estreia | exibição online | pessoa autorizada a inscrever | taxas | abertura | encerramento | realização | relevância","Página oficial de inscrição consultada; eventual texto residual não prevalece sobre o PDF normativo."
"chamada","festival-tribeca-research-2027-call-short","festival-tribeca","festival-tribeca-source-1","Tribeca 2027 — Entry Rules & Regulations v2","https://d13jj08vfqimqg.cloudfront.net/uploads/document/document/1918/2027_Tribeca_Festival_Entry_Rules___Regulations_v2.pdf","oficial","26ª edição / 2027","Página ou regulamento consultado","confirmado na edição atual","confirmado","2026-10-04","2026-10-04","localização | atividade | categorias | duração | elegibilidade territorial | produção/conclusão | estreia | exibição online | pessoa autorizada a inscrever | taxas | abertura | encerramento | realização | relevância","PDF oficial de 14 páginas integralmente lido."
"chamada","festival-tribeca-research-2027-call-short","festival-tribeca","festival-tribeca-source-2","Tribeca Festival 2027 — FilmFreeway","https://filmfreeway.com/TribecaFestival","plataforma de inscrição","26ª edição / 2027","Página ou regulamento consultado","confirmado na edição atual","confirmado","2026-10-04","2026-10-04","localização | atividade | categorias | duração | elegibilidade territorial | produção/conclusão | estreia | exibição online | pessoa autorizada a inscrever | taxas | abertura | encerramento | realização | relevância","Página oficial de inscrição consultada; eventual texto residual não prevalece sobre o PDF normativo."
"chamada","festival-tribeca-research-2027-call-music-video","festival-tribeca","festival-tribeca-source-1","Tribeca 2027 — Entry Rules & Regulations v2","https://d13jj08vfqimqg.cloudfront.net/uploads/document/document/1918/2027_Tribeca_Festival_Entry_Rules___Regulations_v2.pdf","oficial","26ª edição / 2027","Página ou regulamento consultado","confirmado na edição atual","confirmado","2026-10-04","2026-10-04","localização | atividade | categorias | duração | elegibilidade territorial | produção/conclusão | estreia | exibição online | pessoa autorizada a inscrever | taxas | abertura | encerramento | realização | relevância","PDF oficial de 14 páginas integralmente lido."
"chamada","festival-tribeca-research-2027-call-music-video","festival-tribeca","festival-tribeca-source-2","Tribeca Festival 2027 — FilmFreeway","https://filmfreeway.com/TribecaFestival","plataforma de inscrição","26ª edição / 2027","Página ou regulamento consultado","confirmado na edição atual","confirmado","2026-10-04","2026-10-04","localização | atividade | categorias | duração | elegibilidade territorial | produção/conclusão | estreia | exibição online | pessoa autorizada a inscrever | taxas | abertura | encerramento | realização | relevância","Página oficial de inscrição consultada; eventual texto residual não prevalece sobre o PDF normativo."
"chamada","festival-tribeca-research-2027-call-tv","festival-tribeca","festival-tribeca-source-1","Tribeca 2027 — Entry Rules & Regulations v2","https://d13jj08vfqimqg.cloudfront.net/uploads/document/document/1918/2027_Tribeca_Festival_Entry_Rules___Regulations_v2.pdf","oficial","26ª edição / 2027","Página ou regulamento consultado","confirmado na edição atual","confirmado","2026-10-04","2026-10-04","localização | atividade | categorias | duração | elegibilidade territorial | produção/conclusão | estreia | exibição online | pessoa autorizada a inscrever | taxas | abertura | encerramento | realização | relevância","PDF oficial de 14 páginas integralmente lido."
"chamada","festival-tribeca-research-2027-call-tv","festival-tribeca","festival-tribeca-source-2","Tribeca Festival 2027 — FilmFreeway","https://filmfreeway.com/TribecaFestival","plataforma de inscrição","26ª edição / 2027","Página ou regulamento consultado","confirmado na edição atual","confirmado","2026-10-04","2026-10-04","localização | atividade | categorias | duração | elegibilidade territorial | produção/conclusão | estreia | exibição online | pessoa autorizada a inscrever | taxas | abertura | encerramento | realização | relevância","Página oficial de inscrição consultada; eventual texto residual não prevalece sobre o PDF normativo."
"chamada","festival-sxsw-research-2027-general","festival-sxsw","festival-sxsw-source-1","SXSW 2027 — Film & TV Submissions","https://sxsw.com/film-submissions/","oficial","edição 2027","Página ou regulamento consultado","confirmado na edição atual","confirmado","2026-10-04","2026-10-04","localização | atividade | categorias | duração | elegibilidade territorial | produção/conclusão | estreia | exibição online | pessoa autorizada a inscrever | taxas | abertura | encerramento | realização | relevância","Página oficial de categorias e calendário integralmente lida."
"chamada","festival-sxsw-research-2027-general","festival-sxsw","festival-sxsw-source-2","SXSW 2027 — Submission Fees","https://support.sxsw.com/hc/en-us/articles/206421075-What-are-the-submission-fees-for-the-SXSW-Film-TV-Festival","oficial","edição 2027","Página ou regulamento consultado","confirmado na edição atual","confirmado","2026-10-04","2026-10-04","localização | atividade | categorias | duração | elegibilidade territorial | produção/conclusão | estreia | exibição online | pessoa autorizada a inscrever | taxas | abertura | encerramento | realização | relevância","Página oficial de taxas integralmente lida."
"chamada","festival-sxsw-research-2027-general","festival-sxsw","festival-sxsw-source-3","SXSW — Premiere and Eligibility","https://support.sxsw.com/hc/en-us/articles/115003368603-What-are-the-SXSW-Film-TV-Festival-premiere-and-eligibility-policies","oficial","edição 2027","Página ou regulamento consultado","confirmado na edição atual","confirmado","2026-10-04","2026-10-04","localização | atividade | categorias | duração | elegibilidade territorial | produção/conclusão | estreia | exibição online | pessoa autorizada a inscrever | taxas | abertura | encerramento | realização | relevância","Política oficial de elegibilidade integralmente lida."
"chamada","festival-sxsw-research-2027-general","festival-sxsw","festival-sxsw-source-4","SXSW — Runtimes","https://support.sxsw.com/hc/en-us/articles/206421145-What-are-the-runtimes-for-all-submission-categories","oficial","edição 2027","Página ou regulamento consultado","confirmado na edição atual","confirmado","2026-10-04","2026-10-04","localização | atividade | categorias | duração | elegibilidade territorial | produção/conclusão | estreia | exibição online | pessoa autorizada a inscrever | taxas | abertura | encerramento | realização | relevância","FAQ oficial de durações lida; preservado conflito com os formulários atuais."
"chamada","festival-sxsw-research-2027-call-doc-feature","festival-sxsw","festival-sxsw-source-1","SXSW 2027 — Film & TV Submissions","https://sxsw.com/film-submissions/","oficial","edição 2027","Página ou regulamento consultado","confirmado na edição atual","confirmado","2026-10-04","2026-10-04","localização | atividade | categorias | duração | elegibilidade territorial | produção/conclusão | estreia | exibição online | pessoa autorizada a inscrever | taxas | abertura | encerramento | realização | relevância","Página oficial de categorias e calendário integralmente lida."
"chamada","festival-sxsw-research-2027-call-doc-feature","festival-sxsw","festival-sxsw-source-2","SXSW 2027 — Submission Fees","https://support.sxsw.com/hc/en-us/articles/206421075-What-are-the-submission-fees-for-the-SXSW-Film-TV-Festival","oficial","edição 2027","Página ou regulamento consultado","confirmado na edição atual","confirmado","2026-10-04","2026-10-04","localização | atividade | categorias | duração | elegibilidade territorial | produção/conclusão | estreia | exibição online | pessoa autorizada a inscrever | taxas | abertura | encerramento | realização | relevância","Página oficial de taxas integralmente lida."
"chamada","festival-sxsw-research-2027-call-doc-feature","festival-sxsw","festival-sxsw-source-3","SXSW — Premiere and Eligibility","https://support.sxsw.com/hc/en-us/articles/115003368603-What-are-the-SXSW-Film-TV-Festival-premiere-and-eligibility-policies","oficial","edição 2027","Página ou regulamento consultado","confirmado na edição atual","confirmado","2026-10-04","2026-10-04","localização | atividade | categorias | duração | elegibilidade territorial | produção/conclusão | estreia | exibição online | pessoa autorizada a inscrever | taxas | abertura | encerramento | realização | relevância","Política oficial de elegibilidade integralmente lida."
"chamada","festival-sxsw-research-2027-call-doc-feature","festival-sxsw","festival-sxsw-source-4","SXSW — Runtimes","https://support.sxsw.com/hc/en-us/articles/206421145-What-are-the-runtimes-for-all-submission-categories","oficial","edição 2027","Página ou regulamento consultado","confirmado na edição atual","confirmado","2026-10-04","2026-10-04","localização | atividade | categorias | duração | elegibilidade territorial | produção/conclusão | estreia | exibição online | pessoa autorizada a inscrever | taxas | abertura | encerramento | realização | relevância","FAQ oficial de durações lida; preservado conflito com os formulários atuais."
"chamada","festival-sxsw-research-2027-call-short","festival-sxsw","festival-sxsw-source-1","SXSW 2027 — Film & TV Submissions","https://sxsw.com/film-submissions/","oficial","edição 2027","Página ou regulamento consultado","confirmado na edição atual","confirmado","2026-10-04","2026-10-04","localização | atividade | categorias | duração | elegibilidade territorial | produção/conclusão | estreia | exibição online | pessoa autorizada a inscrever | taxas | abertura | encerramento | realização | relevância","Página oficial de categorias e calendário integralmente lida."
"chamada","festival-sxsw-research-2027-call-short","festival-sxsw","festival-sxsw-source-2","SXSW 2027 — Submission Fees","https://support.sxsw.com/hc/en-us/articles/206421075-What-are-the-submission-fees-for-the-SXSW-Film-TV-Festival","oficial","edição 2027","Página ou regulamento consultado","confirmado na edição atual","confirmado","2026-10-04","2026-10-04","localização | atividade | categorias | duração | elegibilidade territorial | produção/conclusão | estreia | exibição online | pessoa autorizada a inscrever | taxas | abertura | encerramento | realização | relevância","Página oficial de taxas integralmente lida."
"chamada","festival-sxsw-research-2027-call-short","festival-sxsw","festival-sxsw-source-3","SXSW — Premiere and Eligibility","https://support.sxsw.com/hc/en-us/articles/115003368603-What-are-the-SXSW-Film-TV-Festival-premiere-and-eligibility-policies","oficial","edição 2027","Página ou regulamento consultado","confirmado na edição atual","confirmado","2026-10-04","2026-10-04","localização | atividade | categorias | duração | elegibilidade territorial | produção/conclusão | estreia | exibição online | pessoa autorizada a inscrever | taxas | abertura | encerramento | realização | relevância","Política oficial de elegibilidade integralmente lida."
"chamada","festival-sxsw-research-2027-call-short","festival-sxsw","festival-sxsw-source-4","SXSW — Runtimes","https://support.sxsw.com/hc/en-us/articles/206421145-What-are-the-runtimes-for-all-submission-categories","oficial","edição 2027","Página ou regulamento consultado","confirmado na edição atual","confirmado","2026-10-04","2026-10-04","localização | atividade | categorias | duração | elegibilidade territorial | produção/conclusão | estreia | exibição online | pessoa autorizada a inscrever | taxas | abertura | encerramento | realização | relevância","FAQ oficial de durações lida; preservado conflito com os formulários atuais."
"chamada","festival-sxsw-research-2027-call-music-video","festival-sxsw","festival-sxsw-source-1","SXSW 2027 — Film & TV Submissions","https://sxsw.com/film-submissions/","oficial","edição 2027","Página ou regulamento consultado","confirmado na edição atual","confirmado","2026-10-04","2026-10-04","localização | atividade | categorias | duração | elegibilidade territorial | produção/conclusão | estreia | exibição online | pessoa autorizada a inscrever | taxas | abertura | encerramento | realização | relevância","Página oficial de categorias e calendário integralmente lida."
"chamada","festival-sxsw-research-2027-call-music-video","festival-sxsw","festival-sxsw-source-2","SXSW 2027 — Submission Fees","https://support.sxsw.com/hc/en-us/articles/206421075-What-are-the-submission-fees-for-the-SXSW-Film-TV-Festival","oficial","edição 2027","Página ou regulamento consultado","confirmado na edição atual","confirmado","2026-10-04","2026-10-04","localização | atividade | categorias | duração | elegibilidade territorial | produção/conclusão | estreia | exibição online | pessoa autorizada a inscrever | taxas | abertura | encerramento | realização | relevância","Página oficial de taxas integralmente lida."
"chamada","festival-sxsw-research-2027-call-music-video","festival-sxsw","festival-sxsw-source-3","SXSW — Premiere and Eligibility","https://support.sxsw.com/hc/en-us/articles/115003368603-What-are-the-SXSW-Film-TV-Festival-premiere-and-eligibility-policies","oficial","edição 2027","Página ou regulamento consultado","confirmado na edição atual","confirmado","2026-10-04","2026-10-04","localização | atividade | categorias | duração | elegibilidade territorial | produção/conclusão | estreia | exibição online | pessoa autorizada a inscrever | taxas | abertura | encerramento | realização | relevância","Política oficial de elegibilidade integralmente lida."
"chamada","festival-sxsw-research-2027-call-music-video","festival-sxsw","festival-sxsw-source-4","SXSW — Runtimes","https://support.sxsw.com/hc/en-us/articles/206421145-What-are-the-runtimes-for-all-submission-categories","oficial","edição 2027","Página ou regulamento consultado","confirmado na edição atual","confirmado","2026-10-04","2026-10-04","localização | atividade | categorias | duração | elegibilidade territorial | produção/conclusão | estreia | exibição online | pessoa autorizada a inscrever | taxas | abertura | encerramento | realização | relevância","FAQ oficial de durações lida; preservado conflito com os formulários atuais."
"chamada","festival-gent-research-2026-general","festival-gent","festival-gent-source-1","Film Fest Gent 2026 — Submit a Film","https://www.filmfestival.be/en/press-industry/film-indienen","oficial","53ª edição / 2026","Página ou regulamento consultado","confirmado na edição atual","confirmado","2026-10-04","2026-10-04","localização | atividade | categorias | duração | elegibilidade territorial | produção/conclusão | estreia | exibição online | pessoa autorizada a inscrever | taxas | abertura | encerramento | realização | relevância","Página oficial de prazos e taxas integralmente lida."
"chamada","festival-gent-research-2026-general","festival-gent","festival-gent-source-2","Film Fest Gent 2026 — General Rules","https://www.filmfestival.be/volumes/general/PDFs/01.-General-rules-2026.pdf?v=1767609765","oficial","53ª edição / 2026","Página ou regulamento consultado","confirmado na edição atual","confirmado","2026-10-04","2026-10-04","localização | atividade | categorias | duração | elegibilidade territorial | produção/conclusão | estreia | exibição online | pessoa autorizada a inscrever | taxas | abertura | encerramento | realização | relevância","PDF oficial integralmente lido; contém ordinal residual no cabeçalho."
"chamada","festival-gent-research-2026-general","festival-gent","festival-gent-source-3","Film Fest Gent 2026 — International Shorts","https://www.filmfestival.be/volumes/general/PDFs/02.-Competition-International-shorts-2026.pdf?v=1767609766","oficial","53ª edição / 2026","Página ou regulamento consultado","confirmado na edição atual","confirmado","2026-10-04","2026-10-04","localização | atividade | categorias | duração | elegibilidade territorial | produção/conclusão | estreia | exibição online | pessoa autorizada a inscrever | taxas | abertura | encerramento | realização | relevância","PDF oficial integralmente lido."
"chamada","festival-gent-research-2026-call-international-short","festival-gent","festival-gent-source-1","Film Fest Gent 2026 — Submit a Film","https://www.filmfestival.be/en/press-industry/film-indienen","oficial","53ª edição / 2026","Página ou regulamento consultado","confirmado na edição atual","confirmado","2026-10-04","2026-10-04","localização | atividade | categorias | duração | elegibilidade territorial | produção/conclusão | estreia | exibição online | pessoa autorizada a inscrever | taxas | abertura | encerramento | realização | relevância","Página oficial de prazos e taxas integralmente lida."
"chamada","festival-gent-research-2026-call-international-short","festival-gent","festival-gent-source-2","Film Fest Gent 2026 — General Rules","https://www.filmfestival.be/volumes/general/PDFs/01.-General-rules-2026.pdf?v=1767609765","oficial","53ª edição / 2026","Página ou regulamento consultado","confirmado na edição atual","confirmado","2026-10-04","2026-10-04","localização | atividade | categorias | duração | elegibilidade territorial | produção/conclusão | estreia | exibição online | pessoa autorizada a inscrever | taxas | abertura | encerramento | realização | relevância","PDF oficial integralmente lido; contém ordinal residual no cabeçalho."
"chamada","festival-gent-research-2026-call-international-short","festival-gent","festival-gent-source-3","Film Fest Gent 2026 — International Shorts","https://www.filmfestival.be/volumes/general/PDFs/02.-Competition-International-shorts-2026.pdf?v=1767609766","oficial","53ª edição / 2026","Página ou regulamento consultado","confirmado na edição atual","confirmado","2026-10-04","2026-10-04","localização | atividade | categorias | duração | elegibilidade territorial | produção/conclusão | estreia | exibição online | pessoa autorizada a inscrever | taxas | abertura | encerramento | realização | relevância","PDF oficial integralmente lido."
"chamada","festival-gent-research-2026-call-medium","festival-gent","festival-gent-source-1","Film Fest Gent 2026 — Submit a Film","https://www.filmfestival.be/en/press-industry/film-indienen","oficial","53ª edição / 2026","Página ou regulamento consultado","confirmado na edição atual","confirmado","2026-10-04","2026-10-04","localização | atividade | categorias | duração | elegibilidade territorial | produção/conclusão | estreia | exibição online | pessoa autorizada a inscrever | taxas | abertura | encerramento | realização | relevância","Página oficial de prazos e taxas integralmente lida."
"chamada","festival-gent-research-2026-call-medium","festival-gent","festival-gent-source-2","Film Fest Gent 2026 — General Rules","https://www.filmfestival.be/volumes/general/PDFs/01.-General-rules-2026.pdf?v=1767609765","oficial","53ª edição / 2026","Página ou regulamento consultado","confirmado na edição atual","confirmado","2026-10-04","2026-10-04","localização | atividade | categorias | duração | elegibilidade territorial | produção/conclusão | estreia | exibição online | pessoa autorizada a inscrever | taxas | abertura | encerramento | realização | relevância","PDF oficial integralmente lido; contém ordinal residual no cabeçalho."
"chamada","festival-gent-research-2026-call-medium","festival-gent","festival-gent-source-3","Film Fest Gent 2026 — International Shorts","https://www.filmfestival.be/volumes/general/PDFs/02.-Competition-International-shorts-2026.pdf?v=1767609766","oficial","53ª edição / 2026","Página ou regulamento consultado","confirmado na edição atual","confirmado","2026-10-04","2026-10-04","localização | atividade | categorias | duração | elegibilidade territorial | produção/conclusão | estreia | exibição online | pessoa autorizada a inscrever | taxas | abertura | encerramento | realização | relevância","PDF oficial integralmente lido."
"chamada","festival-leuven-research-2026-general","festival-leuven","festival-leuven-source-1","Leuven International Short Film Festival 2026 — FilmFreeway","https://filmfreeway.com/LeuvenInternationalShortFilmFestival","plataforma de inscrição","edição 2026","Página ou regulamento consultado","confirmado na edição atual","confirmado","2026-10-04","2026-10-04","localização | atividade | categorias | duração | elegibilidade territorial | produção/conclusão | estreia | exibição online | pessoa autorizada a inscrever | taxas | abertura | encerramento | realização | relevância","Página oficial de regras, categorias, prazos e taxas integralmente lida."
"chamada","festival-leuven-research-2026-general","festival-leuven","festival-leuven-source-2","Leuven Shorts 2026 — site oficial","https://www.kortfilmfestival.be/en/homepage/","oficial","edição 2026","Página ou regulamento consultado","confirmado na edição atual","confirmado","2026-10-04","2026-10-04","localização | atividade | categorias | duração | elegibilidade territorial | produção/conclusão | estreia | exibição online | pessoa autorizada a inscrever | taxas | abertura | encerramento | realização | relevância","Site oficial confirmou identidade e realização."
"chamada","festival-leuven-research-2026-call-international","festival-leuven","festival-leuven-source-1","Leuven International Short Film Festival 2026 — FilmFreeway","https://filmfreeway.com/LeuvenInternationalShortFilmFestival","plataforma de inscrição","edição 2026","Página ou regulamento consultado","confirmado na edição atual","confirmado","2026-10-04","2026-10-04","localização | atividade | categorias | duração | elegibilidade territorial | produção/conclusão | estreia | exibição online | pessoa autorizada a inscrever | taxas | abertura | encerramento | realização | relevância","Página oficial de regras, categorias, prazos e taxas integralmente lida."
"chamada","festival-leuven-research-2026-call-international","festival-leuven","festival-leuven-source-2","Leuven Shorts 2026 — site oficial","https://www.kortfilmfestival.be/en/homepage/","oficial","edição 2026","Página ou regulamento consultado","confirmado na edição atual","confirmado","2026-10-04","2026-10-04","localização | atividade | categorias | duração | elegibilidade territorial | produção/conclusão | estreia | exibição online | pessoa autorizada a inscrever | taxas | abertura | encerramento | realização | relevância","Site oficial confirmou identidade e realização."
"chamada","festival-leuven-research-2026-call-flemish","festival-leuven","festival-leuven-source-1","Leuven International Short Film Festival 2026 — FilmFreeway","https://filmfreeway.com/LeuvenInternationalShortFilmFestival","plataforma de inscrição","edição 2026","Página ou regulamento consultado","confirmado na edição atual","confirmado","2026-10-04","2026-10-04","localização | atividade | categorias | duração | elegibilidade territorial | produção/conclusão | estreia | exibição online | pessoa autorizada a inscrever | taxas | abertura | encerramento | realização | relevância","Página oficial de regras, categorias, prazos e taxas integralmente lida."
"chamada","festival-leuven-research-2026-call-flemish","festival-leuven","festival-leuven-source-2","Leuven Shorts 2026 — site oficial","https://www.kortfilmfestival.be/en/homepage/","oficial","edição 2026","Página ou regulamento consultado","confirmado na edição atual","confirmado","2026-10-04","2026-10-04","localização | atividade | categorias | duração | elegibilidade territorial | produção/conclusão | estreia | exibição online | pessoa autorizada a inscrever | taxas | abertura | encerramento | realização | relevância","Site oficial confirmou identidade e realização."
"chamada","festival-leuven-research-2026-call-vr","festival-leuven","festival-leuven-source-1","Leuven International Short Film Festival 2026 — FilmFreeway","https://filmfreeway.com/LeuvenInternationalShortFilmFestival","plataforma de inscrição","edição 2026","Página ou regulamento consultado","confirmado na edição atual","confirmado","2026-10-04","2026-10-04","localização | atividade | categorias | duração | elegibilidade territorial | produção/conclusão | estreia | exibição online | pessoa autorizada a inscrever | taxas | abertura | encerramento | realização | relevância","Página oficial de regras, categorias, prazos e taxas integralmente lida."
"chamada","festival-leuven-research-2026-call-vr","festival-leuven","festival-leuven-source-2","Leuven Shorts 2026 — site oficial","https://www.kortfilmfestival.be/en/homepage/","oficial","edição 2026","Página ou regulamento consultado","confirmado na edição atual","confirmado","2026-10-04","2026-10-04","localização | atividade | categorias | duração | elegibilidade territorial | produção/conclusão | estreia | exibição online | pessoa autorizada a inscrever | taxas | abertura | encerramento | realização | relevância","Site oficial confirmou identidade e realização."
"chamada","festival-courtsdevant-research-2026-general","festival-courtsdevant","festival-courtsdevant-source-1","Paris Courts Devant — règlement appel à films","https://www.courtsdevant.com/2025/05/06/reglement-appel-a-films-2025/","oficial","20ª edição / 2026","Página ou regulamento consultado","confirmado na edição atual","parcial","2026-10-04","2026-10-04","localização | atividade | categorias | duração | elegibilidade territorial | produção/conclusão | estreia | exibição online | pessoa autorizada a inscrever | taxas | abertura | encerramento | realização | relevância","Regulamento integralmente lido; cabeçalho diz janeiro de 2025, mas cláusulas operacionais exigem acesso até 17/1/2026."
"chamada","festival-courtsdevant-research-2026-general","festival-courtsdevant","festival-courtsdevant-source-2","Paris Courts Devant 2026 — infos et tarifs","https://www.courtsdevant.com/2026-infos-et-tarifs/","oficial","20ª edição / 2026","Página ou regulamento consultado","confirmado na edição atual","parcial","2026-10-04","2026-10-04","atividade | realização","Página oficial confirma a realização em janeiro de 2026."
"chamada","festival-brive-research-2026-general","festival-brive","festival-brive-source-1","Brive 2026 — règlement de la compétition","https://festivalcinemabrive.fr/wp-content/uploads/2025/06/NEW-Compet_reglement_2026.pdf","oficial","23ª edição / 2026","Página ou regulamento consultado","confirmado na edição atual","confirmado","2026-10-04","2026-10-04","localização | atividade | categorias | duração | elegibilidade territorial | produção/conclusão | estreia | exibição online | pessoa autorizada a inscrever | taxas | abertura | encerramento | realização | relevância","PDF oficial multilíngue de nove páginas integralmente lido; divergência de taxa entre versões registrada."
"chamada","festival-beldocs-research-2027-general","festival-beldocs","festival-beldocs-source-1","Beldocs 2027 — Submit","https://www.beldocs.rs/en/festival-en/submit/","oficial","20ª edição / 2027","Página ou regulamento consultado","confirmado na edição atual","confirmado","2026-10-04","2026-10-04","localização | atividade | categorias | duração | elegibilidade territorial | produção/conclusão | estreia | exibição online | pessoa autorizada a inscrever | taxas | abertura | encerramento | realização | relevância","Página oficial de categorias e chamada integralmente lida."
"chamada","festival-beldocs-research-2027-general","festival-beldocs","festival-beldocs-source-2","Beldocs 2027 — FilmFreeway","https://filmfreeway.com/BeldocsInternationalDocumentaryFilmFestival","plataforma de inscrição","20ª edição / 2027","Página ou regulamento consultado","confirmado na edição atual","confirmado","2026-10-04","2026-10-04","localização | atividade | categorias | duração | elegibilidade territorial | produção/conclusão | estreia | exibição online | pessoa autorizada a inscrever | taxas | abertura | encerramento | realização | relevância","Regras, datas e taxas oficiais integralmente lidas."
"chamada","festival-beldocs-research-2027-call-short","festival-beldocs","festival-beldocs-source-1","Beldocs 2027 — Submit","https://www.beldocs.rs/en/festival-en/submit/","oficial","20ª edição / 2027","Página ou regulamento consultado","confirmado na edição atual","confirmado","2026-10-04","2026-10-04","localização | atividade | categorias | duração | elegibilidade territorial | produção/conclusão | estreia | exibição online | pessoa autorizada a inscrever | taxas | abertura | encerramento | realização | relevância","Página oficial de categorias e chamada integralmente lida."
"chamada","festival-beldocs-research-2027-call-short","festival-beldocs","festival-beldocs-source-2","Beldocs 2027 — FilmFreeway","https://filmfreeway.com/BeldocsInternationalDocumentaryFilmFestival","plataforma de inscrição","20ª edição / 2027","Página ou regulamento consultado","confirmado na edição atual","confirmado","2026-10-04","2026-10-04","localização | atividade | categorias | duração | elegibilidade territorial | produção/conclusão | estreia | exibição online | pessoa autorizada a inscrever | taxas | abertura | encerramento | realização | relevância","Regras, datas e taxas oficiais integralmente lidas."
"chamada","festival-beldocs-research-2027-call-serbian","festival-beldocs","festival-beldocs-source-1","Beldocs 2027 — Submit","https://www.beldocs.rs/en/festival-en/submit/","oficial","20ª edição / 2027","Página ou regulamento consultado","confirmado na edição atual","confirmado","2026-10-04","2026-10-04","localização | atividade | categorias | duração | elegibilidade territorial | produção/conclusão | estreia | exibição online | pessoa autorizada a inscrever | taxas | abertura | encerramento | realização | relevância","Página oficial de categorias e chamada integralmente lida."
"chamada","festival-beldocs-research-2027-call-serbian","festival-beldocs","festival-beldocs-source-2","Beldocs 2027 — FilmFreeway","https://filmfreeway.com/BeldocsInternationalDocumentaryFilmFestival","plataforma de inscrição","20ª edição / 2027","Página ou regulamento consultado","confirmado na edição atual","confirmado","2026-10-04","2026-10-04","localização | atividade | categorias | duração | elegibilidade territorial | produção/conclusão | estreia | exibição online | pessoa autorizada a inscrever | taxas | abertura | encerramento | realização | relevância","Regras, datas e taxas oficiais integralmente lidas."
"chamada","festival-beldocs-research-2027-call-meteors","festival-beldocs","festival-beldocs-source-1","Beldocs 2027 — Submit","https://www.beldocs.rs/en/festival-en/submit/","oficial","20ª edição / 2027","Página ou regulamento consultado","confirmado na edição atual","confirmado","2026-10-04","2026-10-04","localização | atividade | categorias | duração | elegibilidade territorial | produção/conclusão | estreia | exibição online | pessoa autorizada a inscrever | taxas | abertura | encerramento | realização | relevância","Página oficial de categorias e chamada integralmente lida."
"chamada","festival-beldocs-research-2027-call-meteors","festival-beldocs","festival-beldocs-source-2","Beldocs 2027 — FilmFreeway","https://filmfreeway.com/BeldocsInternationalDocumentaryFilmFestival","plataforma de inscrição","20ª edição / 2027","Página ou regulamento consultado","confirmado na edição atual","confirmado","2026-10-04","2026-10-04","localização | atividade | categorias | duração | elegibilidade territorial | produção/conclusão | estreia | exibição online | pessoa autorizada a inscrever | taxas | abertura | encerramento | realização | relevância","Regras, datas e taxas oficiais integralmente lidas."
"chamada","festival-docudays-research-2026-general","festival-docudays","festival-docudays-source-1","Docudays UA 2027 — Regulations","https://docudays.ua/eng/regulations/","oficial","24ª edição / 2027","Página ou regulamento consultado","confirmado na edição atual","confirmado","2026-10-04","2026-10-04","localização | atividade | categorias | duração | elegibilidade territorial | produção/conclusão | estreia | exibição online | pessoa autorizada a inscrever | taxas | abertura | encerramento | realização | relevância","Regulamento oficial integralmente lido em 4/10/2026."
"chamada","festival-docudays-research-2026-call-short","festival-docudays","festival-docudays-source-1","Docudays UA 2027 — Regulations","https://docudays.ua/eng/regulations/","oficial","24ª edição / 2027","Página ou regulamento consultado","confirmado na edição atual","confirmado","2026-10-04","2026-10-04","localização | atividade | categorias | duração | elegibilidade territorial | produção/conclusão | estreia | exibição online | pessoa autorizada a inscrever | taxas | abertura | encerramento | realização | relevância","Regulamento oficial integralmente lido em 4/10/2026."
"chamada","festival-docudays-research-2026-call-ukraine","festival-docudays","festival-docudays-source-1","Docudays UA 2027 — Regulations","https://docudays.ua/eng/regulations/","oficial","24ª edição / 2027","Página ou regulamento consultado","confirmado na edição atual","confirmado","2026-10-04","2026-10-04","localização | atividade | categorias | duração | elegibilidade territorial | produção/conclusão | estreia | exibição online | pessoa autorizada a inscrever | taxas | abertura | encerramento | realização | relevância","Regulamento oficial integralmente lido em 4/10/2026."
"chamada","festival-oneworld-research-2027-general","festival-oneworld","festival-oneworld-source-1","One World 2027 — Film Submission","https://my.oneworld.cz/film-submission/","oficial","29ª edição / 2027","Página ou regulamento consultado","confirmado na edição atual","confirmado","2026-10-04","2026-10-04","localização | atividade | categorias | duração | elegibilidade territorial | produção/conclusão | estreia | exibição online | pessoa autorizada a inscrever | taxas | abertura | encerramento | realização | relevância","Página oficial de regras, prazos e taxas integralmente lida."
"chamada","festival-oneworld-research-2027-call-kids","festival-oneworld","festival-oneworld-source-1","One World 2027 — Film Submission","https://my.oneworld.cz/film-submission/","oficial","29ª edição / 2027","Página ou regulamento consultado","confirmado na edição atual","confirmado","2026-10-04","2026-10-04","localização | atividade | categorias | duração | elegibilidade territorial | produção/conclusão | estreia | exibição online | pessoa autorizada a inscrever | taxas | abertura | encerramento | realização | relevância","Página oficial de regras, prazos e taxas integralmente lida."
"chamada","festival-oneworld-research-2027-call-vr","festival-oneworld","festival-oneworld-source-1","One World 2027 — Film Submission","https://my.oneworld.cz/film-submission/","oficial","29ª edição / 2027","Página ou regulamento consultado","confirmado na edição atual","confirmado","2026-10-04","2026-10-04","localização | atividade | categorias | duração | elegibilidade territorial | produção/conclusão | estreia | exibição online | pessoa autorizada a inscrever | taxas | abertura | encerramento | realização | relevância","Página oficial de regras, prazos e taxas integralmente lida."
"chamada","festival-valdivia-research-2026-general","festival-valdivia","festival-valdivia-source-1","FICValdivia 2026 — convocatoria","https://ficvaldivia.cl/33-ficvaldivia-abre-su-convocatoria-2026-y-anuncia-an-incomplete-calendar-como-su-film-de-apertura/","oficial","33ª edição / 2026","Página ou regulamento consultado","confirmado na edição atual","parcial","2026-10-04","2026-10-04","localização | atividade | categorias | duração | elegibilidade territorial | produção/conclusão | estreia | exibição online | pessoa autorizada a inscrever | taxas | abertura | encerramento | realização | relevância","Comunicado oficial integralmente lido; contém data residual de 2025 em um parágrafo, enquanto site e demais trechos confirmam 2026."
"chamada","festival-valdivia-research-2026-call-latam-short","festival-valdivia","festival-valdivia-source-1","FICValdivia 2026 — convocatoria","https://ficvaldivia.cl/33-ficvaldivia-abre-su-convocatoria-2026-y-anuncia-an-incomplete-calendar-como-su-film-de-apertura/","oficial","33ª edição / 2026","Página ou regulamento consultado","confirmado na edição atual","parcial","2026-10-04","2026-10-04","localização | atividade | categorias | duração | elegibilidade territorial | produção/conclusão | estreia | exibição online | pessoa autorizada a inscrever | taxas | abertura | encerramento | realização | relevância","Comunicado oficial integralmente lido; contém data residual de 2025 em um parágrafo, enquanto site e demais trechos confirmam 2026."
"chamada","festival-valdivia-research-2026-call-kids","festival-valdivia","festival-valdivia-source-1","FICValdivia 2026 — convocatoria","https://ficvaldivia.cl/33-ficvaldivia-abre-su-convocatoria-2026-y-anuncia-an-incomplete-calendar-como-su-film-de-apertura/","oficial","33ª edição / 2026","Página ou regulamento consultado","confirmado na edição atual","parcial","2026-10-04","2026-10-04","localização | atividade | categorias | duração | elegibilidade territorial | produção/conclusão | estreia | exibição online | pessoa autorizada a inscrever | taxas | abertura | encerramento | realização | relevância","Comunicado oficial integralmente lido; contém data residual de 2025 em um parágrafo, enquanto site e demais trechos confirmam 2026."
"chamada","festival-guadalajara-research-2027-general","festival-guadalajara","festival-guadalajara-source-1","FICG 42 — Reglamento para participantes","https://ficg.mx/reglamento-ficg/","oficial","42ª edição / 2027","Página ou regulamento consultado","confirmado na edição atual","confirmado","2026-10-04","2026-10-04","localização | atividade | categorias | duração | elegibilidade territorial | produção/conclusão | estreia | exibição online | pessoa autorizada a inscrever | taxas | abertura | encerramento | realização | relevância","Regulamento oficial integralmente lido."
"chamada","festival-guadalajara-research-2027-general","festival-guadalajara","festival-guadalajara-source-2","FICG 42 — Convocatoria","https://ficg.mx/convocatoria-ficg-42/","oficial","42ª edição / 2027","Página ou regulamento consultado","confirmado na edição atual","confirmado","2026-10-04","2026-10-04","localização | atividade | categorias | duração | elegibilidade territorial | produção/conclusão | estreia | exibição online | pessoa autorizada a inscrever | taxas | abertura | encerramento | realização | relevância","Página oficial de categorias, prazos e taxas integralmente lida."
"chamada","festival-guadalajara-research-2027-call-ibero-doc","festival-guadalajara","festival-guadalajara-source-1","FICG 42 — Reglamento para participantes","https://ficg.mx/reglamento-ficg/","oficial","42ª edição / 2027","Página ou regulamento consultado","confirmado na edição atual","confirmado","2026-10-04","2026-10-04","localização | atividade | categorias | duração | elegibilidade territorial | produção/conclusão | estreia | exibição online | pessoa autorizada a inscrever | taxas | abertura | encerramento | realização | relevância","Regulamento oficial integralmente lido."
"chamada","festival-guadalajara-research-2027-call-ibero-doc","festival-guadalajara","festival-guadalajara-source-2","FICG 42 — Convocatoria","https://ficg.mx/convocatoria-ficg-42/","oficial","42ª edição / 2027","Página ou regulamento consultado","confirmado na edição atual","confirmado","2026-10-04","2026-10-04","localização | atividade | categorias | duração | elegibilidade territorial | produção/conclusão | estreia | exibição online | pessoa autorizada a inscrever | taxas | abertura | encerramento | realização | relevância","Página oficial de categorias, prazos e taxas integralmente lida."
"chamada","festival-guadalajara-research-2027-call-ibero-short","festival-guadalajara","festival-guadalajara-source-1","FICG 42 — Reglamento para participantes","https://ficg.mx/reglamento-ficg/","oficial","42ª edição / 2027","Página ou regulamento consultado","confirmado na edição atual","confirmado","2026-10-04","2026-10-04","localização | atividade | categorias | duração | elegibilidade territorial | produção/conclusão | estreia | exibição online | pessoa autorizada a inscrever | taxas | abertura | encerramento | realização | relevância","Regulamento oficial integralmente lido."
"chamada","festival-guadalajara-research-2027-call-ibero-short","festival-guadalajara","festival-guadalajara-source-2","FICG 42 — Convocatoria","https://ficg.mx/convocatoria-ficg-42/","oficial","42ª edição / 2027","Página ou regulamento consultado","confirmado na edição atual","confirmado","2026-10-04","2026-10-04","localização | atividade | categorias | duração | elegibilidade territorial | produção/conclusão | estreia | exibição online | pessoa autorizada a inscrever | taxas | abertura | encerramento | realização | relevância","Página oficial de categorias, prazos e taxas integralmente lida."
"chamada","festival-guadalajara-research-2027-call-mezcal","festival-guadalajara","festival-guadalajara-source-1","FICG 42 — Reglamento para participantes","https://ficg.mx/reglamento-ficg/","oficial","42ª edição / 2027","Página ou regulamento consultado","confirmado na edição atual","confirmado","2026-10-04","2026-10-04","localização | atividade | categorias | duração | elegibilidade territorial | produção/conclusão | estreia | exibição online | pessoa autorizada a inscrever | taxas | abertura | encerramento | realização | relevância","Regulamento oficial integralmente lido."
"chamada","festival-guadalajara-research-2027-call-mezcal","festival-guadalajara","festival-guadalajara-source-2","FICG 42 — Convocatoria","https://ficg.mx/convocatoria-ficg-42/","oficial","42ª edição / 2027","Página ou regulamento consultado","confirmado na edição atual","confirmado","2026-10-04","2026-10-04","localização | atividade | categorias | duração | elegibilidade territorial | produção/conclusão | estreia | exibição online | pessoa autorizada a inscrever | taxas | abertura | encerramento | realização | relevância","Página oficial de categorias, prazos e taxas integralmente lida."
"chamada","festival-morelia-research-2026-general","festival-morelia","festival-morelia-source-1","Morelia 2026 — Convocatoria Selección Oficial","https://moreliafilmfest.com/en/node/103863","oficial","24ª edição / 2026","Página ou regulamento consultado","confirmado na edição atual","confirmado","2026-10-04","2026-10-04","localização | atividade | categorias | duração | elegibilidade territorial | produção/conclusão | estreia | exibição online | pessoa autorizada a inscrever | taxas | abertura | encerramento | realização | relevância","Convocatória oficial e regulamento incorporado integralmente lidos."
"chamada","festival-morelia-research-2026-call-doc","festival-morelia","festival-morelia-source-1","Morelia 2026 — Convocatoria Selección Oficial","https://moreliafilmfest.com/en/node/103863","oficial","24ª edição / 2026","Página ou regulamento consultado","confirmado na edição atual","confirmado","2026-10-04","2026-10-04","localização | atividade | categorias | duração | elegibilidade territorial | produção/conclusão | estreia | exibição online | pessoa autorizada a inscrever | taxas | abertura | encerramento | realização | relevância","Convocatória oficial e regulamento incorporado integralmente lidos."
"chamada","festival-morelia-research-2026-call-feature","festival-morelia","festival-morelia-source-1","Morelia 2026 — Convocatoria Selección Oficial","https://moreliafilmfest.com/en/node/103863","oficial","24ª edição / 2026","Página ou regulamento consultado","confirmado na edição atual","confirmado","2026-10-04","2026-10-04","localização | atividade | categorias | duração | elegibilidade territorial | produção/conclusão | estreia | exibição online | pessoa autorizada a inscrever | taxas | abertura | encerramento | realização | relevância","Convocatória oficial e regulamento incorporado integralmente lidos."
"chamada","festival-guanajuato-research-2026-general","festival-guanajuato","festival-guanajuato-source-1","GIFF 2026 — site oficial","https://giff.mx/","oficial","29ª edição / 2026","Página ou regulamento consultado","confirmado na edição atual","parcial","2026-10-04","2026-10-04","localização | atividade | realização | relevância","Site e edição atual consultados; regulamento/chamada de filmes não foram localizados integralmente."
"chamada","festival-ambulante-research-2026-general","festival-ambulante","festival-ambulante-source-1","Ambulante 2026 — site oficial","https://ambulante.org/","oficial","edição 2026","Página ou regulamento consultado","confirmado na edição atual","parcial","2026-10-04","2026-10-04","atividade | localização | realização | relevância","Programação e continuidade consultadas; nenhuma chamada pública de filmes foi localizada."
"chamada","festival-ficunam-research-2026-general","festival-ficunam","festival-ficunam-source-1","FICUNAM 16 — Convocatorias","https://ficunam.unam.mx/convocatorias-ficunam-16/","oficial","16ª edição / 2026","Página ou regulamento consultado","confirmado na edição atual","parcial","2026-10-04","2026-10-04","localização | atividade | categorias | duração | elegibilidade territorial | produção/conclusão | estreia | exibição online | pessoa autorizada a inscrever | taxas | abertura | encerramento | realização | relevância","Página oficial de categorias e edição integralmente lida; regulamentos próprios de cada seção não foram todos recuperados."
"chamada","festival-ficunam-research-2026-call-umbrales","festival-ficunam","festival-ficunam-source-1","FICUNAM 16 — Convocatorias","https://ficunam.unam.mx/convocatorias-ficunam-16/","oficial","16ª edição / 2026","Página ou regulamento consultado","confirmado na edição atual","parcial","2026-10-04","2026-10-04","localização | atividade | categorias | duração | elegibilidade territorial | produção/conclusão | estreia | exibição online | pessoa autorizada a inscrever | taxas | abertura | encerramento | realização | relevância","Página oficial de categorias e edição integralmente lida; regulamentos próprios de cada seção não foram todos recuperados."
"chamada","festival-ficunam-research-2026-call-aciertos","festival-ficunam","festival-ficunam-source-1","FICUNAM 16 — Convocatorias","https://ficunam.unam.mx/convocatorias-ficunam-16/","oficial","16ª edição / 2026","Página ou regulamento consultado","confirmado na edição atual","parcial","2026-10-04","2026-10-04","localização | atividade | categorias | duração | elegibilidade territorial | produção/conclusão | estreia | exibição online | pessoa autorizada a inscrever | taxas | abertura | encerramento | realização | relevância","Página oficial de categorias e edição integralmente lida; regulamentos próprios de cada seção não foram todos recuperados."
"chamada","festival-bafici-research-2026-general","festival-bafici","festival-bafici-source-1","BAFICI 2027 — convocatoria abierta","https://bafici.org/","oficial","28ª edição / 2027","Página ou regulamento consultado","confirmado na edição atual","parcial","2026-10-04","2026-10-04","localização | atividade | categorias | duração | elegibilidade territorial | produção/conclusão | estreia | exibição online | pessoa autorizada a inscrever | taxas | abertura | encerramento | realização | relevância","Site oficial confirma 28ª edição e realização; link do regulamento 2027 não foi recuperado integralmente."
"chamada","festival-lima-research-2026-general","festival-lima","festival-lima-source-1","Festival de Lima 2026 — convocatoria largometrajes","https://festivaldelima.com/2025/convocatorialargometrajes.htm","oficial","30ª edição / 2026","Página ou regulamento consultado","confirmado na edição atual","parcial","2026-10-04","2026-10-04","localização | atividade | categorias | duração | elegibilidade territorial | produção/conclusão | estreia | exibição online | pessoa autorizada a inscrever | taxas | abertura | encerramento | realização | relevância","Página oficial da convocatória de longas lida; URL residual /2025 e demais bases não recuperadas integralmente."
"chamada","festival-lima-research-2026-call-peru","festival-lima","festival-lima-source-1","Festival de Lima 2026 — convocatoria largometrajes","https://festivaldelima.com/2025/convocatorialargometrajes.htm","oficial","30ª edição / 2026","Página ou regulamento consultado","confirmado na edição atual","parcial","2026-10-04","2026-10-04","localização | atividade | categorias | duração | elegibilidade territorial | produção/conclusão | estreia | exibição online | pessoa autorizada a inscrever | taxas | abertura | encerramento | realização | relevância","Página oficial da convocatória de longas lida; URL residual /2025 e demais bases não recuperadas integralmente."
"chamada","festival-vina-research-2026-general","festival-vina","festival-vina-source-1","FICViña 2026 — convocatoria 38ª edición","https://cinevina.cl/ficvina-2026-abre-convocatoria-para-su-38-edicion-rumbo-a-sus-60-anos-como-primer-festival-latinoamericano/","oficial","38ª edição / 2026","Página ou regulamento consultado","confirmado na edição atual","parcial","2026-10-04","2026-10-04","localização | atividade | categorias | duração | elegibilidade territorial | produção/conclusão | estreia | exibição online | pessoa autorizada a inscrever | taxas | abertura | encerramento | realização | relevância","Comunicado oficial atual localizado; bases integrais não recuperadas pelo índice."
"chamada","festival-cartagena-research-2026-general","festival-cartagena","festival-cartagena-source-1","FICCI 66 — convocatoria oficial","https://www.ficcifestival.com/articulos/ficci-66-abre-su-convocatoria-oficial-para-peliculas-de-colombia-iberoamerica-y-el-mundo","oficial","66ª edição / 2027","Página ou regulamento consultado","confirmado na edição atual","parcial","2026-10-04","2026-10-04","localização | atividade | categorias | duração | elegibilidade territorial | produção/conclusão | estreia | exibição online | pessoa autorizada a inscrever | taxas | abertura | encerramento | realização | relevância","Comunicado oficial integralmente lido; regulamento e tabela de taxas por seção não foram recuperados."
"chamada","festival-cartagena-research-2026-call-international","festival-cartagena","festival-cartagena-source-1","FICCI 66 — convocatoria oficial","https://www.ficcifestival.com/articulos/ficci-66-abre-su-convocatoria-oficial-para-peliculas-de-colombia-iberoamerica-y-el-mundo","oficial","66ª edição / 2027","Página ou regulamento consultado","confirmado na edição atual","parcial","2026-10-04","2026-10-04","localização | atividade | categorias | duração | elegibilidade territorial | produção/conclusão | estreia | exibição online | pessoa autorizada a inscrever | taxas | abertura | encerramento | realização | relevância","Comunicado oficial integralmente lido; regulamento e tabela de taxas por seção não foram recuperados."
"chamada","festival-cartagena-research-2026-call-afro-indigenous","festival-cartagena","festival-cartagena-source-1","FICCI 66 — convocatoria oficial","https://www.ficcifestival.com/articulos/ficci-66-abre-su-convocatoria-oficial-para-peliculas-de-colombia-iberoamerica-y-el-mundo","oficial","66ª edição / 2027","Página ou regulamento consultado","confirmado na edição atual","parcial","2026-10-04","2026-10-04","localização | atividade | categorias | duração | elegibilidade territorial | produção/conclusão | estreia | exibição online | pessoa autorizada a inscrever | taxas | abertura | encerramento | realização | relevância","Comunicado oficial integralmente lido; regulamento e tabela de taxas por seção não foram recuperados."
"chamada","festival-habana-research-2025-general","festival-habana","festival-habana-source-1","Festival de La Habana 2025 — convocatoria","https://www.imcine.gob.mx/media/2025/7/la_habana_2025.pdf","fonte secundária","46ª edição / 2025","Página ou regulamento consultado","confirmado em edição anterior","parcial","2026-10-04","2026-10-04","localização | atividade | categorias | duração | elegibilidade territorial | produção/conclusão | estreia | exibição online | pessoa autorizada a inscrever | taxas | abertura | encerramento | realização | relevância","Último regulamento localizado; nenhuma convocatória 2026 foi recuperada até 4/10/2026."
"chamada","festival-mardelplata-research-2026-general","festival-mardelplata","festival-mardelplata-source-1","Mar del Plata 2026 — Reglamento","https://mardelplatafilmfest.com/41/es/reglamento/","oficial","41ª edição / 2026","Página ou regulamento consultado","confirmado na edição atual","confirmado","2026-10-04","2026-10-04","localização | atividade | categorias | duração | elegibilidade territorial | produção/conclusão | estreia | exibição online | pessoa autorizada a inscrever | taxas | abertura | encerramento | realização | relevância","Regulamento oficial integralmente lido."
"chamada","festival-mardelplata-research-2026-general","festival-mardelplata","festival-mardelplata-source-2","Mar del Plata 2026 — Inscripciones","https://mardelplatafilmfest.com/41/es/inscripciones/","oficial","41ª edição / 2026","Página ou regulamento consultado","confirmado na edição atual","confirmado","2026-10-04","2026-10-04","localização | atividade | categorias | duração | elegibilidade territorial | produção/conclusão | estreia | exibição online | pessoa autorizada a inscrever | taxas | abertura | encerramento | realização | relevância","Página oficial confirma prorrogação para 15/7/2026."
"chamada","festival-mardelplata-research-2026-call-international-short-mid","festival-mardelplata","festival-mardelplata-source-1","Mar del Plata 2026 — Reglamento","https://mardelplatafilmfest.com/41/es/reglamento/","oficial","41ª edição / 2026","Página ou regulamento consultado","confirmado na edição atual","confirmado","2026-10-04","2026-10-04","localização | atividade | categorias | duração | elegibilidade territorial | produção/conclusão | estreia | exibição online | pessoa autorizada a inscrever | taxas | abertura | encerramento | realização | relevância","Regulamento oficial integralmente lido."
"chamada","festival-mardelplata-research-2026-call-international-short-mid","festival-mardelplata","festival-mardelplata-source-2","Mar del Plata 2026 — Inscripciones","https://mardelplatafilmfest.com/41/es/inscripciones/","oficial","41ª edição / 2026","Página ou regulamento consultado","confirmado na edição atual","confirmado","2026-10-04","2026-10-04","localização | atividade | categorias | duração | elegibilidade territorial | produção/conclusão | estreia | exibição online | pessoa autorizada a inscrever | taxas | abertura | encerramento | realização | relevância","Página oficial confirma prorrogação para 15/7/2026."
"chamada","festival-mardelplata-research-2026-call-latam","festival-mardelplata","festival-mardelplata-source-1","Mar del Plata 2026 — Reglamento","https://mardelplatafilmfest.com/41/es/reglamento/","oficial","41ª edição / 2026","Página ou regulamento consultado","confirmado na edição atual","confirmado","2026-10-04","2026-10-04","localização | atividade | categorias | duração | elegibilidade territorial | produção/conclusão | estreia | exibição online | pessoa autorizada a inscrever | taxas | abertura | encerramento | realização | relevância","Regulamento oficial integralmente lido."
"chamada","festival-mardelplata-research-2026-call-latam","festival-mardelplata","festival-mardelplata-source-2","Mar del Plata 2026 — Inscripciones","https://mardelplatafilmfest.com/41/es/inscripciones/","oficial","41ª edição / 2026","Página ou regulamento consultado","confirmado na edição atual","confirmado","2026-10-04","2026-10-04","localização | atividade | categorias | duração | elegibilidade territorial | produção/conclusão | estreia | exibição online | pessoa autorizada a inscrever | taxas | abertura | encerramento | realização | relevância","Página oficial confirma prorrogação para 15/7/2026."
"chamada","festival-docsmx-research-2026-general","festival-docsmx","festival-docsmx-source-1","DocsMX 2026 — site oficial","https://www.docsmx.org/","oficial","21ª edição / 2026","Página ou regulamento consultado","confirmado na edição atual","parcial","2026-10-04","2026-10-04","atividade | localização | realização | relevância","Edição e programação atuais consultadas; regulamento de submissão não recuperado."
"chamada","festival-cali-research-2026-general","festival-cali","festival-cali-source-1","FICCALI 2026 — anúncio oficial","https://ficcali.com/ficcali-presenta-la-imagen-oficial-de-su-xviii-edicion-cine-para-encontrarnos/","oficial","18ª edição / 2026","Página ou regulamento consultado","confirmado na edição atual","parcial","2026-10-04","2026-10-04","atividade | localização | realização | relevância","Anúncio e programação atuais lidos; chamada pública não localizada."
"chamada","festival-fest-research-2027-category-1","festival-fest","festival-fest-source-1","FEST 2027 — Rules and Regulations","https://site.fest.pt/en/submissions/film-submissions/rules-and-regulations/","oficial","23ª edição / 2027","Página ou regulamento consultado","confirmado na edição atual","confirmado","2026-10-04","2026-10-04","localização | atividade | categorias | duração | elegibilidade territorial | produção/conclusão | estreia | exibição online | pessoa autorizada a inscrever | taxas | abertura | encerramento | realização | relevância","Regulamento oficial integralmente lido."
"chamada","festival-fest-research-2027-call-feature","festival-fest","festival-fest-source-1","FEST 2027 — Rules and Regulations","https://site.fest.pt/en/submissions/film-submissions/rules-and-regulations/","oficial","23ª edição / 2027","Página ou regulamento consultado","confirmado na edição atual","confirmado","2026-10-04","2026-10-04","localização | atividade | categorias | duração | elegibilidade territorial | produção/conclusão | estreia | exibição online | pessoa autorizada a inscrever | taxas | abertura | encerramento | realização | relevância","Regulamento oficial integralmente lido."
"chamada","festival-doccoimbra-research-2026-general","festival-doccoimbra","festival-doccoimbra-source-1","DOC.Coimbra 2026 — site oficial","https://doccoimbra.com/","oficial","edição 2026","Página ou regulamento consultado","confirmado na edição atual","parcial","2026-10-04","2026-10-04","atividade | localização | realização | relevância","Site oficial atual consultado; regulamento e chamada integral não foram recuperados."
"chamada","festival-curtocircuito-research-2026-general","festival-curtocircuito","festival-curtocircuito-source-1","Curtocircuíto 2026 — site oficial","https://curtocircuito.org/","oficial","edição 2026","Página ou regulamento consultado","confirmado na edição atual","parcial","2026-10-04","2026-10-04","atividade | localização | realização | relevância","Site oficial atual consultado; regulamento e chamada integral não foram recuperados."
"chamada","festival-filmadrid-research-2026-general","festival-filmadrid","festival-filmadrid-source-1","FILMADRID 2026 — site oficial","https://filmadrid.com/en/","oficial","edição 2026","Página ou regulamento consultado","confirmado na edição atual","parcial","2026-10-04","2026-10-04","atividade | localização | realização | relevância","Site oficial atual consultado; regulamento e chamada integral não foram recuperados."
"chamada","festival-seminci-research-2026-general","festival-seminci","festival-seminci-source-1","SEMINCI 2026 — Regulations","https://www.seminci.com/wp-content/uploads/2026/04/71S-REGULATIONS_2026.pdf","oficial","71ª edição / 2026","Página ou regulamento consultado","confirmado na edição atual","confirmado","2026-10-04","2026-10-04","localização | atividade | categorias | duração | elegibilidade territorial | produção/conclusão | estreia | exibição online | pessoa autorizada a inscrever | taxas | abertura | encerramento | realização | relevância","Regulamento oficial de 11 páginas integralmente consultado."
"chamada","festival-seminci-research-2026-general","festival-seminci","festival-seminci-source-2","SEMINCI 2026 — inscrição","https://www.seminci.com/reglamento/","oficial","71ª edição / 2026","Página ou regulamento consultado","confirmado na edição atual","confirmado","2026-10-04","2026-10-04","localização | atividade | categorias | duração | elegibilidade territorial | produção/conclusão | estreia | exibição online | pessoa autorizada a inscrever | taxas | abertura | encerramento | realização | relevância","Página oficial confirma Eventival e prazo final."
"chamada","festival-seminci-research-2026-call-feature","festival-seminci","festival-seminci-source-1","SEMINCI 2026 — Regulations","https://www.seminci.com/wp-content/uploads/2026/04/71S-REGULATIONS_2026.pdf","oficial","71ª edição / 2026","Página ou regulamento consultado","confirmado na edição atual","confirmado","2026-10-04","2026-10-04","localização | atividade | categorias | duração | elegibilidade territorial | produção/conclusão | estreia | exibição online | pessoa autorizada a inscrever | taxas | abertura | encerramento | realização | relevância","Regulamento oficial de 11 páginas integralmente consultado."
"chamada","festival-seminci-research-2026-call-feature","festival-seminci","festival-seminci-source-2","SEMINCI 2026 — inscrição","https://www.seminci.com/reglamento/","oficial","71ª edição / 2026","Página ou regulamento consultado","confirmado na edição atual","confirmado","2026-10-04","2026-10-04","localização | atividade | categorias | duração | elegibilidade territorial | produção/conclusão | estreia | exibição online | pessoa autorizada a inscrever | taxas | abertura | encerramento | realização | relevância","Página oficial confirma Eventival e prazo final."
"chamada","festival-zinebi-research-2026-general","festival-zinebi","festival-zinebi-source-1","ZINEBI 68 — Regulations","https://zinebi.eus/assets/media/Z68-SFIC-Regulations-ENG.pdf","oficial","68ª edição / 2026","Página ou regulamento consultado","confirmado na edição atual","confirmado","2026-10-04","2026-10-04","localização | atividade | categorias | duração | elegibilidade territorial | produção/conclusão | estreia | exibição online | pessoa autorizada a inscrever | taxas | abertura | encerramento | realização | relevância","Regulamento oficial de 10 páginas integralmente consultado; conserva um erro residual '67th' na cláusula 38."
"chamada","festival-zinebi-research-2026-general","festival-zinebi","festival-zinebi-source-2","ZINEBI 68 — chamada oficial","https://zinebi.eus/en/","oficial","68ª edição / 2026","Página ou regulamento consultado","confirmado na edição atual","confirmado","2026-10-04","2026-10-04","localização | atividade | categorias | duração | elegibilidade territorial | produção/conclusão | estreia | exibição online | pessoa autorizada a inscrever | taxas | abertura | encerramento | realização | relevância","Página oficial confirma datas, perfil e prioridade de estreia."
"chamada","festival-puntovista-research-2027-general","festival-puntovista","festival-puntovista-source-1","Punto de Vista 2027 — Sección Oficial","https://puntodevistafestival.com/es/edicion-2027/seccion-oficial","oficial","21ª edição / 2027","Página ou regulamento consultado","confirmado na edição atual","confirmado","2026-10-04","2026-10-04","localização | atividade | categorias | duração | elegibilidade territorial | produção/conclusão | estreia | exibição online | pessoa autorizada a inscrever | taxas | abertura | encerramento | realização | relevância","Página oficial e bases completas vinculadas consultadas."
"chamada","festival-puntovista-research-2027-general","festival-puntovista","festival-puntovista-source-2","Punto de Vista 2027 — call for entries","https://puntodevistafestival.com/en/news/2026/call-for-entries-punto-de-vista-2027","oficial","21ª edição / 2027","Página ou regulamento consultado","confirmado na edição atual","confirmado","2026-10-04","2026-10-04","localização | atividade | categorias | duração | elegibilidade territorial | produção/conclusão | estreia | exibição online | pessoa autorizada a inscrever | taxas | abertura | encerramento | realização | relevância","Comunicado oficial confirma abertura, taxa e prazo."
"chamada","festival-documentamadrid-research-2026-general","festival-documentamadrid","festival-documentamadrid-source-1","Documenta Madrid 2026 — bases","https://www.documentamadrid.com/download-bases","oficial","23ª edição / 2026","Página ou regulamento consultado","confirmado na edição atual","confirmado","2026-10-04","2026-10-04","localização | atividade | categorias | duração | elegibilidade territorial | produção/conclusão | estreia | exibição online | pessoa autorizada a inscrever | taxas | abertura | encerramento | realização | relevância","Regulamento oficial de 9 páginas integralmente consultado; fixa 16/2 como prazo."
"chamada","festival-documentamadrid-research-2026-general","festival-documentamadrid","festival-documentamadrid-source-2","Documenta Madrid 2026 — chamada","https://www.documentamadrid.com/actualidad/abierta-la-convocatoria-de-peliculas-competicion-para-documenta-madrid-2026","oficial","23ª edição / 2026","Página ou regulamento consultado","confirmado na edição atual","parcial","2026-10-04","2026-10-04","localização | atividade | categorias | duração | elegibilidade territorial | produção/conclusão | estreia | exibição online | pessoa autorizada a inscrever | taxas | abertura | encerramento | realização | relevância","Página oficial da chamada diz 20/2, em conflito com o PDF normativo."
"chamada","festival-documentamadrid-research-2026-call-national","festival-documentamadrid","festival-documentamadrid-source-1","Documenta Madrid 2026 — bases","https://www.documentamadrid.com/download-bases","oficial","23ª edição / 2026","Página ou regulamento consultado","confirmado na edição atual","confirmado","2026-10-04","2026-10-04","localização | atividade | categorias | duração | elegibilidade territorial | produção/conclusão | estreia | exibição online | pessoa autorizada a inscrever | taxas | abertura | encerramento | realização | relevância","Regulamento oficial de 9 páginas integralmente consultado; fixa 16/2 como prazo."
"chamada","festival-documentamadrid-research-2026-call-national","festival-documentamadrid","festival-documentamadrid-source-2","Documenta Madrid 2026 — chamada","https://www.documentamadrid.com/actualidad/abierta-la-convocatoria-de-peliculas-competicion-para-documenta-madrid-2026","oficial","23ª edição / 2026","Página ou regulamento consultado","confirmado na edição atual","parcial","2026-10-04","2026-10-04","localização | atividade | categorias | duração | elegibilidade territorial | produção/conclusão | estreia | exibição online | pessoa autorizada a inscrever | taxas | abertura | encerramento | realização | relevância","Página oficial da chamada diz 20/2, em conflito com o PDF normativo."
"chamada","festival-malaga-research-2027-category-1","festival-malaga","festival-malaga-source-1","Festival de Málaga 30 — bases","https://festivaldemalaga.com/Content/source/pdf/documentos/080e2b5eb0c7722729ffb0814e8b8b70.pdf","oficial","30ª edição / 2027","Página ou regulamento consultado","confirmado na edição atual","confirmado","2026-10-04","2026-10-04","localização | atividade | categorias | duração | elegibilidade territorial | produção/conclusão | estreia | exibição online | pessoa autorizada a inscrever | taxas | abertura | encerramento | realização | relevância","Regulamento oficial de 11 páginas integralmente consultado."
"chamada","festival-malaga-research-2027-category-1","festival-malaga","festival-malaga-source-2","Festival de Málaga 2027 — abertura","https://festivaldemalaga.com/actualidad/ver-noticia/?id=2823","oficial","30ª edição / 2027","Página ou regulamento consultado","confirmado na edição atual","confirmado","2026-10-04","2026-10-04","localização | atividade | categorias | duração | elegibilidade territorial | produção/conclusão | estreia | exibição online | pessoa autorizada a inscrever | taxas | abertura | encerramento | realização | relevância","Comunicado oficial confirma abertura e calendário."
"chamada","festival-malaga-research-2027-call-doc-short","festival-malaga","festival-malaga-source-1","Festival de Málaga 30 — bases","https://festivaldemalaga.com/Content/source/pdf/documentos/080e2b5eb0c7722729ffb0814e8b8b70.pdf","oficial","30ª edição / 2027","Página ou regulamento consultado","confirmado na edição atual","confirmado","2026-10-04","2026-10-04","localização | atividade | categorias | duração | elegibilidade territorial | produção/conclusão | estreia | exibição online | pessoa autorizada a inscrever | taxas | abertura | encerramento | realização | relevância","Regulamento oficial de 11 páginas integralmente consultado."
"chamada","festival-malaga-research-2027-call-doc-short","festival-malaga","festival-malaga-source-2","Festival de Málaga 2027 — abertura","https://festivaldemalaga.com/actualidad/ver-noticia/?id=2823","oficial","30ª edição / 2027","Página ou regulamento consultado","confirmado na edição atual","confirmado","2026-10-04","2026-10-04","localização | atividade | categorias | duração | elegibilidade territorial | produção/conclusão | estreia | exibição online | pessoa autorizada a inscrever | taxas | abertura | encerramento | realização | relevância","Comunicado oficial confirma abertura e calendário."
"chamada","festival-malaga-research-2027-call-spanish-short","festival-malaga","festival-malaga-source-1","Festival de Málaga 30 — bases","https://festivaldemalaga.com/Content/source/pdf/documentos/080e2b5eb0c7722729ffb0814e8b8b70.pdf","oficial","30ª edição / 2027","Página ou regulamento consultado","confirmado na edição atual","confirmado","2026-10-04","2026-10-04","localização | atividade | categorias | duração | elegibilidade territorial | produção/conclusão | estreia | exibição online | pessoa autorizada a inscrever | taxas | abertura | encerramento | realização | relevância","Regulamento oficial de 11 páginas integralmente consultado."
"chamada","festival-malaga-research-2027-call-spanish-short","festival-malaga","festival-malaga-source-2","Festival de Málaga 2027 — abertura","https://festivaldemalaga.com/actualidad/ver-noticia/?id=2823","oficial","30ª edição / 2027","Página ou regulamento consultado","confirmado na edição atual","confirmado","2026-10-04","2026-10-04","localização | atividade | categorias | duração | elegibilidade territorial | produção/conclusão | estreia | exibição online | pessoa autorizada a inscrever | taxas | abertura | encerramento | realização | relevância","Comunicado oficial confirma abertura e calendário."
"chamada","festival-malaga-research-2027-call-cocina","festival-malaga","festival-malaga-source-1","Festival de Málaga 30 — bases","https://festivaldemalaga.com/Content/source/pdf/documentos/080e2b5eb0c7722729ffb0814e8b8b70.pdf","oficial","30ª edição / 2027","Página ou regulamento consultado","confirmado na edição atual","confirmado","2026-10-04","2026-10-04","localização | atividade | categorias | duração | elegibilidade territorial | produção/conclusão | estreia | exibição online | pessoa autorizada a inscrever | taxas | abertura | encerramento | realização | relevância","Regulamento oficial de 11 páginas integralmente consultado."
"chamada","festival-malaga-research-2027-call-cocina","festival-malaga","festival-malaga-source-2","Festival de Málaga 2027 — abertura","https://festivaldemalaga.com/actualidad/ver-noticia/?id=2823","oficial","30ª edição / 2027","Página ou regulamento consultado","confirmado na edição atual","confirmado","2026-10-04","2026-10-04","localização | atividade | categorias | duração | elegibilidade territorial | produção/conclusão | estreia | exibição online | pessoa autorizada a inscrever | taxas | abertura | encerramento | realização | relevância","Comunicado oficial confirma abertura e calendário."
"chamada","festival-alternativa-research-2026-general","festival-alternativa","festival-alternativa-source-1","L'Alternativa 2026 — Festival Regulations","https://alternativa.cccb.org/2026/en/festival/information/festival-regulations","oficial","33ª edição / 2026","Página ou regulamento consultado","confirmado na edição atual","confirmado","2026-10-04","2026-10-04","localização | atividade | categorias | duração | elegibilidade territorial | produção/conclusão | estreia | exibição online | pessoa autorizada a inscrever | taxas | abertura | encerramento | realização | relevância","Regulamento oficial integralmente consultado."
"chamada","festival-alternativa-research-2026-general","festival-alternativa","festival-alternativa-source-2","L'Alternativa 2026 — Film Submissions","https://alternativa.cccb.org/2026/en/film-submissions","oficial","33ª edição / 2026","Página ou regulamento consultado","confirmado na edição atual","confirmado","2026-10-04","2026-10-04","localização | atividade | categorias | duração | elegibilidade territorial | produção/conclusão | estreia | exibição online | pessoa autorizada a inscrever | taxas | abertura | encerramento | realização | relevância","Formulário oficial consultado."
"chamada","festival-alternativa-research-2026-call-feature","festival-alternativa","festival-alternativa-source-1","L'Alternativa 2026 — Festival Regulations","https://alternativa.cccb.org/2026/en/festival/information/festival-regulations","oficial","33ª edição / 2026","Página ou regulamento consultado","confirmado na edição atual","confirmado","2026-10-04","2026-10-04","localização | atividade | categorias | duração | elegibilidade territorial | produção/conclusão | estreia | exibição online | pessoa autorizada a inscrever | taxas | abertura | encerramento | realização | relevância","Regulamento oficial integralmente consultado."
"chamada","festival-alternativa-research-2026-call-feature","festival-alternativa","festival-alternativa-source-2","L'Alternativa 2026 — Film Submissions","https://alternativa.cccb.org/2026/en/film-submissions","oficial","33ª edição / 2026","Página ou regulamento consultado","confirmado na edição atual","confirmado","2026-10-04","2026-10-04","localização | atividade | categorias | duração | elegibilidade territorial | produção/conclusão | estreia | exibição online | pessoa autorizada a inscrever | taxas | abertura | encerramento | realização | relevância","Formulário oficial consultado."
"chamada","festival-playdoc-research-2027-general","festival-playdoc","festival-playdoc-source-1","Play-Doc 2027 — bases","https://www.play-doc.com/bases-de-participacion/","oficial","23ª edição / 2027","Página ou regulamento consultado","confirmado na edição atual","confirmado","2026-10-04","2026-10-04","localização | atividade | categorias | duração | elegibilidade territorial | produção/conclusão | estreia | exibição online | pessoa autorizada a inscrever | taxas | abertura | encerramento | realização | relevância","Bases oficiais integralmente consultadas."
"chamada","festival-playdoc-research-2027-general","festival-playdoc","festival-playdoc-source-2","Play-Doc 2027 — formulário","https://www.play-doc.com/convocatoria/","oficial","23ª edição / 2027","Página ou regulamento consultado","confirmado na edição atual","confirmado","2026-10-04","2026-10-04","localização | atividade | categorias | duração | elegibilidade territorial | produção/conclusão | estreia | exibição online | pessoa autorizada a inscrever | taxas | abertura | encerramento | realização | relevância","Página de inscrição e formulário consultados."
"chamada","festival-ficx-research-2026-general","festival-ficx","festival-ficx-source-1","FICX 2026 — convocatorias","https://ficx.tv/convocatorias-2026/","oficial","64ª edição / 2026","Página ou regulamento consultado","confirmado na edição atual","parcial","2026-10-04","2026-10-04","atividade | localização | realização | categorias | relevância","Página oficial atual consultada; lista chamadas de júri e indústria, mas não uma chamada pública de filmes."
"chamada","festival-slamdance-research-2027-category-1","festival-slamdance","festival-slamdance-source-1","Slamdance 2027 — Festival Submit","https://slamdance.com/festival-submit/","oficial","edição 2027","Página ou regulamento consultado","confirmado na edição atual","confirmado","2026-10-04","2026-10-04","localização | atividade | categorias | duração | elegibilidade territorial | produção/conclusão | estreia | exibição online | pessoa autorizada a inscrever | taxas | abertura | encerramento | realização | relevância","Página oficial de regras, categorias, prazos e taxas integralmente consultada."
"chamada","festival-slamdance-research-2027-call-breakouts","festival-slamdance","festival-slamdance-source-1","Slamdance 2027 — Festival Submit","https://slamdance.com/festival-submit/","oficial","edição 2027","Página ou regulamento consultado","confirmado na edição atual","confirmado","2026-10-04","2026-10-04","localização | atividade | categorias | duração | elegibilidade territorial | produção/conclusão | estreia | exibição online | pessoa autorizada a inscrever | taxas | abertura | encerramento | realização | relevância","Página oficial de regras, categorias, prazos e taxas integralmente consultada."
"chamada","festival-slamdance-research-2027-call-shorts","festival-slamdance","festival-slamdance-source-1","Slamdance 2027 — Festival Submit","https://slamdance.com/festival-submit/","oficial","edição 2027","Página ou regulamento consultado","confirmado na edição atual","confirmado","2026-10-04","2026-10-04","localização | atividade | categorias | duração | elegibilidade territorial | produção/conclusão | estreia | exibição online | pessoa autorizada a inscrever | taxas | abertura | encerramento | realização | relevância","Página oficial de regras, categorias, prazos e taxas integralmente consultada."
"chamada","festival-siff-research-2026-general","festival-siff","festival-siff-source-1","SIFF 2027 — Call for Entries","https://www.siff.net/media/news/pr-festival-2027-call-for-entries","oficial","53ª edição / 2027","Página ou regulamento consultado","confirmado na edição atual","confirmado","2026-10-04","2026-10-04","localização | atividade | categorias | duração | elegibilidade territorial | produção/conclusão | estreia | exibição online | pessoa autorizada a inscrever | taxas | abertura | encerramento | realização | relevância","Comunicado oficial atual consultado."
"chamada","festival-siff-research-2026-general","festival-siff","festival-siff-source-2","SIFF 2027 — FilmFreeway","https://filmfreeway.com/SIFF","plataforma de inscrição","53ª edição / 2027","Página ou regulamento consultado","confirmado na edição atual","confirmado","2026-10-04","2026-10-04","localização | atividade | categorias | duração | elegibilidade territorial | produção/conclusão | estreia | exibição online | pessoa autorizada a inscrever | taxas | abertura | encerramento | realização | relevância","Regras, categorias, taxas e prazos atuais integralmente consultados."
"chamada","festival-siff-research-2026-call-short","festival-siff","festival-siff-source-1","SIFF 2027 — Call for Entries","https://www.siff.net/media/news/pr-festival-2027-call-for-entries","oficial","53ª edição / 2027","Página ou regulamento consultado","confirmado na edição atual","confirmado","2026-10-04","2026-10-04","localização | atividade | categorias | duração | elegibilidade territorial | produção/conclusão | estreia | exibição online | pessoa autorizada a inscrever | taxas | abertura | encerramento | realização | relevância","Comunicado oficial atual consultado."
"chamada","festival-siff-research-2026-call-short","festival-siff","festival-siff-source-2","SIFF 2027 — FilmFreeway","https://filmfreeway.com/SIFF","plataforma de inscrição","53ª edição / 2027","Página ou regulamento consultado","confirmado na edição atual","confirmado","2026-10-04","2026-10-04","localização | atividade | categorias | duração | elegibilidade territorial | produção/conclusão | estreia | exibição online | pessoa autorizada a inscrever | taxas | abertura | encerramento | realização | relevância","Regras, categorias, taxas e prazos atuais integralmente consultados."
"chamada","festival-sffilm-research-2027-general","festival-sffilm","festival-sffilm-source-1","SFFILM 2027 — FAQ","https://sffilm.org/yr-faq/","oficial","70ª edição / 2027","Página ou regulamento consultado","confirmado na edição atual","confirmado","2026-10-04","2026-10-04","localização | atividade | categorias | duração | elegibilidade territorial | produção/conclusão | estreia | exibição online | pessoa autorizada a inscrever | taxas | abertura | encerramento | realização | relevância","FAQ oficial confirma 70ª edição, datas e chamada aberta."
"chamada","festival-sffilm-research-2027-general","festival-sffilm","festival-sffilm-source-2","SFFILM 2027 — FilmFreeway","https://filmfreeway.com/SFFILMFestival","plataforma de inscrição","70ª edição / 2027","Página ou regulamento consultado","confirmado na edição atual","confirmado","2026-10-04","2026-10-04","localização | atividade | categorias | duração | elegibilidade territorial | produção/conclusão | estreia | exibição online | pessoa autorizada a inscrever | taxas | abertura | encerramento | realização | relevância","Prazos, categorias e taxas atuais consultados."
"chamada","festival-sffilm-research-2027-general","festival-sffilm","festival-sffilm-source-3","SFFILM — Entry Info","https://sffilm.org/entry-info/","oficial","70ª edição / 2027","Página ou regulamento consultado","confirmado na edição atual","parcial","2026-10-04","2026-10-04","localização | atividade | categorias | duração | elegibilidade territorial | produção/conclusão | estreia | exibição online | pessoa autorizada a inscrever | taxas | abertura | encerramento | realização | relevância","Página oficial ainda exibe regras e datas da 69ª/2026; usada somente para documentar a defasagem, não para promover regras como 2027."
"chamada","festival-sffilm-research-2027-call-mid","festival-sffilm","festival-sffilm-source-1","SFFILM 2027 — FAQ","https://sffilm.org/yr-faq/","oficial","70ª edição / 2027","Página ou regulamento consultado","confirmado na edição atual","confirmado","2026-10-04","2026-10-04","localização | atividade | categorias | duração | elegibilidade territorial | produção/conclusão | estreia | exibição online | pessoa autorizada a inscrever | taxas | abertura | encerramento | realização | relevância","FAQ oficial confirma 70ª edição, datas e chamada aberta."
"chamada","festival-sffilm-research-2027-call-mid","festival-sffilm","festival-sffilm-source-2","SFFILM 2027 — FilmFreeway","https://filmfreeway.com/SFFILMFestival","plataforma de inscrição","70ª edição / 2027","Página ou regulamento consultado","confirmado na edição atual","confirmado","2026-10-04","2026-10-04","localização | atividade | categorias | duração | elegibilidade territorial | produção/conclusão | estreia | exibição online | pessoa autorizada a inscrever | taxas | abertura | encerramento | realização | relevância","Prazos, categorias e taxas atuais consultados."
"chamada","festival-sffilm-research-2027-call-mid","festival-sffilm","festival-sffilm-source-3","SFFILM — Entry Info","https://sffilm.org/entry-info/","oficial","70ª edição / 2027","Página ou regulamento consultado","confirmado na edição atual","parcial","2026-10-04","2026-10-04","localização | atividade | categorias | duração | elegibilidade territorial | produção/conclusão | estreia | exibição online | pessoa autorizada a inscrever | taxas | abertura | encerramento | realização | relevância","Página oficial ainda exibe regras e datas da 69ª/2026; usada somente para documentar a defasagem, não para promover regras como 2027."
"chamada","festival-sffilm-research-2027-call-short","festival-sffilm","festival-sffilm-source-1","SFFILM 2027 — FAQ","https://sffilm.org/yr-faq/","oficial","70ª edição / 2027","Página ou regulamento consultado","confirmado na edição atual","confirmado","2026-10-04","2026-10-04","localização | atividade | categorias | duração | elegibilidade territorial | produção/conclusão | estreia | exibição online | pessoa autorizada a inscrever | taxas | abertura | encerramento | realização | relevância","FAQ oficial confirma 70ª edição, datas e chamada aberta."
"chamada","festival-sffilm-research-2027-call-short","festival-sffilm","festival-sffilm-source-2","SFFILM 2027 — FilmFreeway","https://filmfreeway.com/SFFILMFestival","plataforma de inscrição","70ª edição / 2027","Página ou regulamento consultado","confirmado na edição atual","confirmado","2026-10-04","2026-10-04","localização | atividade | categorias | duração | elegibilidade territorial | produção/conclusão | estreia | exibição online | pessoa autorizada a inscrever | taxas | abertura | encerramento | realização | relevância","Prazos, categorias e taxas atuais consultados."
"chamada","festival-sffilm-research-2027-call-short","festival-sffilm","festival-sffilm-source-3","SFFILM — Entry Info","https://sffilm.org/entry-info/","oficial","70ª edição / 2027","Página ou regulamento consultado","confirmado na edição atual","parcial","2026-10-04","2026-10-04","localização | atividade | categorias | duração | elegibilidade territorial | produção/conclusão | estreia | exibição online | pessoa autorizada a inscrever | taxas | abertura | encerramento | realização | relevância","Página oficial ainda exibe regras e datas da 69ª/2026; usada somente para documentar a defasagem, não para promover regras como 2027."
"chamada","festival-frameline-research-2026-general","festival-frameline","festival-frameline-source-1","Frameline51 — festival","https://www.frameline.org/festival","oficial","51ª edição / 2027","Página ou regulamento consultado","confirmado na edição atual","parcial","2026-10-04","2026-10-04","localização | atividade | categorias | duração | elegibilidade territorial | produção/conclusão | estreia | exibição online | pessoa autorizada a inscrever | taxas | abertura | encerramento | realização | relevância","Página oficial confirma evento, cidades e calendário futuro; chamada abrirá em 21/10/2026, após a data desta pesquisa."
"chamada","festival-newfest-research-2026-general","festival-newfest","festival-newfest-source-1","NewFest38 — FilmFreeway","https://filmfreeway.com/NewFest","plataforma de inscrição","38ª edição / 2026","Página ou regulamento consultado","confirmado na edição atual","confirmado","2026-10-04","2026-10-04","localização | atividade | categorias | duração | elegibilidade territorial | produção/conclusão | estreia | exibição online | pessoa autorizada a inscrever | taxas | abertura | encerramento | realização | relevância","Regras, categorias, prazos e taxas da edição atual consultados."
"chamada","festival-newfest-research-2026-general","festival-newfest","festival-newfest-source-2","NewFest38 — página oficial","https://newfest.org/festival-2026/","oficial","38ª edição / 2026","Página ou regulamento consultado","confirmado na edição atual","confirmado","2026-10-04","2026-10-04","localização | atividade | categorias | duração | elegibilidade territorial | produção/conclusão | estreia | exibição online | pessoa autorizada a inscrever | taxas | abertura | encerramento | realização | relevância","Página oficial confirma edição, datas e formato híbrido."
"chamada","festival-newfest-research-2026-call-shorts","festival-newfest","festival-newfest-source-1","NewFest38 — FilmFreeway","https://filmfreeway.com/NewFest","plataforma de inscrição","38ª edição / 2026","Página ou regulamento consultado","confirmado na edição atual","confirmado","2026-10-04","2026-10-04","localização | atividade | categorias | duração | elegibilidade territorial | produção/conclusão | estreia | exibição online | pessoa autorizada a inscrever | taxas | abertura | encerramento | realização | relevância","Regras, categorias, prazos e taxas da edição atual consultados."
"chamada","festival-newfest-research-2026-call-shorts","festival-newfest","festival-newfest-source-2","NewFest38 — página oficial","https://newfest.org/festival-2026/","oficial","38ª edição / 2026","Página ou regulamento consultado","confirmado na edição atual","confirmado","2026-10-04","2026-10-04","localização | atividade | categorias | duração | elegibilidade territorial | produção/conclusão | estreia | exibição online | pessoa autorizada a inscrever | taxas | abertura | encerramento | realização | relevância","Página oficial confirma edição, datas e formato híbrido."
"chamada","festival-insideout-research-2026-general","festival-insideout","festival-insideout-source-1","Inside Out 2027 — Submissions","https://insideout.ca/home/submissions/","oficial","37ª edição / 2027","Página ou regulamento consultado","confirmado na edição atual","confirmado","2026-10-04","2026-10-04","localização | atividade | categorias | duração | elegibilidade territorial | produção/conclusão | estreia | exibição online | pessoa autorizada a inscrever | taxas | abertura | encerramento | realização | relevância","Página oficial de regras e prazos integralmente consultada."
"chamada","festival-insideout-research-2026-general","festival-insideout","festival-insideout-source-2","Inside Out 2027 — FilmFreeway","https://filmfreeway.com/InsideOut2SLGBTQ","plataforma de inscrição","37ª edição / 2027","Página ou regulamento consultado","confirmado na edição atual","confirmado","2026-10-04","2026-10-04","localização | atividade | categorias | duração | elegibilidade territorial | produção/conclusão | estreia | exibição online | pessoa autorizada a inscrever | taxas | abertura | encerramento | realização | relevância","Categorias e taxas atuais consultadas."
"chamada","festival-insideout-research-2026-call-shorts","festival-insideout","festival-insideout-source-1","Inside Out 2027 — Submissions","https://insideout.ca/home/submissions/","oficial","37ª edição / 2027","Página ou regulamento consultado","confirmado na edição atual","confirmado","2026-10-04","2026-10-04","localização | atividade | categorias | duração | elegibilidade territorial | produção/conclusão | estreia | exibição online | pessoa autorizada a inscrever | taxas | abertura | encerramento | realização | relevância","Página oficial de regras e prazos integralmente consultada."
"chamada","festival-insideout-research-2026-call-shorts","festival-insideout","festival-insideout-source-2","Inside Out 2027 — FilmFreeway","https://filmfreeway.com/InsideOut2SLGBTQ","plataforma de inscrição","37ª edição / 2027","Página ou regulamento consultado","confirmado na edição atual","confirmado","2026-10-04","2026-10-04","localização | atividade | categorias | duração | elegibilidade territorial | produção/conclusão | estreia | exibição online | pessoa autorizada a inscrever | taxas | abertura | encerramento | realização | relevância","Categorias e taxas atuais consultadas."
"chamada","festival-insideout-research-2026-call-experimental","festival-insideout","festival-insideout-source-1","Inside Out 2027 — Submissions","https://insideout.ca/home/submissions/","oficial","37ª edição / 2027","Página ou regulamento consultado","confirmado na edição atual","confirmado","2026-10-04","2026-10-04","localização | atividade | categorias | duração | elegibilidade territorial | produção/conclusão | estreia | exibição online | pessoa autorizada a inscrever | taxas | abertura | encerramento | realização | relevância","Página oficial de regras e prazos integralmente consultada."
"chamada","festival-insideout-research-2026-call-experimental","festival-insideout","festival-insideout-source-2","Inside Out 2027 — FilmFreeway","https://filmfreeway.com/InsideOut2SLGBTQ","plataforma de inscrição","37ª edição / 2027","Página ou regulamento consultado","confirmado na edição atual","confirmado","2026-10-04","2026-10-04","localização | atividade | categorias | duração | elegibilidade territorial | produção/conclusão | estreia | exibição online | pessoa autorizada a inscrever | taxas | abertura | encerramento | realização | relevância","Categorias e taxas atuais consultadas."
"chamada","festival-bfiflare-research-2026-general","festival-bfiflare","festival-bfiflare-source-1","BFI Flare 2026 — balanço oficial","https://www.bfi.org.uk/news/40th-edition-bfi-flare-london-lgbtqia-film-festival-wraps","oficial","40ª edição / 2026","Página ou regulamento consultado","confirmado em edição anterior","parcial","2026-10-04","2026-10-04","atividade | localização | realização | categorias | relevância","Última edição documental localizada; nenhuma chamada ou data 2027 foi publicada até 4/10/2026."
"chamada","festival-nashville-research-2026-general","festival-nashville","festival-nashville-source-1","Nashville Film Festival 2026 — entries","https://nashvillefilmfestival.org/2026-festival-entries/","oficial","57ª edição / 2026","Página ou regulamento consultado","confirmado em edição anterior","confirmado","2026-10-04","2026-10-04","localização | atividade | categorias | duração | elegibilidade territorial | produção/conclusão | estreia | exibição online | pessoa autorizada a inscrever | taxas | abertura | encerramento | realização | relevância","Última chamada oficial localizada; nenhuma inscrição 2027 foi publicada até 4/10/2026."
"chamada","festival-nashville-research-2026-general","festival-nashville","festival-nashville-source-2","NashFilm 2026 — FilmFreeway","https://filmfreeway.com/NashFilm","plataforma de inscrição","57ª edição / 2026","Página ou regulamento consultado","confirmado em edição anterior","confirmado","2026-10-04","2026-10-04","localização | atividade | categorias | duração | elegibilidade territorial | produção/conclusão | estreia | exibição online | pessoa autorizada a inscrever | taxas | abertura | encerramento | realização | relevância","Regras, taxas e categorias da última edição consultadas."
"chamada","festival-nashville-research-2026-call-shorts","festival-nashville","festival-nashville-source-1","Nashville Film Festival 2026 — entries","https://nashvillefilmfestival.org/2026-festival-entries/","oficial","57ª edição / 2026","Página ou regulamento consultado","confirmado em edição anterior","confirmado","2026-10-04","2026-10-04","localização | atividade | categorias | duração | elegibilidade territorial | produção/conclusão | estreia | exibição online | pessoa autorizada a inscrever | taxas | abertura | encerramento | realização | relevância","Última chamada oficial localizada; nenhuma inscrição 2027 foi publicada até 4/10/2026."
"chamada","festival-nashville-research-2026-call-shorts","festival-nashville","festival-nashville-source-2","NashFilm 2026 — FilmFreeway","https://filmfreeway.com/NashFilm","plataforma de inscrição","57ª edição / 2026","Página ou regulamento consultado","confirmado em edição anterior","confirmado","2026-10-04","2026-10-04","localização | atividade | categorias | duração | elegibilidade territorial | produção/conclusão | estreia | exibição online | pessoa autorizada a inscrever | taxas | abertura | encerramento | realização | relevância","Regras, taxas e categorias da última edição consultadas."
"chamada","festival-bogoshorts-research-2026-general","festival-bogoshorts","festival-bogoshorts-source-1","BOGOSHORTS 24 — Reglamento","https://info.bogoshorts.com/sccs/prensa/2026/docs_2026/Reglamento_24BS_ESP.pdf","oficial","24ª edição / 2026","Página ou regulamento consultado","confirmado na edição atual","confirmado","2026-10-04","2026-10-04","localização | atividade | categorias | duração | elegibilidade territorial | produção/conclusão | estreia | exibição online | pessoa autorizada a inscrever | taxas | abertura | encerramento | realização | relevância","Regulamento oficial de 10 páginas integralmente consultado."
"chamada","festival-bogoshorts-research-2026-general","festival-bogoshorts","festival-bogoshorts-source-2","BOGOSHORTS 2026 — convocatoria","https://info.bogoshorts.com/sccs/prensa/2026/24bsff/002_conv_24bsff_10bfm.html","oficial","24ª edição / 2026","Página ou regulamento consultado","confirmado na edição atual","confirmado","2026-10-04","2026-10-04","localização | atividade | categorias | duração | elegibilidade territorial | produção/conclusão | estreia | exibição online | pessoa autorizada a inscrever | taxas | abertura | encerramento | realização | relevância","Comunicado oficial confirma abertura, encerramento, estreia e categorias."
"chamada","festival-bogoshorts-research-2026-call-f3","festival-bogoshorts","festival-bogoshorts-source-1","BOGOSHORTS 24 — Reglamento","https://info.bogoshorts.com/sccs/prensa/2026/docs_2026/Reglamento_24BS_ESP.pdf","oficial","24ª edição / 2026","Página ou regulamento consultado","confirmado na edição atual","confirmado","2026-10-04","2026-10-04","localização | atividade | categorias | duração | elegibilidade territorial | produção/conclusão | estreia | exibição online | pessoa autorizada a inscrever | taxas | abertura | encerramento | realização | relevância","Regulamento oficial de 10 páginas integralmente consultado."
"chamada","festival-bogoshorts-research-2026-call-f3","festival-bogoshorts","festival-bogoshorts-source-2","BOGOSHORTS 2026 — convocatoria","https://info.bogoshorts.com/sccs/prensa/2026/24bsff/002_conv_24bsff_10bfm.html","oficial","24ª edição / 2026","Página ou regulamento consultado","confirmado na edição atual","confirmado","2026-10-04","2026-10-04","localização | atividade | categorias | duração | elegibilidade territorial | produção/conclusão | estreia | exibição online | pessoa autorizada a inscrever | taxas | abertura | encerramento | realização | relevância","Comunicado oficial confirma abertura, encerramento, estreia e categorias."
"chamada","festival-bogoshorts-research-2026-call-national","festival-bogoshorts","festival-bogoshorts-source-1","BOGOSHORTS 24 — Reglamento","https://info.bogoshorts.com/sccs/prensa/2026/docs_2026/Reglamento_24BS_ESP.pdf","oficial","24ª edição / 2026","Página ou regulamento consultado","confirmado na edição atual","confirmado","2026-10-04","2026-10-04","localização | atividade | categorias | duração | elegibilidade territorial | produção/conclusão | estreia | exibição online | pessoa autorizada a inscrever | taxas | abertura | encerramento | realização | relevância","Regulamento oficial de 10 páginas integralmente consultado."
"chamada","festival-bogoshorts-research-2026-call-national","festival-bogoshorts","festival-bogoshorts-source-2","BOGOSHORTS 2026 — convocatoria","https://info.bogoshorts.com/sccs/prensa/2026/24bsff/002_conv_24bsff_10bfm.html","oficial","24ª edição / 2026","Página ou regulamento consultado","confirmado na edição atual","confirmado","2026-10-04","2026-10-04","localização | atividade | categorias | duração | elegibilidade territorial | produção/conclusão | estreia | exibição online | pessoa autorizada a inscrever | taxas | abertura | encerramento | realização | relevância","Comunicado oficial confirma abertura, encerramento, estreia e categorias."
