"festival_id","festival","país","localidades","edição_consultada","confiança_edição","chamadas","chamadas_confirmadas","regulamento","último_acesso","localização","atividade","categorias","duração","elegibilidade territorial","produção/conclusão","estreia","exibição online","pessoa autorizada a inscrever","taxas","abertura","encerramento","realização","relevância","pendências"
"festival-001","Festival de Brasília do Cinema Brasileiro","Brasil","Brasília / DF / Brasil","2026 / 59","confirmado","4","4","https://festcinebrasilia.com.br/inscricoes/","2026-10-04","confirmado na edição atual","confirmado na edição atual","confirmado na edição atual","confirmado na edição atual","confirmado na edição atual","confirmado na edição atual","confirmado na edição atual","pendente","confirmado na edição atual","não localizado","confirmado na edição atual","confirmado na edição atual","confirmado na edição atual","confirmado na edição atual","exibição online | taxas"
"festival-002","Festival de Cinema de Gramado","Brasil","Gramado / RS / Brasil","2026 / 54","parcial","3","3","https://inscricoescinema.com.br/wp-content/themes/inscricoes-festival/images/docs/Regulamento-LMB-LMDB-CMB-54o-Festival-de-Cinema-de-Gramado.pdf","2026-10-04","confirmado na edição atual","confirmado na edição atual","não localizado","confirmado na edição atual","confirmado na edição atual","confirmado na edição atual","confirmado na edição atual","confirmado na edição atual","confirmado na edição atual","não localizado","confirmado na edição atual","confirmado na edição atual","confirmado na edição atual","confirmado na edição atual","categorias | taxas"
"festival-003","Curta Kinoforum — Festival Internacional de Curtas de São Paulo","Brasil","São Paulo / SP / Brasil","2026 / 37","confirmado","3","3","https://2026.kinoforum.org/sobre-o-festival/regulamento","2026-10-04","confirmado na edição atual","confirmado na edição atual","confirmado na edição atual","confirmado na edição atual","confirmado na edição atual","confirmado na edição atual","confirmado na edição atual","confirmado na edição atual","não localizado","não localizado","não localizado","confirmado na edição atual","confirmado na edição atual","confirmado na edição atual","pessoa autorizada a inscrever | taxas | abertura"
"festival-004","Curta Cinema — Festival Internacional de Curtas do Rio","Brasil","Rio de Janeiro / RJ / Brasil","2027 / 36","confirmado","2","2","https://curtacinema.com.br/regulamento-nacional-35-edicao/","2026-10-04","confirmado na edição atual","confirmado na edição atual","confirmado na edição atual","confirmado na edição atual","confirmado na edição atual","confirmado na edição atual","confirmado na edição atual","confirmado na edição atual","não localizado","confirmado na edição atual","confirmado na edição atual","confirmado na edição atual","confirmado na edição atual","confirmado na edição atual","pessoa autorizada a inscrever"
"festival-005","É Tudo Verdade — Festival Internacional de Documentários","Brasil","São Paulo / SP / Brasil | Rio de Janeiro / RJ / Brasil","2026 / 31","confirmado","4","4","https://etudoverdade.com.br/inscricao_2026_/Regulamento-E-Tudo-Verdade-2026.pdf","2026-10-04","confirmado na edição atual","confirmado na edição atual","confirmado na edição atual","confirmado na edição atual","confirmado na edição atual","confirmado na edição atual","não localizado","não localizado","confirmado na edição atual","confirmado na edição atual","confirmado na edição atual","confirmado na edição atual","confirmado na edição atual","confirmado na edição atual","estreia | exibição online"
"festival-006","Mostra de Cinema de Tiradentes","Brasil","Tiradentes / MG / Brasil","2027 / 30","parcial","4","0","https://mostratiradentes.com.br/2026/n/30a-mostra-de-cinema-de-tiradentes-abre-inscricoes-para-filmes-brasileiros-e-o-seu-filme-pode-fazer-parte-desta-edicao-historica/","2026-10-04","confirmado na edição atual","confirmado na edição atual","confirmado na edição atual","confirmado na edição atual","confirmado na edição atual","confirmado na edição atual","confirmado na edição atual","não localizado","não localizado","confirmado na edição atual","confirmado na edição atual","confirmado na edição atual","confirmado na edição atual","confirmado na edição atual","exibição online | pessoa autorizada a inscrever"
"festival-007","Festival do Rio","Brasil","Rio de Janeiro / RJ / Brasil","2026 / 28","confirmado","2","2","https://festivaldorio.s3.us-east-1.amazonaws.com/2026/regulamento-premiere-brasil-2026/regulamento-premiere-brasil-2026.pdf","2026-10-04","confirmado na edição atual","confirmado na edição atual","confirmado na edição atual","confirmado na edição atual","confirmado na edição atual","confirmado na edição atual","confirmado na edição atual","confirmado na edição atual","confirmado na edição atual","confirmado na edição atual","confirmado na edição atual","confirmado na edição atual","confirmado na edição atual","confirmado na edição atual",""
"festival-008","Olhar de Cinema — Festival Internacional de Curitiba","Brasil","Curitiba / PR / Brasil","2026 / 15","parcial","2","0","https://olhardecinema.com.br/regulamento/filme?lang=pt","2026-10-04","confirmado na edição atual","confirmado na edição atual","não localizado","não localizado","não localizado","confirmado na edição atual","não localizado","não localizado","não localizado","não localizado","não localizado","confirmado na edição atual","confirmado na edição atual","confirmado na edição atual","categorias | duração | elegibilidade territorial | estreia | exibição online | pessoa autorizada a inscrever | taxas | abertura"
"festival-009","FestCurtasBH — Festival Internacional de Curtas de Belo Horizonte","Brasil","Belo Horizonte / MG / Brasil","2026 / 28","confirmado","3","3","https://fcs.mg.gov.br/wp-content/uploads/2026/03/Edital_Regulation_28oFestCurtasBH_2026.FINAL_.pdf","2026-10-04","confirmado na edição atual","confirmado na edição atual","confirmado na edição atual","confirmado na edição atual","confirmado na edição atual","confirmado na edição atual","confirmado na edição atual","não localizado","confirmado na edição atual","confirmado na edição atual","confirmado na edição atual","confirmado na edição atual","confirmado na edição atual","confirmado na edição atual","exibição online"
"festival-010","Janela Internacional de Cinema do Recife","Brasil","Recife / PE / Brasil","2025 / 16","parcial","1","0","https://janeladecinema.com.br/","2026-10-04","não localizado","não localizado","não localizado","não localizado","não localizado","não localizado","não localizado","não localizado","não localizado","não localizado","não localizado","não localizado","não localizado","não localizado","localização | atividade | categorias | duração | elegibilidade territorial | produção/conclusão | estreia | exibição online | pessoa autorizada a inscrever | taxas | abertura | encerramento | realização | relevância"
"festival-011","Cine Ceará — Festival Ibero-Americano de Cinema","Brasil","Fortaleza / CE / Brasil","2026 / 36","parcial","3","0","https://cineceara.com/inscricoes/es/home-es.html","2026-10-04","confirmado na edição atual","confirmado na edição atual","confirmado na edição atual","confirmado na edição atual","confirmado na edição atual","confirmado na edição atual","confirmado na edição atual","não localizado","não localizado","confirmado na edição atual","confirmado na edição atual","confirmado na edição atual","confirmado na edição atual","confirmado na edição atual","exibição online | pessoa autorizada a inscrever"
"festival-012","Cine PE — Festival do Audiovisual","Brasil","Recife / PE / Brasil","2026 / 30","confirmado","3","3","https://festivalcinepe.com.br/wp-content/uploads/2025/11/Regulamento.pdf","2026-10-04","confirmado na edição atual","confirmado na edição atual","confirmado na edição atual","confirmado na edição atual","confirmado na edição atual","não localizado","confirmado na edição atual","não localizado","não localizado","não localizado","confirmado na edição atual","confirmado na edição atual","confirmado na edição atual","confirmado na edição atual","produção/conclusão | exibição online | pessoa autorizada a inscrever | taxas"
"festival-013","Festival de Cinema de Vitória","Brasil","Vitória / ES / Brasil","2026 / 33","confirmado","2","2","https://festivaldevitoria.com.br/33fv/regulamento/","2026-10-04","confirmado na edição atual","confirmado na edição atual","confirmado na edição atual","confirmado na edição atual","confirmado na edição atual","confirmado na edição atual","confirmado na edição atual","não localizado","confirmado na edição atual","confirmado na edição atual","confirmado na edição atual","confirmado na edição atual","confirmado na edição atual","confirmado na edição atual","exibição online"
"festival-014","Panorama Internacional Coisa de Cinema","Brasil","Salvador / BA / Brasil | Cachoeira / BA / Brasil","2027 / 22","confirmado","6","6","https://panorama.coisadecinema.com.br/wp-content/uploads/2026/09/Regulamento_Rules-and-Terms_Panorama2027.pdf","2026-10-04","confirmado na edição atual","confirmado na edição atual","confirmado na edição atual","confirmado na edição atual","confirmado na edição atual","confirmado na edição atual","confirmado na edição atual","não localizado","confirmado na edição atual","confirmado na edição atual","não localizado","confirmado na edição atual","confirmado na edição atual","confirmado na edição atual","exibição online | abertura"
"festival-015","MixBrasil — Festival de Cultura da Diversidade","Brasil","São Paulo / SP / Brasil","2026 / 34","confirmado","7","7","https://filmfreeway.com/FestivalMixBrasil","2026-10-04","confirmado na edição atual","confirmado na edição atual","confirmado na edição atual","confirmado na edição atual","confirmado na edição atual","confirmado na edição atual","informação conflitante","não localizado","confirmado na edição atual","confirmado na edição atual","confirmado na edição atual","confirmado na edição atual","confirmado na edição atual","confirmado na edição atual","estreia | exibição online"
"festival-016","Fantaspoa — Festival Internacional de Cinema Fantástico","Brasil","Porto Alegre / RS / Brasil","2027 / 23","confirmado","5","5","https://filmfreeway.com/fantaspoa","2026-10-04","confirmado na edição atual","confirmado na edição atual","confirmado na edição atual","confirmado na edição atual","confirmado na edição atual","confirmado na edição atual","confirmado na edição atual","confirmado na edição atual","confirmado na edição atual","confirmado na edição atual","confirmado na edição atual","confirmado na edição atual","confirmado na edição atual","confirmado na edição atual",""
"festival-017","FICA — Festival Internacional de Cinema e Vídeo Ambiental","Brasil","Goiás / GO / Brasil","2026 / 27","parcial","4","0","https://web.ufg.br/plateia-editais/","2026-10-04","confirmado na edição atual","confirmado na edição atual","confirmado na edição atual","não localizado","não localizado","não localizado","não localizado","não localizado","não localizado","não localizado","não localizado","não localizado","confirmado na edição atual","confirmado na edição atual","duração | elegibilidade territorial | produção/conclusão | estreia | exibição online | pessoa autorizada a inscrever | taxas | abertura | encerramento"
"festival-018","Mostra Ecofalante de Cinema","Brasil","São Paulo / SP / Brasil","2026 / 15","confirmado","2","2","https://ecofalante.org.br/competicao/territorios-2026","2026-10-04","confirmado na edição atual","confirmado na edição atual","confirmado na edição atual","confirmado na edição atual","confirmado na edição atual","confirmado na edição atual","confirmado na edição atual","não localizado","confirmado na edição atual","confirmado na edição atual","confirmado na edição atual","confirmado na edição atual","confirmado na edição atual","confirmado na edição atual","exibição online"
"festival-020","CineBH — Mostra Internacional de Cinema de Belo Horizonte","Brasil","Belo Horizonte / MG / Brasil","2026 / 20","parcial","3","0","https://universoproducao.com.br/news/inscricoes-de-filmes-para-a-20a-cinebh-mostra-internacional-de-cinema-de-belo-horizonte-estao-abertas-ate-24-de-abril/","2026-10-04","confirmado na edição atual","confirmado na edição atual","confirmado na edição atual","não localizado","confirmado na edição atual","confirmado na edição atual","não localizado","não localizado","não localizado","confirmado na edição atual","confirmado na edição atual","confirmado na edição atual","confirmado na edição atual","confirmado na edição atual","duração | estreia | exibição online | pessoa autorizada a inscrever"
"festival-021","Mostra de Cinema Infantil de Florianópolis","Brasil","Florianópolis / SC / Brasil | Grande Florianópolis / SC / Brasil","2026 / 25","parcial","1","0","https://www.mostradecinemainfantil.com.br/registration-2026/","2026-10-04","confirmado na edição atual","confirmado na edição atual","informação conflitante","confirmado na edição atual","informação conflitante","não localizado","confirmado na edição atual","confirmado na edição atual","confirmado na edição atual","confirmado na edição atual","não localizado","confirmado na edição atual","confirmado na edição atual","confirmado na edição atual","categorias | elegibilidade territorial | produção/conclusão | abertura"
"festival-022","forumdoc.bh — Festival do Filme Documentário e Etnográfico","Brasil","Belo Horizonte / MG / Brasil","2026 / 30","parcial","1","0","https://www.forumdoc.org.br/noticias/inscricoes-forumdoc-bh-2026","2026-10-04","confirmado na edição atual","confirmado na edição atual","confirmado na edição atual","confirmado na edição atual","confirmado na edição atual","confirmado na edição atual","não localizado","não localizado","não localizado","não localizado","não localizado","não localizado","confirmado na edição atual","confirmado na edição atual","estreia | exibição online | pessoa autorizada a inscrever | taxas | abertura | encerramento"
"festival-023","Goiânia Mostra Curtas","Brasil","Goiânia / GO / Brasil","2026 / 24","parcial","4","0","https://agencia.go.gov.br/goiania-mostra-curtas-abre-periodo-de-inscricoes/","2026-10-04","confirmado na edição atual","confirmado na edição atual","confirmado na edição atual","confirmado na edição atual","confirmado na edição atual","confirmado na edição atual","não localizado","não localizado","não localizado","não localizado","não localizado","confirmado na edição atual","confirmado na edição atual","confirmado na edição atual","estreia | exibição online | pessoa autorizada a inscrever | taxas | abertura"
"festival-024","FAM — Florianópolis Audiovisual Mercosul","Brasil","Florianópolis / SC / Brasil","2026 / 30","confirmado","6","6","https://drive.google.com/file/d/161OjVB49PRxfa5VO-Tpk_8VDf7-0qC1w/view?usp=sharing","2026-10-04","confirmado na edição atual","confirmado na edição atual","confirmado na edição atual","confirmado na edição atual","confirmado na edição atual","confirmado na edição atual","confirmado na edição atual","confirmado na edição atual","confirmado na edição atual","não localizado","confirmado na edição atual","confirmado na edição atual","confirmado na edição atual","confirmado na edição atual","taxas"
"festival-025","Fest Aruanda do Audiovisual Internacional da Paraíba","Brasil","João Pessoa / PB / Brasil","2026 / 21","parcial","6","0","https://festaruanda.com.br/sistema/uploads/arquivos/regulamento/regulamento-festaruanda.pdf","2026-10-04","confirmado na edição atual","confirmado na edição atual","confirmado na edição atual","confirmado na edição atual","confirmado na edição atual","confirmado na edição atual","não localizado","não localizado","não localizado","confirmado na edição atual","confirmado na edição atual","confirmado na edição atual","confirmado na edição atual","confirmado na edição atual","estreia | exibição online | pessoa autorizada a inscrever"
"festival-026","Guarnicê de Cinema","Brasil","São Luís / MA / Brasil","2026 / 49","confirmado","6","6","https://guarnice49.ufma.br/wp-content/uploads/2026/01/Edital_49-Guarnice-2026.pdf","2026-10-04","confirmado na edição atual","confirmado na edição atual","confirmado na edição atual","confirmado na edição atual","confirmado na edição atual","confirmado na edição atual","confirmado na edição atual","confirmado na edição atual","confirmado na edição atual","confirmado na edição atual","confirmado na edição atual","confirmado na edição atual","confirmado na edição atual","confirmado na edição atual",""
"festival-027","Mostra de Cinema de Gostoso","Brasil","São Miguel do Gostoso / RN / Brasil","2026 / 13","confirmado","1","1","https://www.mostradecinemadegostoso.com.br/regulamento","2026-10-04","confirmado na edição atual","confirmado na edição atual","confirmado na edição atual","confirmado na edição atual","confirmado na edição atual","confirmado na edição atual","confirmado na edição atual","confirmado na edição atual","confirmado na edição atual","confirmado na edição atual","confirmado na edição atual","confirmado na edição atual","confirmado na edição atual","confirmado na edição atual",""
"festival-028","CachoeiraDoc — Festival de Documentários de Cachoeira","Brasil","Cachoeira / BA / Brasil | São Félix / BA / Brasil","2025 / 10","edição anterior","2","0","https://xcachoeiradoc.com/blog/inscricoesabertas/","2026-10-04","confirmado na edição atual","não localizado","confirmado em edição anterior","confirmado em edição anterior","confirmado em edição anterior","confirmado em edição anterior","não localizado","não localizado","não localizado","não localizado","confirmado em edição anterior","confirmado em edição anterior","confirmado em edição anterior","não localizado","atividade | categorias | duração | elegibilidade territorial | produção/conclusão | estreia | exibição online | pessoa autorizada a inscrever | taxas | abertura | encerramento | realização | relevância"
"festival-029","Cine Esquema Novo — Arte Audiovisual","Brasil","Porto Alegre / RS / Brasil","2026 / 16","parcial","1","0","https://15cen.cineesquemanovo.org/cine-esquema-novo-arte-audiovisual-brasileira-confirma-sua-16a-edicao-e-abre-convocatoria-para-mostra-competitiva-brasil/","2026-10-04","confirmado na edição atual","confirmado na edição atual","confirmado na edição atual","não localizado","confirmado na edição atual","não localizado","não localizado","não localizado","não localizado","não localizado","confirmado na edição atual","confirmado na edição atual","confirmado na edição atual","confirmado na edição atual","duração | produção/conclusão | estreia | exibição online | pessoa autorizada a inscrever | taxas"
"festival-030","In-Edit Brasil — Festival Internacional do Documentário Musical","Brasil","São Paulo / SP / Brasil | Salvador / BA / Brasil | São Luiz do Paraitinga / SP / Brasil | Piracicaba / SP / Brasil","2026 / 18","confirmado","3","3","https://br.in-edit.org/in-edit-brasil-abre-as-inscricoes-para-a-sua-18a-edicao/","2026-10-04","confirmado na edição atual","confirmado na edição atual","confirmado na edição atual","confirmado na edição atual","confirmado na edição atual","confirmado na edição atual","confirmado na edição atual","confirmado na edição atual","não localizado","não localizado","confirmado na edição atual","confirmado na edição atual","confirmado na edição atual","confirmado na edição atual","pessoa autorizada a inscrever | taxas"
"festival-031","Curta Brasília — Festival Internacional de Curta-Metragem","Brasil","Brasília / DF / Brasil","2025 / 13","edição anterior","1","0","https://turismoemfoco.com.br/v1/2025/07/15/13o-curta-brasilia-festival-internacional-de-curta-metragem-abre-inscricoes-ate-o-dia-17-de-agosto/","2026-10-04","confirmado na edição atual","não localizado","confirmado em edição anterior","confirmado em edição anterior","confirmado em edição anterior","confirmado em edição anterior","não localizado","não localizado","não localizado","confirmado em edição anterior","confirmado em edição anterior","confirmado em edição anterior","confirmado em edição anterior","não localizado","atividade | categorias | duração | elegibilidade territorial | produção/conclusão | estreia | exibição online | pessoa autorizada a inscrever | taxas | abertura | encerramento | realização | relevância"
"festival-032","Curta Taquary","Brasil","Taquaritinga do Norte / PE / Brasil","2026 / 19","confirmado","10","10","https://curtataquary.org/incricoes-19-curta-taquary/","2026-10-04","confirmado na edição atual","confirmado na edição atual","confirmado na edição atual","confirmado na edição atual","confirmado na edição atual","confirmado na edição atual","confirmado na edição atual","confirmado na edição atual","confirmado na edição atual","não localizado","confirmado na edição atual","confirmado na edição atual","confirmado na edição atual","confirmado na edição atual","taxas"
"festival-033","Festival Internacional de Cinema da Fronteira","Brasil","Bagé / RS / Brasil | Sant'Ana do Livramento / RS / Brasil","2026 / 17","parcial","1","0","https://www.festivaldafronteira.com.br/","2026-10-04","confirmado na edição atual","confirmado na edição atual","confirmado na edição atual","não localizado","não localizado","não localizado","não localizado","não localizado","não localizado","não localizado","não localizado","não localizado","confirmado na edição atual","confirmado na edição atual","duração | elegibilidade territorial | produção/conclusão | estreia | exibição online | pessoa autorizada a inscrever | taxas | abertura | encerramento"
"festival-034","Curta Santos — Festival de Cinema de Santos","Brasil","Santos / SP / Brasil","2026 / 24","parcial","5","1","https://filmmakers.festhome.com/pt/festival/curta-santos-festival-de-cinema-de-santos","2026-10-04","confirmado na edição atual","confirmado na edição atual","confirmado na edição atual","confirmado na edição atual","confirmado na edição atual","confirmado na edição atual","confirmado na edição atual","não localizado","confirmado na edição atual","confirmado na edição atual","confirmado na edição atual","confirmado na edição atual","confirmado na edição atual","confirmado na edição atual","exibição online"
"festival-035","Festival Kinoarte de Cinema","Brasil","Londrina / PR / Brasil","2026 / 28","parcial","4","0","https://kinoarte.org/festival/schedule/","2026-10-04","confirmado na edição atual","confirmado na edição atual","confirmado na edição atual","confirmado na edição atual","confirmado na edição atual","confirmado na edição atual","confirmado na edição atual","confirmado na edição atual","confirmado na edição atual","não localizado","confirmado na edição atual","confirmado na edição atual","confirmado na edição atual","confirmado na edição atual","taxas"
"festival-036","Curta-SE — Festival Ibero-Americano de Cinema de Sergipe","Brasil","Aracaju / SE / Brasil","2026 / 25","confirmado","5","5","https://curtase.com.br/wp-content/uploads/2026/04/Regulamento_Curta-SE-25_PT.pdf","2026-10-04","confirmado na edição atual","confirmado na edição atual","confirmado na edição atual","confirmado na edição atual","confirmado na edição atual","confirmado na edição atual","confirmado na edição atual","confirmado na edição atual","confirmado na edição atual","não localizado","confirmado na edição atual","confirmado na edição atual","informação conflitante","confirmado na edição atual","taxas | realização"
"festival-037","Curta Canoa — Festival Latino-Americano de Cinema de Canoa Quebrada","Brasil","Canoa Quebrada / CE / Brasil","2025 / 15","edição anterior","1","0","https://curtacanoa.com/wp-content/uploads/2025/04/Regulamento-Espanhol-Curta-Canoa.pdf","2026-10-04","confirmado na edição atual","não localizado","confirmado em edição anterior","confirmado em edição anterior","confirmado em edição anterior","confirmado em edição anterior","confirmado em edição anterior","confirmado em edição anterior","confirmado em edição anterior","confirmado em edição anterior","confirmado em edição anterior","confirmado em edição anterior","confirmado em edição anterior","não localizado","atividade | categorias | duração | elegibilidade territorial | produção/conclusão | estreia | exibição online | pessoa autorizada a inscrever | taxas | abertura | encerramento | realização | relevância"
"festival-038","Festival de Cinema de Triunfo","Brasil","Triunfo / PE / Brasil","2026 / 17","parcial","6","0","https://www.mapacultural.pe.gov.br/oportunidade/3402/#info","2026-10-04","confirmado na edição atual","confirmado na edição atual","confirmado na edição atual","não localizado","confirmado na edição atual","confirmado na edição atual","não localizado","não localizado","confirmado na edição atual","confirmado na edição atual","confirmado na edição atual","confirmado na edição atual","confirmado na edição atual","confirmado na edição atual","duração | estreia | exibição online"
"festival-039","Maranhão na Tela","Brasil","São Luís / MA / Brasil","2026 / 19","parcial","1","0","https://difusoranews.com/evento/19a-festival-maranhao-na-tela-inicia/","2026-10-04","confirmado na edição atual","confirmado na edição atual","confirmado na edição atual","não localizado","confirmado na edição atual","não localizado","não localizado","não localizado","não localizado","não localizado","não localizado","não localizado","confirmado na edição atual","confirmado na edição atual","duração | produção/conclusão | estreia | exibição online | pessoa autorizada a inscrever | taxas | abertura | encerramento"
"festival-040","Circuito Penedo de Cinema","Brasil","Penedo / AL / Brasil","2026 / 16","confirmado","3","3","https://filmfreeway.com/CircuitoPenedodeCinema","2026-10-04","confirmado na edição atual","confirmado na edição atual","confirmado na edição atual","confirmado na edição atual","confirmado na edição atual","confirmado na edição atual","confirmado na edição atual","confirmado na edição atual","confirmado na edição atual","confirmado na edição atual","confirmado na edição atual","confirmado na edição atual","confirmado na edição atual","confirmado na edição atual",""
"festival-041","Santos Film Fest","Brasil","Santos / SP / Brasil","2026 / 12","confirmado","7","7","https://santosfilmfest.wordpress.com/mostra-de-filmes-regulamento/","2026-10-04","confirmado na edição atual","confirmado na edição atual","confirmado na edição atual","confirmado na edição atual","confirmado na edição atual","confirmado na edição atual","confirmado na edição atual","confirmado na edição atual","confirmado na edição atual","confirmado na edição atual","confirmado na edição atual","confirmado na edição atual","confirmado na edição atual","confirmado na edição atual",""
"festival-042","CINEMATO — Festival de Cinema de Cuiabá","Brasil","Cuiabá / MT / Brasil","2026 / 23","confirmado","3","3","https://festivalcinemato.com.br/wp-content/uploads/2026/02/REGULAMENTO_2026_02_revisto.pdf","2026-10-04","confirmado na edição atual","confirmado na edição atual","confirmado na edição atual","confirmado na edição atual","confirmado na edição atual","confirmado na edição atual","confirmado na edição atual","confirmado na edição atual","confirmado na edição atual","confirmado na edição atual","informação conflitante","confirmado na edição atual","confirmado na edição atual","confirmado na edição atual","abertura"
"festival-043","Olhar do Norte — Festival de Cinema da Amazônia","Brasil","Manaus / AM / Brasil","2026 / 8","confirmado","5","5","https://festivalolhardonorte.com/regulamento-festival-olhar-do-norte-2026/","2026-10-04","confirmado na edição atual","confirmado na edição atual","confirmado na edição atual","confirmado na edição atual","confirmado na edição atual","confirmado na edição atual","confirmado na edição atual","confirmado na edição atual","confirmado na edição atual","confirmado na edição atual","confirmado na edição atual","confirmado na edição atual","confirmado na edição atual","confirmado na edição atual",""
"festival-044","Cinefantasy — Festival Internacional de Cinema Fantástico","Brasil","São Paulo / SP / Brasil","2026 / 17","parcial","5","5","https://filmmakers.festhome.com/pt/festival/cinefantasy-international-fantastic-film-festival","2026-10-04","confirmado na edição atual","confirmado na edição atual","confirmado na edição atual","confirmado na edição atual","confirmado na edição atual","confirmado na edição atual","confirmado na edição atual","confirmado na edição atual","confirmado na edição atual","confirmado na edição atual","confirmado na edição atual","informação conflitante","informação conflitante","confirmado na edição atual","encerramento | realização"
"festival-045","RioLGBTQIA+ — Festival Internacional de Cinema LGBTQIA+","Brasil","Rio de Janeiro / RJ / Brasil","2026 / 15","confirmado","5","4","https://www.riolgbtqia.com.br/assets/files/Regulamento_2026-RioLGBTQIA.pdf","2026-10-04","confirmado na edição atual","confirmado na edição atual","confirmado na edição atual","confirmado na edição atual","confirmado na edição atual","confirmado na edição atual","confirmado na edição atual","confirmado na edição atual","não localizado","confirmado na edição atual","não localizado","confirmado na edição atual","confirmado na edição atual","confirmado na edição atual","pessoa autorizada a inscrever | abertura"
"festival-046","Encontro de Cinema Negro Zózimo Bulbul","Brasil","Rio de Janeiro / RJ / Brasil","2026 / 19","parcial","1","0","https://ccjf.trf2.jus.br/programacao/19deg-encontro-de-cinema-negro-zozimo-bulbul","2026-10-04","confirmado na edição atual","confirmado na edição atual","confirmado na edição atual","não localizado","não localizado","não localizado","não localizado","não localizado","não localizado","não localizado","não localizado","não localizado","confirmado na edição atual","confirmado na edição atual","duração | elegibilidade territorial | produção/conclusão | estreia | exibição online | pessoa autorizada a inscrever | taxas | abertura | encerramento"
"festival-047","Dobra — Festival Internacional de Cinema Experimental","Brasil","Rio de Janeiro / RJ / Brasil","2025 / 10","edição anterior","1","0","https://ccbb.com.br/rio-de-janeiro/programacao/dobra-festival-internacional-de-cinema-experimental/","2026-10-04","confirmado na edição atual","não localizado","confirmado em edição anterior","não localizado","confirmado em edição anterior","confirmado em edição anterior","não localizado","não localizado","não localizado","não localizado","não localizado","não localizado","confirmado em edição anterior","confirmado em edição anterior","atividade | categorias | duração | elegibilidade territorial | produção/conclusão | estreia | exibição online | pessoa autorizada a inscrever | taxas | abertura | encerramento | realização | relevância"
"festival-048","Festival ECRÃ — Cinema e Arte Experimental","Brasil","Rio de Janeiro / RJ / Brasil","2027 / 11","confirmado","4","4","https://www.festivalecra.com.br/_files/ugd/af0596_f5b4fade3a374d4aa18d1ee5da6aafb3.pdf","2026-10-04","confirmado na edição atual","confirmado na edição atual","confirmado na edição atual","confirmado na edição atual","confirmado na edição atual","não localizado","confirmado na edição atual","confirmado na edição atual","confirmado na edição atual","confirmado na edição atual","confirmado na edição atual","confirmado na edição atual","confirmado na edição atual","confirmado na edição atual","produção/conclusão"
"festival-049","Mostra Sesc de Cinema","Brasil","Brasília / DF / Brasil","2026 / 9","confirmado","3","3","https://cdnsesc.azureedge.net/assets/2026/03/ANEXO-I-REGULAMENTO-9a-MOSTRA-SESC-DE-CINEMA.pdf","2026-10-04","confirmado na edição atual","confirmado na edição atual","confirmado na edição atual","confirmado na edição atual","confirmado na edição atual","confirmado na edição atual","confirmado na edição atual","confirmado na edição atual","confirmado na edição atual","não localizado","confirmado na edição atual","confirmado na edição atual","confirmado na edição atual","confirmado na edição atual","taxas"
"festival-050","Entretodos — Festival de Filmes Curtos e Direitos Humanos","Brasil","São Paulo / SP / Brasil","2026 / 19","confirmado","3","3","https://entretodos.com.br/inscricoes-2026/regulamento/","2026-10-04","confirmado na edição atual","confirmado na edição atual","confirmado na edição atual","confirmado na edição atual","confirmado na edição atual","confirmado na edição atual","confirmado na edição atual","confirmado na edição atual","confirmado na edição atual","confirmado na edição atual","confirmado na edição atual","confirmado na edição atual","confirmado na edição atual","confirmado na edição atual",""
"festival-051","Visões Periféricas","Brasil","Rio de Janeiro / RJ / Brasil","2026 / 19","parcial","4","4","https://visoesperifericas.com.br/regulamento","2026-10-04","confirmado na edição atual","confirmado na edição atual","confirmado na edição atual","confirmado na edição atual","confirmado na edição atual","confirmado na edição atual","não localizado","confirmado na edição atual","não localizado","não localizado","não localizado","não localizado","confirmado na edição atual","confirmado na edição atual","estreia | pessoa autorizada a inscrever | taxas | abertura | encerramento"
"festival-055","Mostra Competitiva de Cinema Negro Adélia Sampaio","Brasil","Brasília / DF / Brasil","2026 / 8","parcial","3","3","https://filmmakers.festhome.com/festival/mostra-competitiva-de-cinema-negro-adelia-sampaio","2026-10-04","confirmado na edição atual","confirmado na edição atual","informação conflitante","confirmado na edição atual","confirmado na edição atual","confirmado na edição atual","não localizado","confirmado na edição atual","não localizado","confirmado na edição atual","confirmado na edição atual","confirmado na edição atual","confirmado na edição atual","confirmado na edição atual","categorias | estreia | pessoa autorizada a inscrever"
"festival-056","EGBÉ — Mostra de Cinema Negro de Sergipe","Brasil","Aracaju / SE / Brasil","2026 / 9","confirmado","1","1","https://egbecinemanegro.com.br/egbe-mostra-de-cinema-negro-abre-inscricoes-para-a-9a-edicao/","2026-10-04","confirmado na edição atual","confirmado na edição atual","confirmado na edição atual","confirmado na edição atual","confirmado na edição atual","confirmado na edição atual","confirmado na edição atual","confirmado na edição atual","não localizado","confirmado na edição atual","confirmado na edição atual","confirmado na edição atual","confirmado na edição atual","confirmado na edição atual","pessoa autorizada a inscrever"
"festival-057","Festival Internacional de Cinema de Ribeirão Preto — FIC Ribeirão","Brasil","Ribeirão Preto / SP / Brasil","2026","parcial","2","2","https://ficrp.com.br/regulacoes/","2026-10-04","confirmado na edição atual","confirmado na edição atual","confirmado na edição atual","não localizado","confirmado na edição atual","confirmado na edição atual","não localizado","não localizado","não localizado","confirmado na edição atual","confirmado na edição atual","confirmado na edição atual","informação conflitante","confirmado na edição atual","duração | estreia | exibição online | pessoa autorizada a inscrever | realização"
"festival-058","FINCAR — Festival Internacional de Cinema de Realizadoras","Brasil","Recife / PE / Brasil | Afogados da Ingazeira / PE / Brasil","2024","edição anterior","1","0","https://fincar.com.br/home/","2026-10-04","confirmado na edição atual","não localizado","confirmado em edição anterior","não localizado","confirmado em edição anterior","confirmado em edição anterior","não localizado","não localizado","não localizado","não localizado","confirmado em edição anterior","confirmado em edição anterior","confirmado em edição anterior","não localizado","atividade | categorias | duração | elegibilidade territorial | produção/conclusão | estreia | exibição online | pessoa autorizada a inscrever | taxas | abertura | encerramento | realização | relevância"
"festival-059","FENDA — Festival Experimental de Artes Fílmicas","Brasil","Belo Horizonte / MG / Brasil","2026 / 4","confirmado","4","4","https://filmfreeway.com/fendafestival","2026-10-04","confirmado na edição atual","confirmado na edição atual","confirmado na edição atual","confirmado na edição atual","confirmado na edição atual","confirmado na edição atual","confirmado na edição atual","confirmado na edição atual","confirmado na edição atual","informação conflitante","confirmado na edição atual","confirmado na edição atual","confirmado na edição atual","confirmado na edição atual","taxas"
"festival-060","Festival de Cinema de Caruaru","Brasil","Caruaru / PE / Brasil","2026 / 13","confirmado","9","9","https://filmfreeway.com/FESTIVALDECINEMADECARUARU","2026-10-04","confirmado na edição atual","confirmado na edição atual","confirmado na edição atual","confirmado na edição atual","confirmado na edição atual","confirmado na edição atual","confirmado na edição atual","confirmado na edição atual","confirmado na edição atual","não localizado","confirmado na edição atual","confirmado na edição atual","confirmado na edição atual","confirmado na edição atual","taxas"
"festival-061","Festival Internacional de Cinema de Itabaiana","Brasil","Itabaiana / SE / Brasil","2026 / 5","confirmado","5","5","https://filmmakers.festhome.com/pt/festival/festival-internacional-de-cinema-de-itabaiana","2026-10-04","confirmado na edição atual","confirmado na edição atual","confirmado na edição atual","confirmado na edição atual","confirmado na edição atual","confirmado na edição atual","não localizado","confirmado na edição atual","confirmado na edição atual","confirmado na edição atual","confirmado na edição atual","confirmado na edição atual","informação conflitante","confirmado na edição atual","estreia | realização"
"festival-062","CineAlter — Festival de Cinema de Alter do Chão","Brasil","Alter do Chão / PA / Brasil | Santarém / PA / Brasil","2026 / 6","confirmado","4","4","https://filmfreeway.com/CineAlter","2026-10-04","confirmado na edição atual","confirmado na edição atual","confirmado na edição atual","confirmado na edição atual","confirmado na edição atual","confirmado na edição atual","confirmado na edição atual","informação conflitante","confirmado na edição atual","confirmado na edição atual","não localizado","confirmado na edição atual","confirmado na edição atual","confirmado na edição atual","exibição online | abertura"
"festival-063","Primeiro Plano — Festival de Cinema de Juiz de Fora e Mercocidades","Brasil","Juiz de Fora / MG / Brasil","2026 / 25","confirmado","3","3","https://filmmakers.festhome.com/en/festival/primeiro-plano-festival-de-cinema-de-juiz-de-fora-e-mercocidades","2026-10-04","confirmado na edição atual","confirmado na edição atual","confirmado na edição atual","confirmado na edição atual","confirmado na edição atual","confirmado na edição atual","não localizado","confirmado na edição atual","confirmado na edição atual","confirmado na edição atual","confirmado na edição atual","informação conflitante","confirmado na edição atual","confirmado na edição atual","estreia | encerramento"
"festival-064","Festival de Cinema de Marília","Brasil","Marília / SP / Brasil","2026","parcial","2","0","https://www.festivalcinemamarilia.com.br/","2026-10-04","confirmado na edição atual","confirmado na edição atual","confirmado na edição atual","não localizado","confirmado na edição atual","não localizado","não localizado","não localizado","não localizado","não localizado","confirmado na edição atual","confirmado na edição atual","confirmado na edição atual","confirmado na edição atual","duração | produção/conclusão | estreia | exibição online | pessoa autorizada a inscrever | taxas"
"festival-065","Festival Taguá de Cinema / Festival Taguatinga de Cinema","Brasil","Brasília / DF / Brasil","2025 / 18","edição anterior","2","0","https://festivaltaguatinga.com.br/arquivos/18_festival/Regulamento_18_Festival_Taguatinga.pdf","2026-10-04","confirmado na edição atual","não localizado","confirmado em edição anterior","confirmado em edição anterior","confirmado em edição anterior","confirmado em edição anterior","confirmado em edição anterior","confirmado em edição anterior","confirmado em edição anterior","confirmado em edição anterior","confirmado em edição anterior","confirmado em edição anterior","confirmado em edição anterior","não localizado","atividade | categorias | duração | elegibilidade territorial | produção/conclusão | estreia | exibição online | pessoa autorizada a inscrever | taxas | abertura | encerramento | realização | relevância"
"festival-066","Cinema Urbana — Mostra Internacional de Cinema de Arquitetura","Brasil","Brasília / DF / Brasil","2026 / 6","parcial","2","0","https://filmfreeway.com/CinemaUrbana","2026-10-04","confirmado na edição atual","confirmado na edição atual","confirmado na edição atual","informação conflitante","confirmado na edição atual","confirmado na edição atual","confirmado na edição atual","não localizado","não localizado","confirmado na edição atual","confirmado na edição atual","informação conflitante","informação conflitante","confirmado na edição atual","duração | exibição online | pessoa autorizada a inscrever | encerramento | realização"
"festival-067","NOIA — Festival Internacional do Audiovisual Universitário","Brasil","Fortaleza / CE / Brasil","2026 / 24","confirmado","8","8","https://www.festivalnoia.com.br/post/regulamento-24%C2%BA-noia","2026-10-04","confirmado na edição atual","confirmado na edição atual","confirmado na edição atual","confirmado na edição atual","confirmado na edição atual","confirmado na edição atual","confirmado na edição atual","confirmado na edição atual","confirmado na edição atual","confirmado na edição atual","confirmado na edição atual","confirmado na edição atual","confirmado na edição atual","confirmado na edição atual",""
"festival-068","Metrô — Festival do Cinema Universitário Brasileiro","Brasil","Curitiba / PR / Brasil","2026 / 9","confirmado","1","1","https://metrouniversitario.com.br/regulamento-2026/","2026-10-04","confirmado na edição atual","confirmado na edição atual","confirmado na edição atual","confirmado na edição atual","confirmado na edição atual","confirmado na edição atual","confirmado na edição atual","confirmado na edição atual","confirmado na edição atual","não localizado","não localizado","confirmado na edição atual","confirmado na edição atual","confirmado na edição atual","taxas | abertura"
"festival-069","Curta Caicó — Festival de Cinema de Caicó","Brasil","Caicó / RN / Brasil","2026 / 9","parcial","3","0","https://curtacaico.com.br/curta-caico-abre-convocatoria-de-filmes-para-sua-9a-edicao/","2026-10-04","confirmado na edição atual","confirmado na edição atual","confirmado na edição atual","confirmado na edição atual","confirmado na edição atual","não localizado","não localizado","não localizado","não localizado","confirmado na edição atual","informação conflitante","informação conflitante","confirmado na edição atual","confirmado na edição atual","produção/conclusão | estreia | exibição online | pessoa autorizada a inscrever | abertura | encerramento"
"festival-070","Curta Campos do Jordão — FCCJ","Brasil","Campos do Jordão / SP / Brasil","2026 / 11","confirmado","2","2","https://www.fccj.com.br/","2026-10-04","confirmado na edição atual","confirmado na edição atual","confirmado na edição atual","confirmado na edição atual","confirmado na edição atual","confirmado na edição atual","confirmado na edição atual","confirmado na edição atual","confirmado na edição atual","confirmado na edição atual","não localizado","confirmado na edição atual","confirmado na edição atual","confirmado na edição atual","abertura"
"festival-071","Revoada — Festival Internacional de Cinema de Maceió","Brasil","Maceió / AL / Brasil","2025 / 3","edição anterior","1","0","https://festivalrevoada.com.br/wp-content/uploads/2025/07/REGULAMENTO-FESTIVAL-REVOADA-2025.pdf","2026-10-04","confirmado em edição anterior","não localizado","confirmado em edição anterior","confirmado em edição anterior","confirmado em edição anterior","confirmado em edição anterior","pendente","pendente","pendente","pendente","confirmado em edição anterior","confirmado em edição anterior","confirmado em edição anterior","confirmado em edição anterior","localização | atividade | categorias | duração | elegibilidade territorial | produção/conclusão | estreia | exibição online | pessoa autorizada a inscrever | taxas | abertura | encerramento | realização | relevância"
"festival-072","Curta na Serra — Festival de Cinema ao Ar Livre","Brasil","Bezerros / PE / Brasil","2026 / 7","parcial","3","0","https://curtanaserra.com.br/edition/vii-curta-na-serra/","2026-10-04","confirmado na edição atual","confirmado na edição atual","confirmado na edição atual","não localizado","confirmado na edição atual","não localizado","não localizado","não localizado","não localizado","não localizado","não localizado","não localizado","confirmado na edição atual","confirmado na edição atual","duração | produção/conclusão | estreia | exibição online | pessoa autorizada a inscrever | taxas | abertura | encerramento"
"festival-073","Festival de Cinema de Muriaé","Brasil","Muriaé / MG / Brasil","2026","parcial","1","0","https://festivaldemuriae.com.br/","2026-10-04","confirmado na edição atual","confirmado na edição atual","não localizado","não localizado","não localizado","não localizado","não localizado","não localizado","não localizado","não localizado","confirmado na edição atual","confirmado na edição atual","não localizado","confirmado na edição atual","categorias | duração | elegibilidade territorial | produção/conclusão | estreia | exibição online | pessoa autorizada a inscrever | taxas | realização"
"festival-074","Mostra de Cinema de Fama","Brasil","Fama / MG / Brasil","2026 / 9","parcial","4","0","https://filmfreeway.com/MostraFamadeCinema","2026-10-04","confirmado na edição atual","confirmado na edição atual","confirmado na edição atual","confirmado na edição atual","confirmado na edição atual","confirmado na edição atual","confirmado na edição atual","confirmado na edição atual","confirmado na edição atual","confirmado na edição atual","informação conflitante","informação conflitante","confirmado na edição atual","confirmado na edição atual","abertura | encerramento"
"festival-075","Cine Lapinhô — Festival de Cinema da Lapinha da Serra","Brasil","Santana do Riacho / MG / Brasil","2026 / 3","parcial","1","0","https://cinelapinho.com.br/curtas-metragens/","2026-10-04","confirmado na edição atual","confirmado na edição atual","confirmado na edição atual","confirmado na edição atual","confirmado na edição atual","confirmado na edição atual","confirmado na edição atual","confirmado na edição atual","confirmado na edição atual","confirmado na edição atual","confirmado na edição atual","informação conflitante","confirmado na edição atual","confirmado na edição atual","encerramento"
"festival-076","Seridó Cine — Na Rota da Moda","Brasil","Caicó / RN / Brasil | Acari / RN / Brasil | São José do Seridó / RN / Brasil | Timbaúba dos Batistas / RN / Brasil | Serra Negra do Norte / RN / Brasil","2026 / 3","confirmado","3","3","https://seridocine.com.br/regulamento","2026-10-04","confirmado na edição atual","confirmado na edição atual","confirmado na edição atual","confirmado na edição atual","confirmado na edição atual","confirmado na edição atual","confirmado na edição atual","confirmado na edição atual","confirmado na edição atual","confirmado na edição atual","confirmado na edição atual","confirmado na edição atual","não localizado","confirmado na edição atual","realização"
"festival-077","Festival Internacional de Cinema: Respira","Brasil","Bento Gonçalves / RS / Brasil | Montenegro / RS / Brasil | Caxias do Sul / RS / Brasil | Monte Belo do Sul / RS / Brasil | Cotiporã / RS / Brasil | Veranópolis / RS / Brasil | São Valentim do Sul / RS / Brasil","2025 / 1","edição anterior","4","0","https://grad.eba.ufmg.br/caad/wp-content/uploads/2025/03/REGULAMENTO-.pdf","2026-10-04","confirmado em edição anterior","não localizado","confirmado em edição anterior","confirmado em edição anterior","confirmado em edição anterior","confirmado em edição anterior","confirmado em edição anterior","confirmado em edição anterior","confirmado em edição anterior","pendente","confirmado em edição anterior","confirmado em edição anterior","confirmado em edição anterior","confirmado em edição anterior","localização | atividade | categorias | duração | elegibilidade territorial | produção/conclusão | estreia | exibição online | pessoa autorizada a inscrever | taxas | abertura | encerramento | realização | relevância"
"festival-078","Cine Pojichá — Festival de Cinema dos Vales do Mucuri e Jequitinhonha","Brasil","Teófilo Otoni / MG / Brasil | Ataléia / MG / Brasil | Águas Formosas / MG / Brasil","2026 / 12","parcial","1","0","https://www.incena.org/noticias/12a-edicao-cine-pojicha---festival-de-cinema-dos-vales-do-mucuri-e-jequitinhonha","2026-10-04","confirmado na edição atual","confirmado na edição atual","não localizado","não localizado","não localizado","não localizado","não localizado","não localizado","não localizado","não localizado","não localizado","não localizado","confirmado na edição atual","confirmado na edição atual","categorias | duração | elegibilidade territorial | produção/conclusão | estreia | exibição online | pessoa autorizada a inscrever | taxas | abertura | encerramento"
"festival-bonito","Bonito CineSur — Festival de Cinema Sul-Americano","Brasil","Bonito / MS / Brasil","2026 / 4","confirmado","6","6","https://bonitocinesur.com.br/2026/sobre-acerca/regulamento-reglamento/","2026-10-04","confirmado na edição atual","confirmado na edição atual","confirmado na edição atual","confirmado na edição atual","confirmado na edição atual","confirmado na edição atual","confirmado na edição atual","confirmado na edição atual","confirmado na edição atual","confirmado na edição atual","confirmado na edição atual","confirmado na edição atual","confirmado na edição atual","confirmado na edição atual",""
"festival-cimm","FestCiMM — Festival de Cinema no Meio do Mundo","Brasil","João Pessoa / PB / Brasil","2026 / 8","parcial","1","0","https://filmfreeway.com/FestCiMM","2026-10-04","confirmado na edição atual","confirmado na edição atual","confirmado na edição atual","não localizado","não localizado","confirmado na edição atual","confirmado na edição atual","confirmado na edição atual","não localizado","confirmado na edição atual","confirmado na edição atual","confirmado na edição atual","não localizado","confirmado na edição atual","duração | elegibilidade territorial | pessoa autorizada a inscrever | realização"
"festival-diamantina","CineDiamante — Festival de Cinema de Diamantina","Brasil","Diamantina / MG / Brasil","2025 / 2","edição anterior","3","0","https://cinediamante.com.br/convocatoria","2026-10-04","confirmado em edição anterior","não localizado","confirmado em edição anterior","confirmado em edição anterior","confirmado em edição anterior","confirmado em edição anterior","confirmado em edição anterior","pendente","confirmado em edição anterior","confirmado em edição anterior","confirmado em edição anterior","confirmado em edição anterior","confirmado em edição anterior","confirmado em edição anterior","localização | atividade | categorias | duração | elegibilidade territorial | produção/conclusão | estreia | exibição online | pessoa autorizada a inscrever | taxas | abertura | encerramento | realização | relevância"
"festival-sinedoque","Sinédoque — Festival Nacional de Documentários Curtos","Brasil","Rio de Janeiro / RJ / Brasil","2026 / 6","parcial","1","0","https://www.sinedoque.com.br/regulamento","2026-10-04","confirmado na edição atual","confirmado na edição atual","confirmado na edição atual","confirmado na edição atual","confirmado na edição atual","confirmado na edição atual","confirmado na edição atual","confirmado na edição atual","confirmado na edição atual","confirmado na edição atual","não localizado","não localizado","informação conflitante","confirmado na edição atual","abertura | encerramento | realização"
"festival-contagem","Festival de Cinema de Contagem","Brasil","Contagem / MG / Brasil","2025 / 1","edição anterior","2","0","https://portal.contagem.mg.gov.br/portal/noticias/0/3/81476/mais-cultura-inscricoes-abertas-para-o-1-festival-de-cinema-de-contagem-vao-ate-23-de-maio","2026-10-04","confirmado em edição anterior","não localizado","confirmado em edição anterior","confirmado em edição anterior","confirmado em edição anterior","pendente","confirmado em edição anterior","pendente","confirmado em edição anterior","confirmado em edição anterior","pendente","confirmado em edição anterior","pendente","confirmado em edição anterior","localização | atividade | categorias | duração | elegibilidade territorial | produção/conclusão | estreia | exibição online | pessoa autorizada a inscrever | taxas | abertura | encerramento | realização | relevância"
"festival-finos","Festival de Finos Filmes","Brasil","São Paulo / SP / Brasil","2026 / 13","confirmado","2","2","https://filmmakers.festhome.com/pt/festival/festival-de-finos-filmes","2026-10-04","confirmado na edição atual","confirmado na edição atual","confirmado na edição atual","confirmado na edição atual","confirmado na edição atual","confirmado na edição atual","confirmado na edição atual","confirmado na edição atual","confirmado na edição atual","confirmado na edição atual","confirmado na edição atual","confirmado na edição atual","confirmado na edição atual","confirmado na edição atual",""
"festival-san","Semana do Audiovisual Negro","Brasil","Recife / PE / Brasil","2026 / 5","parcial","1","0","https://revistacontinente.com.br/secoes/agenda/semana-do-audiovisual-negro-exibe-mais-de-40-obras-de-curta-metragem","2026-10-04","confirmado na edição atual","confirmado na edição atual","confirmado na edição atual","não localizado","não localizado","não localizado","não localizado","não localizado","não localizado","não localizado","não localizado","não localizado","confirmado na edição atual","confirmado na edição atual","duração | elegibilidade territorial | produção/conclusão | estreia | exibição online | pessoa autorizada a inscrever | taxas | abertura | encerramento"
"festival-cinegro","Cinegro — Festival de Cinema Negro","Brasil","Campinas / SP / Brasil","2025","edição anterior","1","0","https://www.tvcamaracampinas.com.br/videos/conexao-cultural-cinegro-2025-festival-de-cinema-negro-ocupa-o-mis-kChpHPup6lQ","2026-10-04","confirmado em edição anterior","confirmado em edição anterior","confirmado em edição anterior","pendente","pendente","pendente","pendente","pendente","pendente","pendente","pendente","pendente","pendente","confirmado em edição anterior","localização | atividade | categorias | duração | elegibilidade territorial | produção/conclusão | estreia | exibição online | pessoa autorizada a inscrever | taxas | abertura | encerramento | realização | relevância"
"festival-missoes","Mostra de Cinema das Missões","Brasil","São Miguel das Missões / RS / Brasil","2026","parcial","1","0","https://filmfreeway.com/cinemissoes","2026-10-04","confirmado na edição atual","confirmado na edição atual","informação conflitante","informação conflitante","informação conflitante","informação conflitante","informação conflitante","informação conflitante","informação conflitante","confirmado na edição atual","confirmado na edição atual","confirmado na edição atual","confirmado na edição atual","confirmado na edição atual","categorias | duração | elegibilidade territorial | produção/conclusão | estreia | exibição online | pessoa autorizada a inscrever"
"festival-maff","MAFF — Macaé Film Festival","Brasil","Macaé / RJ / Brasil","2026 / 1","parcial","3","0","https://www.macae.rj.gov.br/noticias/leitura/noticia/macae-film-festival-alcanca-250-producoes-no-primeiro-dia-de-inscricao","2026-10-04","confirmado na edição atual","confirmado na edição atual","confirmado na edição atual","não localizado","confirmado na edição atual","confirmado na edição atual","não localizado","não localizado","não localizado","não localizado","não localizado","confirmado na edição atual","confirmado na edição atual","confirmado na edição atual","duração | estreia | exibição online | pessoa autorizada a inscrever | taxas | abertura"
"festival-nicho","Festival Nicho","Brasil","São Paulo / SP / Brasil","2026 / 8","parcial","3","0","https://nicho54.com.br/","2026-10-04","confirmado na edição atual","confirmado na edição atual","confirmado na edição atual","confirmado na edição atual","confirmado na edição atual","confirmado na edição atual","confirmado na edição atual","confirmado na edição atual","confirmado na edição atual","confirmado na edição atual","não localizado","confirmado na edição atual","confirmado na edição atual","confirmado na edição atual","abertura"
"festival-portopostdoc","Porto/Post/Doc — Film & Media Festival","Portugal","Porto / PT-13 / Portugal","2026 / 13","confirmado","6","6","https://portopostdoc.com/assets/Uploads/PPD26-Rules-and-Regulations.pdf","2026-10-04","confirmado na edição atual","confirmado na edição atual","confirmado na edição atual","confirmado na edição atual","confirmado na edição atual","confirmado na edição atual","confirmado na edição atual","confirmado na edição atual","confirmado na edição atual","não localizado","não localizado","confirmado na edição atual","confirmado na edição atual","confirmado na edição atual","taxas | abertura"
"festival-femucine","FEMUCINE — Festival Multicultural de Cinema","Brasil","Brasília / DF / Brasil","2025 / 3","edição anterior","1","0","https://www.sinj.df.gov.br/sinj/TextoArquivoDiario.aspx?id_file=797edd0d-e9f3-32a2-9895-61b46062ae63","2026-10-04","confirmado em edição anterior","não localizado","confirmado em edição anterior","pendente","pendente","pendente","pendente","pendente","pendente","pendente","pendente","pendente","informação conflitante","confirmado em edição anterior","localização | atividade | categorias | duração | elegibilidade territorial | produção/conclusão | estreia | exibição online | pessoa autorizada a inscrever | taxas | abertura | encerramento | realização | relevância"
"festival-doclisboa","Doclisboa — Festival Internacional de Cinema","Portugal","Lisboa / PT-11 / Portugal","2026 / 24","confirmado","6","6","https://doclisboa.org/regulamento/","2026-10-04","confirmado na edição atual","confirmado na edição atual","confirmado na edição atual","informação conflitante","confirmado na edição atual","confirmado na edição atual","confirmado na edição atual","confirmado na edição atual","confirmado na edição atual","confirmado na edição atual","confirmado na edição atual","confirmado na edição atual","confirmado na edição atual","confirmado na edição atual","duração"
"festival-fronteira","Fronteira — Festival Internacional do Filme Documentário e Experimental","Brasil","Brasília / DF / Brasil","2023 / 5","edição anterior","2","0","https://www.fronteirafestival.com/doc/regulamento_vfff_pt_en.pdf","2026-10-04","confirmado em edição anterior","não localizado","confirmado em edição anterior","confirmado em edição anterior","confirmado em edição anterior","confirmado em edição anterior","confirmado em edição anterior","confirmado em edição anterior","confirmado em edição anterior","confirmado em edição anterior","confirmado em edição anterior","confirmado em edição anterior","confirmado em edição anterior","confirmado em edição anterior","localização | atividade | categorias | duração | elegibilidade territorial | produção/conclusão | estreia | exibição online | pessoa autorizada a inscrever | taxas | abertura | encerramento | realização | relevância"
"festival-cinecipo","Cinecipó — Festival do Filme Insurgente","Brasil","Belo Horizonte / MG / Brasil","2026 / 14","parcial","1","0","https://filmfreeway.com/cinecipo","2026-10-04","confirmado na edição atual","confirmado na edição atual","confirmado na edição atual","confirmado na edição atual","confirmado na edição atual","confirmado na edição atual","confirmado na edição atual","confirmado na edição atual","confirmado na edição atual","confirmado na edição atual","confirmado na edição atual","confirmado na edição atual","informação conflitante","confirmado na edição atual","realização"
"festival-pinhais","FESTCINE — Festival de Cinema de Pinhais","Brasil","Pinhais / PR / Brasil","2026 / 14","parcial","1","0","https://atendenet.pinhais.pr.gov.br/cidadao/noticia/14-festival-de-cinema-de-pinhais-divulga-filmes-vencedores-que-serao-exibidos-no-centro-cultural","2026-10-04","confirmado na edição atual","confirmado na edição atual","confirmado na edição atual","não localizado","não localizado","não localizado","não localizado","não localizado","não localizado","não localizado","não localizado","não localizado","confirmado na edição atual","confirmado na edição atual","duração | elegibilidade territorial | produção/conclusão | estreia | exibição online | pessoa autorizada a inscrever | taxas | abertura | encerramento"
"festival-mostrasp","Mostra Internacional de Cinema em São Paulo","Brasil","São Paulo / SP / Brasil","2026 / 50","confirmado","2","2","https://static.mostra.org/_uploads/371c67a471638a92.pdf?v=1775088994396","2026-10-04","confirmado na edição atual","confirmado na edição atual","confirmado na edição atual","confirmado na edição atual","confirmado na edição atual","confirmado na edição atual","confirmado na edição atual","confirmado na edição atual","confirmado na edição atual","não localizado","confirmado na edição atual","confirmado na edição atual","confirmado na edição atual","confirmado na edição atual","taxas"
"festival-noturno","Noturno — Festival Internacional de Cinema do Recife","Brasil","Recife / PE / Brasil","2026 / 2","parcial","1","0","https://www.noturnofestival.info/","2026-10-04","confirmado na edição atual","confirmado na edição atual","confirmado na edição atual","confirmado na edição atual","confirmado na edição atual","confirmado na edição atual","não localizado","não localizado","não localizado","não localizado","não localizado","confirmado na edição atual","confirmado na edição atual","confirmado na edição atual","estreia | exibição online | pessoa autorizada a inscrever | taxas | abertura"
"festival-arapiraca","Festival de Cinema de Arapiraca","Brasil","Arapiraca / AL / Brasil","2026 / 5","confirmado","4","4","https://festivaldecinemadearapiraca.com/home/regulamentoptbr/","2026-10-04","confirmado na edição atual","confirmado na edição atual","confirmado na edição atual","confirmado na edição atual","confirmado na edição atual","confirmado na edição atual","confirmado na edição atual","não localizado","confirmado na edição atual","não localizado","confirmado na edição atual","confirmado na edição atual","confirmado na edição atual","confirmado na edição atual","exibição online | taxas"
"festival-motriz","Motriz — Festival de Cinema de Planaltina","Brasil","Brasília / DF / Brasil","2024 / 3","edição anterior","1","0","https://www.cinemotriz.com.br/wp-content/uploads/2024/06/Regulamento-3o-Motriz-Festival-de-Cinema-de-Planaltina.pdf","2026-10-04","confirmado em edição anterior","não localizado","confirmado em edição anterior","confirmado em edição anterior","confirmado em edição anterior","confirmado em edição anterior","confirmado em edição anterior","confirmado em edição anterior","confirmado em edição anterior","confirmado em edição anterior","confirmado em edição anterior","confirmado em edição anterior","confirmado em edição anterior","confirmado em edição anterior","localização | atividade | categorias | duração | elegibilidade territorial | produção/conclusão | estreia | exibição online | pessoa autorizada a inscrever | taxas | abertura | encerramento | realização | relevância"
"festival-cinejardim","Cine Jardim — Festival Latino-Americano de Cinema de Belo Jardim","Brasil","Belo Jardim / PE / Brasil","2026 / 9","parcial","4","0","https://filmfreeway.com/CineJardim","2026-10-04","confirmado na edição atual","confirmado na edição atual","informação conflitante","confirmado na edição atual","confirmado na edição atual","confirmado na edição atual","confirmado na edição atual","não localizado","confirmado na edição atual","confirmado na edição atual","confirmado na edição atual","confirmado na edição atual","informação conflitante","confirmado na edição atual","categorias | exibição online | realização"
"festival-fecine","FECINE — Festival de Cinema do Nordeste Brasileiro","Brasil","Areia / PB / Brasil","2025 / 2","edição anterior","2","0","https://fecine.com.br/wp-content/uploads/2025/08/2-FECINE-Regulamento.pdf","2026-10-04","confirmado em edição anterior","não localizado","confirmado em edição anterior","confirmado em edição anterior","confirmado em edição anterior","informação conflitante","não localizado","não localizado","confirmado em edição anterior","não localizado","confirmado em edição anterior","confirmado em edição anterior","confirmado em edição anterior","confirmado em edição anterior","localização | atividade | categorias | duração | elegibilidade territorial | produção/conclusão | estreia | exibição online | pessoa autorizada a inscrever | taxas | abertura | encerramento | realização | relevância"
"festival-sundance","Sundance Film Festival","Estados Unidos","Boulder / US-CO / Estados Unidos","2027","confirmado","5","5","https://www.sundance.org/wp-content/uploads/2026/06/2027_Submissions_Rules.pdf","2026-10-04","confirmado na edição atual","confirmado na edição atual","confirmado na edição atual","confirmado na edição atual","confirmado na edição atual","confirmado na edição atual","confirmado na edição atual","confirmado na edição atual","confirmado na edição atual","confirmado na edição atual","confirmado na edição atual","confirmado na edição atual","confirmado na edição atual","confirmado na edição atual",""
"festival-indielisboa","IndieLisboa — Festival Internacional de Cinema","Portugal","Lisboa / PT-11 / Portugal","2027 / 24","confirmado","7","7","https://indielisboa.com/en/festival/rules-and-terms/","2026-10-04","confirmado na edição atual","confirmado na edição atual","confirmado na edição atual","confirmado na edição atual","confirmado na edição atual","confirmado na edição atual","confirmado na edição atual","confirmado na edição atual","confirmado na edição atual","confirmado na edição atual","confirmado na edição atual","confirmado na edição atual","confirmado na edição atual","confirmado na edição atual",""
"festival-lobofest","Lobo Fest — Festival Internacional de Filmes","Brasil","Brasília / DF / Brasil","2026 / 17","parcial","2","1","https://filmfreeway.com/LoboFestFestivalInternacionaldeFilmes","2026-10-04","confirmado na edição atual","confirmado na edição atual","confirmado na edição atual","confirmado na edição atual","confirmado na edição atual","confirmado na edição atual","confirmado na edição atual","confirmado na edição atual","confirmado na edição atual","não localizado","confirmado na edição atual","informação conflitante","confirmado na edição atual","confirmado na edição atual","taxas | encerramento"
"festival-estranhos","Estranhos Encontros — Festival Internacional de Cinema de São Paulo","Brasil","São Paulo / SP / Brasil","2026 / 2","confirmado","4","4","https://filmfreeway.com/estranhosencontros","2026-10-04","confirmado na edição atual","confirmado na edição atual","confirmado na edição atual","informação conflitante","confirmado na edição atual","confirmado na edição atual","confirmado na edição atual","confirmado na edição atual","confirmado na edição atual","confirmado na edição atual","confirmado na edição atual","confirmado na edição atual","confirmado na edição atual","confirmado na edição atual","duração"
"festival-cinedoscampos","Cine dos Campos — Festival de Cinema de Ponta Grossa","Brasil","Ponta Grossa / PR / Brasil","2025 / 2","edição anterior","2","0","https://www.cinedoscampos.com.br/inscri%C3%A7%C3%B5es","2026-10-04","confirmado em edição anterior","não localizado","confirmado em edição anterior","confirmado em edição anterior","confirmado em edição anterior","confirmado em edição anterior","confirmado em edição anterior","não localizado","não localizado","não localizado","confirmado em edição anterior","confirmado em edição anterior","confirmado em edição anterior","confirmado em edição anterior","localização | atividade | categorias | duração | elegibilidade territorial | produção/conclusão | estreia | exibição online | pessoa autorizada a inscrever | taxas | abertura | encerramento | realização | relevância"
"festival-idfa","IDFA — International Documentary Film Festival Amsterdam","Países Baixos","Amsterdam / NL-NH / Países Baixos","2026 / 39","confirmado","4","4","https://professionals.idfa.nl/program/festival-entries/festival-entry-regulations/","2026-10-04","confirmado na edição atual","confirmado na edição atual","confirmado na edição atual","informação conflitante","confirmado na edição atual","confirmado na edição atual","confirmado na edição atual","confirmado na edição atual","confirmado na edição atual","confirmado na edição atual","não localizado","confirmado na edição atual","confirmado na edição atual","confirmado na edição atual","duração | abertura"
"festival-iffr","IFFR — International Film Festival Rotterdam","Países Baixos","Rotterdam / NL-ZH / Países Baixos","2027 / 56","confirmado","2","2","https://iffr.com/en/iffr-pro-submissions/film-entry","2026-10-04","confirmado na edição atual","confirmado na edição atual","confirmado na edição atual","confirmado na edição atual","confirmado na edição atual","confirmado na edição atual","confirmado na edição atual","confirmado na edição atual","confirmado na edição atual","confirmado na edição atual","confirmado na edição atual","confirmado na edição atual","confirmado na edição atual","confirmado na edição atual",""
"festival-cphdox","CPH:DOX — Copenhagen International Documentary Film Festival","Dinamarca","Copenhagen / DK-84 / Dinamarca","2027","confirmado","3","3","https://cphdox.dk/rules-and-regulations/","2026-10-04","confirmado na edição atual","confirmado na edição atual","confirmado na edição atual","informação conflitante","confirmado na edição atual","confirmado na edição atual","confirmado na edição atual","confirmado na edição atual","confirmado na edição atual","confirmado na edição atual","confirmado na edição atual","confirmado na edição atual","confirmado na edição atual","confirmado na edição atual","duração"
"festival-oberhausen","Internationale Kurzfilmtage Oberhausen","Alemanha","Oberhausen / DE-NW / Alemanha","2027 / 73","confirmado","4","4","https://www.kurzfilmtage.de/en/festival/regulations/","2026-10-04","confirmado na edição atual","confirmado na edição atual","confirmado na edição atual","confirmado na edição atual","confirmado na edição atual","confirmado na edição atual","confirmado na edição atual","confirmado na edição atual","confirmado na edição atual","confirmado na edição atual","não localizado","confirmado na edição atual","confirmado na edição atual","confirmado na edição atual","abertura"
"festival-clermont","Clermont-Ferrand International Short Film Festival","França","Clermont-Ferrand / FR-ARA / França","2027 / 49","confirmado","3","3","https://www.lecourt-clermont.org/en/pros/submit-a-film/","2026-10-04","confirmado na edição atual","confirmado na edição atual","confirmado na edição atual","confirmado na edição atual","confirmado na edição atual","confirmado na edição atual","não localizado","não localizado","confirmado na edição atual","confirmado na edição atual","não localizado","confirmado na edição atual","confirmado na edição atual","confirmado na edição atual","estreia | exibição online | abertura"
"festival-visions","Visions du Réel","Suíça","Nyon / CH-VD / Suíça","2027 / 58","confirmado","6","6","https://www.visionsdureel.ch/wp-content/uploads/2026/09/VdR27_Regulations_EN-1.pdf","2026-10-04","confirmado na edição atual","confirmado na edição atual","confirmado na edição atual","informação conflitante","confirmado na edição atual","confirmado na edição atual","confirmado na edição atual","confirmado na edição atual","confirmado na edição atual","não localizado","não localizado","confirmado na edição atual","confirmado na edição atual","confirmado na edição atual","duração | taxas | abertura"
"festival-fid","FIDMarseille — Festival International de Cinéma","França","Marseille / FR-PAC / França","2026 / 37","confirmado","2","2","https://fidmarseille.org/en/festivals/festival-37/appel-a-films","2026-10-04","confirmado na edição atual","confirmado na edição atual","confirmado na edição atual","informação conflitante","confirmado na edição atual","confirmado na edição atual","não localizado","não localizado","confirmado na edição atual","confirmado na edição atual","não localizado","confirmado na edição atual","confirmado na edição atual","confirmado na edição atual","duração | estreia | exibição online | abertura"
"festival-dokleipzig","DOK Leipzig","Alemanha","Leipzig / DE-SN / Alemanha","2026 / 69","confirmado","2","2","https://www.dok-leipzig.de/en/film-submission-regulations","2026-10-04","confirmado na edição atual","confirmado na edição atual","confirmado na edição atual","confirmado na edição atual","confirmado na edição atual","confirmado na edição atual","confirmado na edição atual","confirmado na edição atual","confirmado na edição atual","informação conflitante","confirmado na edição atual","confirmado na edição atual","confirmado na edição atual","confirmado na edição atual","taxas"
"festival-hotdocs","Hot Docs Canadian International Documentary Festival","Canadá","Toronto / CA-ON / Canadá","2027","confirmado","3","3","https://hotdocs.ca/industry/submit/submit-a-film","2026-10-04","confirmado na edição atual","confirmado na edição atual","confirmado na edição atual","confirmado na edição atual","confirmado na edição atual","confirmado na edição atual","confirmado na edição atual","confirmado na edição atual","confirmado na edição atual","confirmado na edição atual","não localizado","confirmado na edição atual","confirmado na edição atual","confirmado na edição atual","abertura"
"festival-sheffield","Sheffield DocFest","Reino Unido","Sheffield / GB-ENG / Reino Unido","2026 / 33","parcial","2","0","https://cdn.sheffdocfest.com/news/2026-film-entries","2026-10-04","confirmado na edição atual","confirmado na edição atual","confirmado na edição atual","confirmado na edição atual","não localizado","não localizado","não localizado","não localizado","não localizado","confirmado na edição atual","não localizado","confirmado na edição atual","confirmado na edição atual","confirmado na edição atual","elegibilidade territorial | produção/conclusão | estreia | exibição online | pessoa autorizada a inscrever | abertura"
"festival-docsbarcelona","DocsBarcelona","Espanha","Barcelona / ES-CT / Espanha","2027 / 30","confirmado","2","2","https://drive.google.com/file/d/1iBAYvBLkBm0wn30aI5HLU6Mr1X4k6w5B/view","2026-10-04","confirmado na edição atual","confirmado na edição atual","confirmado na edição atual","informação conflitante","confirmado na edição atual","confirmado na edição atual","confirmado na edição atual","confirmado na edição atual","confirmado na edição atual","confirmado na edição atual","confirmado na edição atual","confirmado na edição atual","confirmado na edição atual","confirmado na edição atual","duração"
"festival-jihlava","Ji.hlava International Documentary Film Festival","Tchéquia","Jihlava / CZ-63 / Tchéquia","2026 / 30","confirmado","6","6","https://www.ji-hlava.com/media/editor/soubory/downloads/2026/submissions/Guidelines-and-Conditions-Ji.hlava%20idff%202026.pdf","2026-10-04","confirmado na edição atual","confirmado na edição atual","confirmado na edição atual","confirmado na edição atual","confirmado na edição atual","não localizado","confirmado na edição atual","confirmado na edição atual","confirmado na edição atual","confirmado na edição atual","confirmado na edição atual","confirmado na edição atual","confirmado na edição atual","confirmado na edição atual","produção/conclusão"
"festival-curtaspt","Curtas Vila do Conde — Festival Internacional de Cinema","Portugal","Vila do Conde / PT-13 / Portugal","2027 / 35","parcial","7","0","https://www.festival.curtas.pt/info/call-for-entries/","2026-10-04","confirmado na edição atual","confirmado na edição atual","confirmado na edição atual","confirmado na edição atual","confirmado na edição atual","confirmado na edição atual","não localizado","não localizado","não localizado","confirmado na edição atual","confirmado na edição atual","confirmado na edição atual","confirmado na edição atual","confirmado na edição atual","estreia | exibição online | pessoa autorizada a inscrever"
"festival-tampere","Tampere Film Festival","Finlândia","Tampere / FI-11 / Finlândia","2027 / 57","confirmado","4","4","https://tamperefilmfestival.fi/en/industry/competitions/","2026-10-04","confirmado na edição atual","confirmado na edição atual","confirmado na edição atual","confirmado na edição atual","confirmado na edição atual","confirmado na edição atual","confirmado na edição atual","confirmado na edição atual","confirmado na edição atual","confirmado na edição atual","não localizado","confirmado na edição atual","confirmado na edição atual","confirmado na edição atual","abertura"
"festival-uppsala","Uppsala Short Film Festival","Suécia","Uppsala / SE-C / Suécia","2026","parcial","2","2","https://shortfilmfestival.com/en/anmala-film/","2026-10-04","confirmado na edição atual","informação conflitante","confirmado na edição atual","confirmado na edição atual","confirmado na edição atual","confirmado na edição atual","não localizado","não localizado","não localizado","confirmado na edição atual","confirmado na edição atual","confirmado na edição atual","confirmado na edição atual","confirmado na edição atual","atividade | estreia | exibição online | pessoa autorizada a inscrever"
"festival-encounters","Encounters Film Festival","Reino Unido","Bristol / GB-ENG / Reino Unido","2027","parcial","5","5","https://filmfreeway.com/EncountersFilmFestival","2026-10-04","confirmado na edição atual","confirmado na edição atual","confirmado na edição atual","informação conflitante","confirmado na edição atual","confirmado na edição atual","confirmado na edição atual","confirmado na edição atual","confirmado na edição atual","confirmado na edição atual","confirmado na edição atual","confirmado na edição atual","confirmado na edição atual","confirmado na edição atual","duração"
"festival-winterthur","Internationale Kurzfilmtage Winterthur","Suíça","Winterthur / CH-ZH / Suíça","2026 / 30","confirmado","3","3","https://www.kurzfilmtage.ch/-downloads-/document/3973/ikw26_Competitons_Rules_and_Regulations_260121.pdf","2026-10-04","confirmado na edição atual","confirmado na edição atual","confirmado na edição atual","confirmado na edição atual","confirmado na edição atual","confirmado na edição atual","confirmado na edição atual","confirmado na edição atual","confirmado na edição atual","confirmado na edição atual","não localizado","confirmado na edição atual","confirmado na edição atual","confirmado na edição atual","abertura"
"festival-krakow","Krakow Film Festival","Polônia","Kraków / PL-12 / Polônia","2026 / 66","confirmado","4","4","https://www.krakowfilmfestival.pl/66-kff/regulamin-66-kff/","2026-10-04","confirmado na edição atual","confirmado na edição atual","confirmado na edição atual","confirmado na edição atual","confirmado na edição atual","confirmado na edição atual","confirmado na edição atual","confirmado na edição atual","confirmado na edição atual","confirmado na edição atual","não localizado","confirmado na edição atual","confirmado na edição atual","confirmado na edição atual","abertura"
"festival-goshort","Go Short — International Short Film Festival Nijmegen","Países Baixos","Nijmegen / NL-GE / Países Baixos","2027 / 19","parcial","5","2","https://www.goshort.nl/en/news-overview/call-for-entry-go-short-2027","2026-10-04","confirmado na edição atual","informação conflitante","confirmado na edição atual","confirmado na edição atual","confirmado na edição atual","confirmado na edição atual","não localizado","não localizado","confirmado na edição atual","confirmado na edição atual","não localizado","confirmado na edição atual","confirmado na edição atual","confirmado na edição atual","atividade | estreia | exibição online | abertura"
"festival-viennashorts","Vienna Shorts","Áustria","Vienna / AT-9 / Áustria","2027 / 24","confirmado","5","5","https://www.viennashorts.com/assets/media/SubmissionTerms_ViennaShorts2027.pdf","2026-10-04","confirmado na edição atual","confirmado na edição atual","confirmado na edição atual","confirmado na edição atual","confirmado na edição atual","confirmado na edição atual","confirmado na edição atual","confirmado na edição atual","confirmado na edição atual","confirmado na edição atual","não localizado","confirmado na edição atual","confirmado na edição atual","confirmado na edição atual","abertura"
"festival-palmsprings","Palm Springs International ShortFest","Estados Unidos","Palm Springs / US-CA / Estados Unidos","2027","confirmado","3","3","https://filmfreeway.com/PalmSpringsInternationalShortFest","2026-10-04","confirmado na edição atual","confirmado na edição atual","confirmado na edição atual","confirmado na edição atual","confirmado na edição atual","confirmado na edição atual","confirmado na edição atual","confirmado na edição atual","confirmado na edição atual","confirmado na edição atual","confirmado na edição atual","confirmado na edição atual","confirmado na edição atual","confirmado na edição atual",""
"festival-aspen","Aspen Shortsfest","Estados Unidos","Aspen / US-CO / Estados Unidos","2027","confirmado","5","5","https://filmfreeway.com/AspenShortsfest","2026-10-04","confirmado na edição atual","confirmado na edição atual","confirmado na edição atual","confirmado na edição atual","confirmado na edição atual","confirmado na edição atual","confirmado na edição atual","confirmado na edição atual","confirmado na edição atual","confirmado na edição atual","confirmado na edição atual","confirmado na edição atual","confirmado na edição atual","confirmado na edição atual",""
"festival-cannes","Festival de Cannes","França","Cannes / FR-06 / França","2026 / 79","confirmado","2","2","https://www.festival-cannes.com/en/take-part/submit-a-film/","2026-10-04","confirmado na edição atual","confirmado na edição atual","confirmado na edição atual","informação conflitante","confirmado na edição atual","confirmado na edição atual","confirmado na edição atual","confirmado na edição atual","confirmado na edição atual","não localizado","não localizado","confirmado na edição atual","confirmado na edição atual","confirmado na edição atual","duração | taxas | abertura"
"festival-berlinale","Berlinale — Berlin International Film Festival","Alemanha","Berlin / DE-BE / Alemanha","2027 / 77","parcial","3","0","https://www.berlinale.de/en/film-entry/guidelines.html","2026-10-04","confirmado na edição atual","confirmado na edição atual","confirmado na edição atual","confirmado na edição atual","pendente","confirmado na edição atual","informação conflitante","não localizado","não localizado","informação conflitante","não localizado","confirmado na edição atual","confirmado na edição atual","confirmado na edição atual","elegibilidade territorial | estreia | exibição online | pessoa autorizada a inscrever | taxas | abertura"
"festival-locarno","Locarno Film Festival","Suíça","Locarno / CH-TI / Suíça","2026 / 79","parcial","2","0","https://www.locarnofestival.ch/Film-Submission.html","2026-10-04","confirmado na edição atual","confirmado na edição atual","confirmado na edição atual","confirmado na edição atual","confirmado na edição atual","não localizado","não localizado","não localizado","não localizado","confirmado na edição atual","não localizado","não localizado","confirmado na edição atual","confirmado na edição atual","produção/conclusão | estreia | exibição online | pessoa autorizada a inscrever | abertura | encerramento"
"festival-venezia","Mostra Internazionale d'Arte Cinematografica di Venezia","Itália","Lido di Venezia / IT-VE / Itália","2026 / 83","confirmado","2","2","https://static.labiennale.org/files/cinema/2026/Documenti/regulations-83.pdf","2026-10-04","confirmado na edição atual","confirmado na edição atual","confirmado na edição atual","confirmado na edição atual","confirmado na edição atual","confirmado na edição atual","confirmado na edição atual","confirmado na edição atual","confirmado na edição atual","confirmado na edição atual","não localizado","confirmado na edição atual","confirmado na edição atual","confirmado na edição atual","abertura"
"festival-sansebastian","Festival Internacional de Cine de San Sebastián","Espanha","Donostia / San Sebastián / ES-PV / Espanha","2026 / 74","confirmado","3","3","https://www.sansebastianfestival.com/2026/film_registration/rules_and_regulations/1/23002/in","2026-10-04","confirmado na edição atual","confirmado na edição atual","confirmado na edição atual","confirmado na edição atual","confirmado na edição atual","confirmado na edição atual","confirmado na edição atual","confirmado na edição atual","confirmado na edição atual","confirmado na edição atual","confirmado na edição atual","confirmado na edição atual","confirmado na edição atual","confirmado na edição atual",""
"festival-tiff","Toronto International Film Festival","Canadá","Toronto / CA-ON / Canadá","2026 / 51","confirmado","5","5","https://filmfreeway.com/TIFF","2026-10-04","confirmado na edição atual","confirmado na edição atual","confirmado na edição atual","confirmado na edição atual","confirmado na edição atual","confirmado na edição atual","confirmado na edição atual","confirmado na edição atual","confirmado na edição atual","confirmado na edição atual","confirmado na edição atual","confirmado na edição atual","confirmado na edição atual","confirmado na edição atual",""
"festival-tribeca","Tribeca Festival","Estados Unidos","New York / US-NY / Estados Unidos","2027 / 26","confirmado","4","4","https://d13jj08vfqimqg.cloudfront.net/uploads/document/document/1918/2027_Tribeca_Festival_Entry_Rules___Regulations_v2.pdf","2026-10-04","confirmado na edição atual","confirmado na edição atual","confirmado na edição atual","confirmado na edição atual","confirmado na edição atual","confirmado na edição atual","confirmado na edição atual","confirmado na edição atual","confirmado na edição atual","confirmado na edição atual","confirmado na edição atual","confirmado na edição atual","confirmado na edição atual","confirmado na edição atual",""
"festival-sxsw","SXSW Film & TV Festival","Estados Unidos","Austin / US-TX / Estados Unidos","2027","confirmado","4","4","https://sxsw.com/film-submissions/","2026-10-04","confirmado na edição atual","confirmado na edição atual","confirmado na edição atual","informação conflitante","confirmado na edição atual","confirmado na edição atual","confirmado na edição atual","confirmado na edição atual","confirmado na edição atual","confirmado na edição atual","confirmado na edição atual","confirmado na edição atual","confirmado na edição atual","confirmado na edição atual","duração"
"festival-gent","Film Fest Gent","Bélgica","Ghent / BE-VOV / Bélgica","2026 / 53","parcial","3","2","https://www.filmfestival.be/volumes/general/PDFs/01.-General-rules-2026.pdf?v=1767609765","2026-10-04","confirmado na edição atual","informação conflitante","confirmado na edição atual","confirmado na edição atual","confirmado na edição atual","não localizado","confirmado na edição atual","confirmado na edição atual","confirmado na edição atual","confirmado na edição atual","não localizado","confirmado na edição atual","confirmado na edição atual","confirmado na edição atual","atividade | produção/conclusão | abertura"
"festival-leuven","Kortfilmfestival Leuven — Leuven International Short Film Festival","Bélgica","Leuven / BE-VBR / Bélgica","2026","parcial","4","4","https://filmfreeway.com/LeuvenInternationalShortFilmFestival","2026-10-04","confirmado na edição atual","confirmado na edição atual","confirmado na edição atual","confirmado na edição atual","confirmado na edição atual","confirmado na edição atual","confirmado na edição atual","confirmado na edição atual","confirmado na edição atual","confirmado na edição atual","confirmado na edição atual","informação conflitante","confirmado na edição atual","confirmado na edição atual","encerramento"
"festival-courtsdevant","Paris Courts Devant","França","Paris / FR-75 / França","2026 / 20","parcial","1","0","https://www.courtsdevant.com/2025/05/06/reglement-appel-a-films-2025/","2026-10-04","confirmado na edição atual","informação conflitante","confirmado na edição atual","confirmado na edição atual","confirmado na edição atual","confirmado na edição atual","confirmado na edição atual","confirmado na edição atual","confirmado na edição atual","não localizado","não localizado","não localizado","confirmado na edição atual","confirmado na edição atual","atividade | taxas | abertura | encerramento"
"festival-brive","Festival du Cinéma de Brive — Rencontres Internationales du Moyen Métrage","França","Brive-la-Gaillarde / FR-19 / França","2026 / 23","confirmado","1","1","https://festivalcinemabrive.fr/wp-content/uploads/2025/06/NEW-Compet_reglement_2026.pdf","2026-10-04","confirmado na edição atual","confirmado na edição atual","confirmado na edição atual","confirmado na edição atual","confirmado na edição atual","confirmado na edição atual","confirmado na edição atual","confirmado na edição atual","confirmado na edição atual","informação conflitante","confirmado na edição atual","confirmado na edição atual","confirmado na edição atual","confirmado na edição atual","taxas"
"festival-beldocs","Beldocs International Documentary Film Festival","Sérvia","Belgrade / RS-00 / Sérvia","2027 / 20","confirmado","4","4","https://www.beldocs.rs/en/festival-en/submit/","2026-10-04","confirmado na edição atual","confirmado na edição atual","confirmado na edição atual","confirmado na edição atual","confirmado na edição atual","confirmado na edição atual","confirmado na edição atual","confirmado na edição atual","confirmado na edição atual","confirmado na edição atual","confirmado na edição atual","confirmado na edição atual","confirmado na edição atual","confirmado na edição atual",""
"festival-docudays","Docudays UA International Human Rights Documentary Film Festival","Ucrânia","Kyiv / UA-30 / Ucrânia","2027 / 24","confirmado","3","3","https://docudays.ua/eng/regulations/","2026-10-04","confirmado na edição atual","confirmado na edição atual","confirmado na edição atual","confirmado na edição atual","confirmado na edição atual","confirmado na edição atual","confirmado na edição atual","confirmado na edição atual","confirmado na edição atual","confirmado na edição atual","confirmado na edição atual","confirmado na edição atual","confirmado na edição atual","confirmado na edição atual",""
"festival-oneworld","One World — International Human Rights Documentary Film Festival","Tchéquia","Prague / CZ-10 / Tchéquia | Brussels / BE-BRU / Bélgica","2027 / 29","confirmado","3","3","https://my.oneworld.cz/film-submission/","2026-10-04","confirmado na edição atual","confirmado na edição atual","confirmado na edição atual","não localizado","confirmado na edição atual","confirmado na edição atual","confirmado na edição atual","confirmado na edição atual","confirmado na edição atual","não localizado","confirmado na edição atual","confirmado na edição atual","confirmado na edição atual","confirmado na edição atual","duração | taxas"
"festival-valdivia","Festival Internacional de Cine de Valdivia","Chile","Valdivia / CL-LR / Chile","2026 / 33","parcial","3","0","https://ficvaldivia.cl/33-ficvaldivia-abre-su-convocatoria-2026-y-anuncia-an-incomplete-calendar-como-su-film-de-apertura/","2026-10-04","confirmado na edição atual","confirmado na edição atual","confirmado na edição atual","não localizado","confirmado na edição atual","confirmado na edição atual","confirmado na edição atual","não localizado","não localizado","não localizado","confirmado na edição atual","confirmado na edição atual","informação conflitante","confirmado na edição atual","duração | exibição online | pessoa autorizada a inscrever | taxas | realização"
"festival-guadalajara","Festival Internacional de Cine en Guadalajara","México","Guadalajara / MX-JAL / México","2027 / 42","confirmado","4","4","https://ficg.mx/reglamento-ficg/","2026-10-04","confirmado na edição atual","confirmado na edição atual","confirmado na edição atual","confirmado na edição atual","confirmado na edição atual","confirmado na edição atual","confirmado na edição atual","confirmado na edição atual","confirmado na edição atual","confirmado na edição atual","confirmado na edição atual","confirmado na edição atual","confirmado na edição atual","confirmado na edição atual",""
"festival-morelia","Festival Internacional de Cine de Morelia","México","Morelia / MX-MIC / México","2026 / 24","confirmado","3","3","https://moreliafilmfest.com/en/node/103863","2026-10-04","confirmado na edição atual","confirmado na edição atual","confirmado na edição atual","confirmado na edição atual","confirmado na edição atual","confirmado na edição atual","confirmado na edição atual","confirmado na edição atual","confirmado na edição atual","confirmado na edição atual","confirmado na edição atual","confirmado na edição atual","confirmado na edição atual","confirmado na edição atual",""
"festival-guanajuato","Guanajuato International Film Festival","México","León / MX-GUA / México | San Miguel de Allende / MX-GUA / México | Irapuato / MX-GUA / México","2026 / 29","parcial","1","0","https://giff.mx/","2026-10-04","confirmado na edição atual","confirmado na edição atual","não localizado","não localizado","não localizado","não localizado","não localizado","não localizado","não localizado","não localizado","não localizado","não localizado","confirmado na edição atual","confirmado na edição atual","categorias | duração | elegibilidade territorial | produção/conclusão | estreia | exibição online | pessoa autorizada a inscrever | taxas | abertura | encerramento"
"festival-ambulante","Ambulante — Gira de Documentales","México","itinerante; sem sede fixa confirmada","2026","parcial","1","0","https://ambulante.org/","2026-10-04","confirmado na edição atual","confirmado na edição atual","confirmado na edição atual","não localizado","não localizado","não localizado","não localizado","não localizado","não localizado","não localizado","não localizado","não localizado","confirmado na edição atual","confirmado na edição atual","duração | elegibilidade territorial | produção/conclusão | estreia | exibição online | pessoa autorizada a inscrever | taxas | abertura | encerramento"
"festival-ficunam","FICUNAM — Festival Internacional de Cine UNAM","México","Ciudad de México / MX-CMX / México","2026 / 16","parcial","3","0","https://ficunam.unam.mx/convocatorias-ficunam-16/","2026-10-04","confirmado na edição atual","confirmado na edição atual","confirmado na edição atual","não localizado","confirmado na edição atual","não localizado","não localizado","não localizado","não localizado","não localizado","não localizado","não localizado","confirmado na edição atual","confirmado na edição atual","duração | produção/conclusão | estreia | exibição online | pessoa autorizada a inscrever | taxas | abertura | encerramento"
"festival-bafici","BAFICI — Buenos Aires Festival Internacional de Cine Independiente","Argentina","Buenos Aires / AR-C / Argentina","2027 / 28","parcial","1","0","https://bafici.org/","2026-10-04","confirmado na edição atual","confirmado na edição atual","confirmado na edição atual","não localizado","não localizado","não localizado","não localizado","não localizado","não localizado","não localizado","não localizado","não localizado","confirmado na edição atual","confirmado na edição atual","duração | elegibilidade territorial | produção/conclusão | estreia | exibição online | pessoa autorizada a inscrever | taxas | abertura | encerramento"
"festival-lima","Festival de Cine de Lima PUCP","Peru","Lima / PE-LMA / Peru","2026 / 30","parcial","2","1","https://festivaldelima.com/2025/convocatorialargometrajes.htm","2026-10-04","confirmado na edição atual","confirmado na edição atual","confirmado na edição atual","confirmado na edição atual","confirmado na edição atual","confirmado na edição atual","confirmado na edição atual","não localizado","confirmado na edição atual","confirmado na edição atual","confirmado na edição atual","confirmado na edição atual","confirmado na edição atual","confirmado na edição atual","exibição online"
"festival-vina","Festival Internacional de Cine de Viña del Mar","Chile","Viña del Mar / CL-VS / Chile","2026 / 38","parcial","1","0","https://cinevina.cl/ficvina-2026-abre-convocatoria-para-su-38-edicion-rumbo-a-sus-60-anos-como-primer-festival-latinoamericano/","2026-10-04","confirmado na edição atual","confirmado na edição atual","confirmado na edição atual","não localizado","confirmado na edição atual","não localizado","não localizado","não localizado","não localizado","não localizado","não localizado","não localizado","não localizado","confirmado na edição atual","duração | produção/conclusão | estreia | exibição online | pessoa autorizada a inscrever | taxas | abertura | encerramento | realização"
"festival-cartagena","Festival Internacional de Cine de Cartagena de Indias","Colômbia","Cartagena de Indias / CO-BOL / Colômbia","2027 / 66","parcial","3","0","https://www.ficcifestival.com/articulos/ficci-66-abre-su-convocatoria-oficial-para-peliculas-de-colombia-iberoamerica-y-el-mundo","2026-10-04","confirmado na edição atual","confirmado na edição atual","confirmado na edição atual","não localizado","confirmado na edição atual","não localizado","não localizado","não localizado","não localizado","não localizado","confirmado na edição atual","confirmado na edição atual","confirmado na edição atual","confirmado na edição atual","duração | produção/conclusão | estreia | exibição online | pessoa autorizada a inscrever | taxas"
"festival-habana","Festival Internacional del Nuevo Cine Latinoamericano","Cuba","La Habana / CU-03 / Cuba","2025 / 46","edição anterior","1","0","https://www.imcine.gob.mx/media/2025/7/la_habana_2025.pdf","2026-10-04","confirmado em edição anterior","não localizado","confirmado em edição anterior","confirmado em edição anterior","confirmado em edição anterior","confirmado em edição anterior","confirmado em edição anterior","confirmado em edição anterior","confirmado em edição anterior","confirmado em edição anterior","não localizado","não localizado","não localizado","confirmado em edição anterior","localização | atividade | categorias | duração | elegibilidade territorial | produção/conclusão | estreia | exibição online | pessoa autorizada a inscrever | taxas | abertura | encerramento | realização | relevância"
"festival-mardelplata","Festival Internacional de Cine de Mar del Plata","Argentina","Mar del Plata / AR-B / Argentina","2026 / 41","confirmado","3","3","https://mardelplatafilmfest.com/41/es/reglamento/","2026-10-04","confirmado na edição atual","confirmado na edição atual","confirmado na edição atual","confirmado na edição atual","confirmado na edição atual","confirmado na edição atual","confirmado na edição atual","confirmado na edição atual","confirmado na edição atual","confirmado na edição atual","confirmado na edição atual","confirmado na edição atual","confirmado na edição atual","confirmado na edição atual",""
"festival-docsmx","DocsMX — Festival Internacional de Cine Documental de la Ciudad de México","México","Ciudad de México / MX-CMX / México","2026 / 21","parcial","1","0","https://www.docsmx.org/","2026-10-04","confirmado na edição atual","confirmado na edição atual","confirmado na edição atual","não localizado","não localizado","não localizado","não localizado","não localizado","não localizado","não localizado","não localizado","não localizado","confirmado na edição atual","confirmado na edição atual","duração | elegibilidade territorial | produção/conclusão | estreia | exibição online | pessoa autorizada a inscrever | taxas | abertura | encerramento"
"festival-cali","Festival Internacional de Cine de Cali","Colômbia","Cali / CO-VAC / Colômbia","2026 / 18","parcial","1","0","https://ficcali.com/","2026-10-04","confirmado na edição atual","confirmado na edição atual","confirmado na edição atual","não localizado","não localizado","não localizado","não localizado","não localizado","não localizado","não localizado","não localizado","não localizado","confirmado na edição atual","confirmado na edição atual","duração | elegibilidade territorial | produção/conclusão | estreia | exibição online | pessoa autorizada a inscrever | taxas | abertura | encerramento"
"festival-fest","FEST — New Directors New Films Festival","Portugal","Espinho / PT-01 / Portugal","2027 / 23","confirmado","2","2","https://site.fest.pt/en/submissions/film-submissions/rules-and-regulations/","2026-10-04","confirmado na edição atual","confirmado na edição atual","confirmado na edição atual","confirmado na edição atual","confirmado na edição atual","confirmado na edição atual","confirmado na edição atual","confirmado na edição atual","confirmado na edição atual","confirmado na edição atual","confirmado na edição atual","confirmado na edição atual","confirmado na edição atual","confirmado na edição atual",""
"festival-doccoimbra","DOC.Coimbra — Festival Internacional de Documentário","Portugal","Coimbra / PT-06 / Portugal","2026","parcial","1","0","https://doccoimbra.com/","2026-10-04","confirmado na edição atual","confirmado na edição atual","confirmado na edição atual","não localizado","não localizado","não localizado","não localizado","não localizado","não localizado","não localizado","não localizado","não localizado","confirmado na edição atual","confirmado na edição atual","duração | elegibilidade territorial | produção/conclusão | estreia | exibição online | pessoa autorizada a inscrever | taxas | abertura | encerramento"
"festival-curtocircuito","Curtocircuíto — International Film Festival","Espanha","Santiago de Compostela / ES-GA / Espanha","2026","parcial","1","0","https://curtocircuito.org/","2026-10-04","confirmado na edição atual","confirmado na edição atual","confirmado na edição atual","não localizado","não localizado","não localizado","não localizado","não localizado","não localizado","não localizado","não localizado","não localizado","confirmado na edição atual","confirmado na edição atual","duração | elegibilidade territorial | produção/conclusão | estreia | exibição online | pessoa autorizada a inscrever | taxas | abertura | encerramento"
"festival-filmadrid","FILMADRID — Festival Internacional de Cine","Espanha","Madrid / ES-MD / Espanha","2026","parcial","1","0","https://filmadrid.com/en/","2026-10-04","confirmado na edição atual","confirmado na edição atual","confirmado na edição atual","não localizado","não localizado","não localizado","não localizado","não localizado","não localizado","não localizado","não localizado","não localizado","confirmado na edição atual","confirmado na edição atual","duração | elegibilidade territorial | produção/conclusão | estreia | exibição online | pessoa autorizada a inscrever | taxas | abertura | encerramento"
"festival-seminci","SEMINCI — Semana Internacional de Cine de Valladolid","Espanha","Valladolid / ES-CL / Espanha","2026 / 71","confirmado","2","2","https://www.seminci.com/wp-content/uploads/2026/04/71S-REGULATIONS_2026.pdf","2026-10-04","confirmado na edição atual","confirmado na edição atual","confirmado na edição atual","confirmado na edição atual","confirmado na edição atual","confirmado na edição atual","confirmado na edição atual","confirmado na edição atual","confirmado na edição atual","não localizado","não localizado","confirmado na edição atual","confirmado na edição atual","confirmado na edição atual","taxas | abertura"
"festival-zinebi","ZINEBI — Festival Internacional de Cine Documental y Cortometraje de Bilbao","Espanha","Bilbao / ES-PV / Espanha","2026 / 68","confirmado","1","1","https://zinebi.eus/assets/media/Z68-SFIC-Regulations-ENG.pdf","2026-10-04","confirmado na edição atual","confirmado na edição atual","confirmado na edição atual","confirmado na edição atual","confirmado na edição atual","confirmado na edição atual","confirmado na edição atual","não localizado","confirmado na edição atual","confirmado na edição atual","não localizado","confirmado na edição atual","confirmado na edição atual","informação conflitante","exibição online | abertura | relevância"
"festival-puntovista","Punto de Vista — Festival Internacional de Cine Documental de Navarra","Espanha","Pamplona / ES-NC / Espanha","2027 / 21","confirmado","1","1","https://puntodevistafestival.com/es/edicion-2027/seccion-oficial","2026-10-04","confirmado na edição atual","informação conflitante","confirmado na edição atual","confirmado na edição atual","confirmado na edição atual","confirmado na edição atual","confirmado na edição atual","confirmado na edição atual","não localizado","confirmado na edição atual","confirmado na edição atual","confirmado na edição atual","confirmado na edição atual","confirmado na edição atual","atividade | pessoa autorizada a inscrever"
"festival-documentamadrid","Documenta Madrid","Espanha","Madrid / ES-MD / Espanha","2026 / 23","parcial","2","2","https://www.documentamadrid.com/download-bases","2026-10-04","confirmado na edição atual","confirmado na edição atual","confirmado na edição atual","confirmado na edição atual","confirmado na edição atual","confirmado na edição atual","confirmado na edição atual","confirmado na edição atual","confirmado na edição atual","confirmado na edição atual","não localizado","informação conflitante","confirmado na edição atual","confirmado na edição atual","abertura | encerramento"
"festival-malaga","Festival de Málaga","Espanha","Málaga / ES-AN / Espanha","2027 / 30","confirmado","4","4","https://festivaldemalaga.com/Content/source/pdf/documentos/080e2b5eb0c7722729ffb0814e8b8b70.pdf","2026-10-04","confirmado na edição atual","confirmado na edição atual","confirmado na edição atual","confirmado na edição atual","confirmado na edição atual","confirmado na edição atual","confirmado na edição atual","confirmado na edição atual","confirmado na edição atual","confirmado na edição atual","confirmado na edição atual","confirmado na edição atual","confirmado na edição atual","confirmado na edição atual",""
"festival-alternativa","L'Alternativa — Festival de Cine Independiente de Barcelona","Espanha","Barcelona / ES-CT / Espanha","2026 / 33","confirmado","2","2","https://alternativa.cccb.org/2026/en/festival/information/festival-regulations","2026-10-04","confirmado na edição atual","confirmado na edição atual","confirmado na edição atual","confirmado na edição atual","confirmado na edição atual","confirmado na edição atual","confirmado na edição atual","confirmado na edição atual","confirmado na edição atual","confirmado na edição atual","confirmado na edição atual","confirmado na edição atual","confirmado na edição atual","confirmado na edição atual",""
"festival-playdoc","Play-Doc — Festival Internacional de Cine","Espanha","Tui / ES-GA / Espanha","2027 / 23","confirmado","1","1","https://www.play-doc.com/bases-de-participacion/","2026-10-04","confirmado na edição atual","confirmado na edição atual","confirmado na edição atual","confirmado na edição atual","confirmado na edição atual","não localizado","confirmado na edição atual","não localizado","não localizado","confirmado na edição atual","confirmado na edição atual","confirmado na edição atual","confirmado na edição atual","confirmado na edição atual","produção/conclusão | exibição online | pessoa autorizada a inscrever"
"festival-ficx","Festival Internacional de Cine de Gijón/Xixón","Espanha","Gijón / ES-AS / Espanha","2026 / 64","parcial","1","0","https://ficx.tv/convocatorias-2026/","2026-10-04","confirmado na edição atual","confirmado na edição atual","confirmado na edição atual","não localizado","não localizado","não localizado","não localizado","não localizado","não localizado","não localizado","não localizado","não localizado","confirmado na edição atual","confirmado na edição atual","duração | elegibilidade territorial | produção/conclusão | estreia | exibição online | pessoa autorizada a inscrever | taxas | abertura | encerramento"
"festival-slamdance","Slamdance Film Festival","Estados Unidos","Los Angeles / US-CA / Estados Unidos","2027","confirmado","3","3","https://slamdance.com/festival-submit/","2026-10-04","confirmado na edição atual","confirmado na edição atual","confirmado na edição atual","confirmado na edição atual","confirmado na edição atual","confirmado na edição atual","confirmado na edição atual","confirmado na edição atual","confirmado na edição atual","confirmado na edição atual","confirmado na edição atual","confirmado na edição atual","confirmado na edição atual","confirmado na edição atual",""
"festival-siff","Seattle International Film Festival","Estados Unidos","Seattle / US-WA / Estados Unidos","2027 / 53","confirmado","2","2","https://filmfreeway.com/SIFF","2026-10-04","confirmado na edição atual","confirmado na edição atual","confirmado na edição atual","confirmado na edição atual","confirmado na edição atual","confirmado na edição atual","confirmado na edição atual","confirmado na edição atual","confirmado na edição atual","confirmado na edição atual","confirmado na edição atual","confirmado na edição atual","confirmado na edição atual","confirmado na edição atual",""
"festival-sffilm","SFFILM — San Francisco International Film Festival","Estados Unidos","San Francisco / US-CA / Estados Unidos","2027 / 70","parcial","3","3","https://filmfreeway.com/SFFILMFestival","2026-10-04","confirmado na edição atual","informação conflitante","confirmado na edição atual","confirmado na edição atual","confirmado na edição atual","não localizado","não localizado","não localizado","não localizado","confirmado na edição atual","confirmado na edição atual","confirmado na edição atual","confirmado na edição atual","confirmado na edição atual","atividade | produção/conclusão | estreia | exibição online | pessoa autorizada a inscrever"
"festival-frameline","Frameline — San Francisco International LGBTQ+ Film Festival","Estados Unidos","San Francisco / US-CA / Estados Unidos | Berkeley / US-CA / Estados Unidos | Oakland / US-CA / Estados Unidos","2027 / 51","parcial","1","0","https://www.frameline.org/festival","2026-10-04","confirmado na edição atual","confirmado na edição atual","confirmado na edição atual","não localizado","não localizado","não localizado","não localizado","não localizado","não localizado","não localizado","confirmado na edição atual","confirmado na edição atual","confirmado na edição atual","confirmado na edição atual","duração | elegibilidade territorial | produção/conclusão | estreia | exibição online | pessoa autorizada a inscrever | taxas"
"festival-newfest","NewFest — New York LGBTQ+ Film Festival","Estados Unidos","New York / US-NY / Estados Unidos","2026 / 38","confirmado","2","2","https://filmfreeway.com/NewFest","2026-10-04","confirmado na edição atual","confirmado na edição atual","confirmado na edição atual","confirmado na edição atual","confirmado na edição atual","não localizado","confirmado na edição atual","confirmado na edição atual","confirmado na edição atual","confirmado na edição atual","confirmado na edição atual","confirmado na edição atual","confirmado na edição atual","confirmado na edição atual","produção/conclusão"
"festival-insideout","Inside Out Toronto 2SLGBTQ+ Film Festival","Canadá","Toronto / CA-ON / Canadá","2027 / 37","confirmado","3","3","https://insideout.ca/home/submissions/","2026-10-04","confirmado na edição atual","confirmado na edição atual","confirmado na edição atual","confirmado na edição atual","confirmado na edição atual","confirmado na edição atual","confirmado na edição atual","confirmado na edição atual","confirmado na edição atual","confirmado na edição atual","confirmado na edição atual","confirmado na edição atual","confirmado na edição atual","confirmado na edição atual",""
"festival-bfiflare","BFI Flare — London LGBTQIA+ Film Festival","Reino Unido","London / GB-LND / Reino Unido","2026 / 40","edição anterior","1","0","https://www.bfi.org.uk/news/40th-edition-bfi-flare-london-lgbtqia-film-festival-wraps","2026-10-04","confirmado em edição anterior","não localizado","confirmado em edição anterior","não localizado","não localizado","não localizado","não localizado","não localizado","não localizado","não localizado","não localizado","não localizado","confirmado em edição anterior","confirmado em edição anterior","localização | atividade | categorias | duração | elegibilidade territorial | produção/conclusão | estreia | exibição online | pessoa autorizada a inscrever | taxas | abertura | encerramento | realização | relevância"
"festival-nashville","Nashville Film Festival","Estados Unidos","Nashville / US-TN / Estados Unidos","2026 / 57","edição anterior","2","0","https://nashvillefilmfestival.org/2026-festival-entries/","2026-10-04","confirmado em edição anterior","não localizado","confirmado em edição anterior","confirmado em edição anterior","confirmado em edição anterior","confirmado em edição anterior","confirmado em edição anterior","confirmado em edição anterior","confirmado em edição anterior","confirmado em edição anterior","não localizado","não localizado","não localizado","confirmado em edição anterior","localização | atividade | categorias | duração | elegibilidade territorial | produção/conclusão | estreia | exibição online | pessoa autorizada a inscrever | taxas | abertura | encerramento | realização | relevância"
"festival-bogoshorts","BOGOSHORTS — Bogotá Short Film Festival","Colômbia","Bogotá / CO-DC / Colômbia","2026 / 24","confirmado","3","3","https://info.bogoshorts.com/sccs/prensa/2026/docs_2026/Reglamento_24BS_ESP.pdf","2026-10-04","confirmado na edição atual","confirmado na edição atual","confirmado na edição atual","confirmado na edição atual","confirmado na edição atual","confirmado na edição atual","confirmado na edição atual","confirmado na edição atual","confirmado na edição atual","confirmado na edição atual","confirmado na edição atual","confirmado na edição atual","confirmado na edição atual","confirmado na edição atual",""
"festival-blackqueer","Black Queer Festival","Brasil","Rio de Janeiro / RJ / Brasil | São Paulo / SP / Brasil","2026 / 2","parcial","5","4","https://filmfreeway.com/BlackQueerFestival","2026-10-04","confirmado na edição atual","informação conflitante","confirmado na edição atual","confirmado na edição atual","confirmado na edição atual","informação conflitante","confirmado na edição atual","confirmado na edição atual","confirmado na edição atual","confirmado na edição atual","confirmado na edição atual","informação conflitante","informação conflitante","confirmado na edição atual","atividade | produção/conclusão | encerramento | realização"
"festival-macacucine","MacacuCine — Festival Internacional de Cinema Escolar","Brasil","Cachoeiras de Macacu / RJ / Brasil","2026 / 18","confirmado","6","6","https://www.macacucine.com.br/inscricao","2026-10-04","confirmado na edição atual","confirmado na edição atual","confirmado na edição atual","confirmado na edição atual","confirmado na edição atual","não localizado","confirmado na edição atual","confirmado na edição atual","confirmado na edição atual","confirmado na edição atual","confirmado na edição atual","confirmado na edição atual","confirmado na edição atual","confirmado na edição atual","produção/conclusão"
"festival-fiacafi","FIACAFI — Festival Ibero-Americano e Africano de Cinema","Brasil","São Paulo / SP / Brasil | Salvador / BA / Brasil | Brasília / DF / Brasil | Porto Alegre / RS / Brasil | Rio de Janeiro / RJ / Brasil | Belo Horizonte / MG / Brasil","2027","parcial","4","2","https://www.fiacafi.com.br/","2026-10-04","confirmado na edição atual","confirmado na edição atual","confirmado na edição atual","confirmado na edição atual","confirmado na edição atual","confirmado na edição atual","confirmado na edição atual","não localizado","confirmado na edição atual","não localizado","confirmado na edição atual","confirmado na edição atual","informação conflitante","confirmado na edição atual","exibição online | taxas | realização"
"festival-recanto","Recanto do Cinema — Audiovisual na Periferia","Brasil","Brasília / DF / Brasil","2026 / 5","parcial","1","0","https://www.ifb.edu.br/attachments/article/48432/Edital_interno_RecantodoCinema.pdf","2026-10-04","confirmado na edição atual","confirmado na edição atual","não localizado","confirmado na edição atual","confirmado na edição atual","confirmado na edição atual","confirmado na edição atual","confirmado na edição atual","confirmado na edição atual","confirmado na edição atual","confirmado na edição atual","confirmado na edição atual","confirmado na edição atual","confirmado na edição atual","categorias"
"festival-sururu","Mostra Sururu de Cinema Alagoano","Brasil","Maceió / AL / Brasil","2026 / 17","confirmado","2","2","https://mostrasururu.com.br/","2026-10-04","confirmado na edição atual","confirmado na edição atual","confirmado na edição atual","confirmado na edição atual","confirmado na edição atual","confirmado na edição atual","confirmado na edição atual","confirmado na edição atual","confirmado na edição atual","confirmado na edição atual","confirmado na edição atual","confirmado na edição atual","confirmado na edição atual","confirmado na edição atual",""
"festival-cineop","CineOP — Mostra de Cinema de Ouro Preto","Brasil","Ouro Preto / MG / Brasil","2026 / 21","parcial","1","0","https://cineop.com.br/","2026-10-04","confirmado na edição atual","confirmado na edição atual","confirmado na edição atual","não localizado","não localizado","não localizado","não localizado","não localizado","não localizado","não localizado","não localizado","não localizado","confirmado na edição atual","confirmado na edição atual","duração | elegibilidade territorial | produção/conclusão | estreia | exibição online | pessoa autorizada a inscrever | taxas | abertura | encerramento"
"festival-cineverao","Cine Verão — Festival de Cinema da Cidade do Sol","Brasil","Natal / RN / Brasil","2025 / 6","edição anterior","2","0","https://magalzine.substack.com/p/cine-verao-encerra-inscricoes-nesta","2026-10-04","confirmado em edição anterior","não localizado","confirmado em edição anterior","confirmado em edição anterior","confirmado em edição anterior","confirmado em edição anterior","não localizado","não localizado","não localizado","confirmado em edição anterior","não localizado","confirmado em edição anterior","confirmado em edição anterior","confirmado em edição anterior","localização | atividade | categorias | duração | elegibilidade territorial | produção/conclusão | estreia | exibição online | pessoa autorizada a inscrever | taxas | abertura | encerramento | realização | relevância"
"festival-mataatlantica","Mata Atlântica Film Festival","Brasil","Curitiba / PR / Brasil | Pinhais / PR / Brasil | Matinhos / PR / Brasil","2026 / 5","confirmado","2","2","https://filmfreeway.com/mataatlanticafilmfestival","2026-10-04","confirmado na edição atual","confirmado na edição atual","confirmado na edição atual","não localizado","confirmado na edição atual","não localizado","não localizado","não localizado","confirmado na edição atual","confirmado na edição atual","confirmado na edição atual","confirmado na edição atual","confirmado na edição atual","confirmado na edição atual","duração | produção/conclusão | estreia | exibição online"
